health_region_code,year,measure_type,live_births,neonatal_deaths,infant_deaths,under5_deaths,maternal_deaths,neonatal_per_1000,infant_per_1000,under5_per_1000,maternal_per_100000
11001,2000,occurrence,4357,37,62,76,1,8.49208170759697,14.2299747532706,17.4431948588478,22.9515721826945
11001,2000,residence,4363,39,66,81,1,8.93880357552143,15.1272060508824,18.565207426083,22.9200091680037
11001,2005,occurrence,4355,28,38,51,0,6.42939150401837,8.7256027554535,11.7106773823192,0
11001,2005,residence,4388,36,53,67,1,8.20419325432999,12.0783956244303,15.2689152233364,22.7894257064722
11001,2010,occurrence,3746,28,35,40,0,7.47463961558996,9.34329951948745,10.6780565936999,0
11001,2010,residence,3801,39,54,60,0,10.2604577742699,14.2067876874507,15.785319652723,0
11001,2015,occurrence,3689,29,38,40,0,7.86120899972892,10.3008945513689,10.8430468961778,0
11001,2015,residence,3896,33,53,61,1,8.47022587268994,13.6036960985626,15.6570841889117,25.6673511293635
11002,2000,occurrence,3671,48,69,80,2,13.0754562789431,18.7959684009807,21.7924271315718,54.4810678289295
11002,2000,residence,3342,44,59,70,2,13.1657690005984,17.6540993417116,20.9455415918612,59.8444045481748
11002,2005,occurrence,3244,38,48,53,0,11.7139334155364,14.7965474722565,16.3378545006165,0
11002,2005,residence,2938,36,47,53,0,12.2532334921715,15.997277059224,18.0394826412526,0
11002,2010,occurrence,2624,18,24,28,3,6.85975609756098,9.14634146341463,10.6707317073171,114.329268292683
11002,2010,residence,2512,29,40,45,2,11.5445859872611,15.9235668789809,17.9140127388535,79.6178343949045
11002,2015,occurrence,2984,12,17,18,1,4.02144772117962,5.6970509383378,6.03217158176944,33.5120643431635
11002,2015,residence,2708,30,45,46,0,11.0782865583456,16.6174298375185,16.98670605613,0
11003,2000,occurrence,7539,112,161,178,2,14.8560817084494,21.355617455896,23.6105584294999,26.5287173365168
11003,2000,residence,7517,122,177,193,3,16.2298789410669,23.5466276440069,25.6751363575895,39.9095383796727
11003,2005,occurrence,5969,46,79,92,4,7.70648349807338,13.2350477466912,15.4129669961468,67.0128999832468
11003,2005,residence,5869,66,106,128,4,11.2455273470779,18.060998466519,21.8095075822116,68.1547111944113
11003,2010,occurrence,4377,29,45,54,0,6.62554260909299,10.2810143934202,12.3372172721042,0
11003,2010,residence,4568,58,90,102,5,12.6970227670753,19.7022767075306,22.3292469352014,109.457092819615
11003,2015,occurrence,5095,11,19,25,1,2.15897939156035,3.72914622178606,4.90677134445535,19.6270853778214
11003,2015,residence,5291,53,81,87,2,10.01701001701,15.3090153090153,16.4430164430164,37.8000378000378
11004,2000,occurrence,9862,230,312,359,2,23.3218414114784,31.6365848712229,36.4023524640032,20.2798620969377
11004,2000,residence,9934,229,308,355,1,23.0521441513992,31.0046305617073,35.7358566539159,10.0664384940608
11004,2005,occurrence,9317,209,291,341,10,22.4321133412043,31.233229580337,36.5997638724912,107.330685843083
11004,2005,residence,9365,161,220,259,9,17.1916711158569,23.4917245061399,27.6561665776829,96.1025093432995
11004,2010,occurrence,10199,223,322,369,12,21.8648887145799,31.5717227179135,36.1800176487891,117.658593979802
11004,2010,residence,9867,143,208,248,7,14.4927536231884,21.0803689064559,25.1342860038512,70.9435492044188
11004,2015,occurrence,11349,198,296,322,10,17.4464710547185,26.0815930919024,28.3725438364614,88.1134901753459
11004,2015,residence,10763,108,149,168,5,10.0343770324259,13.8437238688098,15.6090309393292,46.455449224194
11005,2000,occurrence,2962,38,52,59,0,12.829169480081,17.5557056043214,19.9189736664416,0
11005,2000,residence,3099,42,60,70,0,13.5527589545015,19.3610842207164,22.5879315908358,0
11005,2005,occurrence,2118,11,19,23,0,5.19357884796978,8.97072710103872,10.8593012275732,0
11005,2005,residence,2294,26,39,44,0,11.333914559721,17.0008718395815,19.180470793374,0
11005,2010,occurrence,2077,9,11,12,2,4.33317284545017,5.29610014443909,5.77756379393356,96.2927298988926
11005,2010,residence,2174,24,36,40,2,11.0395584176633,16.5593376264949,18.3992640294388,91.9963201471941
11005,2015,occurrence,1716,8,10,10,1,4.66200466200466,5.82750582750583,5.82750582750583,58.2750582750583
11005,2015,residence,2038,24,34,36,3,11.7762512266928,16.6830225711482,17.6643768400393,147.20314033366
11006,2000,occurrence,2445,21,34,40,0,8.58895705521472,13.9059304703477,16.359918200409,0
11006,2000,residence,2369,22,37,45,0,9.28661882650908,15.618404390038,18.9953566905867,0
11006,2005,occurrence,2366,18,26,32,1,7.60777683854607,10.989010989011,13.5249366018597,42.2654268808115
11006,2005,residence,2327,20,28,35,1,8.59475719810915,12.0326600773528,15.040825096691,42.9737859905458
11006,2010,occurrence,2208,24,28,35,1,10.8695652173913,12.6811594202899,15.8514492753623,45.2898550724638
11006,2010,residence,2201,36,45,51,0,16.356201726488,20.44525215811,23.1712857791913,0
11006,2015,occurrence,2503,7,11,14,0,2.7966440271674,4.39472632840591,5.5932880543348,0
11006,2015,residence,2466,21,30,33,1,8.51581508515815,12.1654501216545,13.38199513382,40.551500405515
11007,2000,occurrence,530,3,9,14,2,5.66037735849057,16.9811320754717,26.4150943396226,377.358490566038
11007,2000,residence,666,5,15,20,2,7.50750750750751,22.5225225225225,30.03003003003,300.3003003003
11007,2005,occurrence,766,15,21,23,0,19.5822454308094,27.4151436031332,30.0261096605744,0
11007,2005,residence,899,17,27,29,0,18.9098998887653,30.0333704115684,32.258064516129,0
11007,2010,occurrence,627,1,2,2,0,1.59489633173844,3.18979266347687,3.18979266347687,0
11007,2010,residence,712,5,6,8,0,7.02247191011236,8.42696629213483,11.2359550561798,0
11007,2015,occurrence,553,4,4,5,0,7.23327305605787,7.23327305605787,9.04159132007233,0
11007,2015,residence,752,7,12,14,1,9.30851063829787,15.9574468085106,18.6170212765957,132.978723404255
12001,2000,occurrence,1159,5,11,16,0,4.31406384814495,9.49094046591889,13.8050043140639,0
12001,2000,residence,1185,9,17,25,0,7.59493670886076,14.3459915611814,21.0970464135021,0
12001,2005,occurrence,1312,6,14,19,0,4.57317073170732,10.6707317073171,14.4817073170732,0
12001,2005,residence,1403,19,29,37,1,13.5424091233072,20.6699928724163,26.3720598717035,71.2758374910905
12001,2010,occurrence,1098,6,10,16,0,5.46448087431694,9.10746812386157,14.5719489981785,0
12001,2010,residence,1278,18,23,29,0,14.0845070422535,17.9968701095462,22.6917057902973,0
12001,2015,occurrence,1079,7,12,15,0,6.48748841519926,11.1214087117702,13.9017608897127,0
12001,2015,residence,1370,16,27,31,1,11.6788321167883,19.7080291970803,22.6277372262774,72.992700729927
12002,2000,occurrence,10197,175,289,341,5,17.1619103657939,28.3416691183682,33.4412081984898,49.0340296165539
12002,2000,residence,10104,170,280,324,6,16.8250197941409,27.7117973079968,32.0665083135392,59.3824228028504
12002,2005,occurrence,10589,138,244,297,6,13.0323921050146,23.0427802436491,28.0479743129663,56.6625743696289
12002,2005,residence,10302,122,217,265,5,11.8423607066589,21.0638710929917,25.7231605513493,48.534265191225
12002,2010,occurrence,10151,132,215,250,4,13.0036449610876,21.1801792926805,24.6281154566053,39.4049847305684
12002,2010,residence,9717,112,183,215,4,11.5261912112792,18.832973139858,22.1261706287949,41.1649686117114
12002,2015,occurrence,11050,126,213,236,7,11.4027149321267,19.2760180995475,21.3574660633484,63.3484162895928
12002,2015,residence,10336,96,157,178,6,9.28792569659443,15.1896284829721,17.2213622291022,58.0495356037152
12003,2000,occurrence,3972,87,175,204,2,21.9033232628399,44.0584088620342,51.3595166163142,50.3524672708963
12003,2000,residence,3937,89,179,211,2,22.6060452120904,45.4660909321819,53.5941071882144,50.8001016002032
12003,2005,occurrence,5931,48,116,147,2,8.09307030854831,19.5582532456584,24.7850278199292,33.7211262856179
12003,2005,residence,5777,50,119,152,2,8.65501125151463,20.5989267786048,26.3112342046045,34.6200450060585
12003,2010,occurrence,5734,50,74,87,2,8.71991628880363,12.9054761074294,15.1726543425183,34.8796651552145
12003,2010,residence,5500,51,81,97,2,9.27272727272727,14.7272727272727,17.6363636363636,36.3636363636364
12003,2015,occurrence,5547,52,83,96,3,9.37443663241392,14.963043086353,17.3066522444565,54.0832882639265
12003,2015,residence,5274,65,107,121,3,12.3246113007205,20.2882062950322,22.9427379598028,56.8828213879409
13001,2000,occurrence,44067,954,1423,1681,35,21.6488528831098,32.2917375814101,38.1464588013706,79.424512673883
13001,2000,residence,43967,923,1369,1609,33,20.9930174903905,31.1369891054655,36.5956285395865,75.0562922191644
13001,2005,occurrence,43384,510,863,1037,26,11.7554858934169,19.8921261294486,23.9028213166144,59.9299280840863
13001,2005,residence,43205,486,814,977,23,11.2486980673533,18.8404119893531,22.6131234810786,53.2345793310959
13001,2010,occurrence,45199,450,728,897,46,9.9559724772672,16.10655102989,19.8455718046859,101.772163100954
13001,2010,residence,44807,404,652,802,39,9.0164483228067,14.551297788292,17.8989889972549,87.039971433035
13001,2015,occurrence,49080,499,773,923,33,10.1670741646292,15.7497962510187,18.8060309698452,67.2371638141809
13001,2015,residence,48374,446,684,814,26,9.21982883367098,14.13982717989,16.8272212345475,53.7478810931492
13002,2000,occurrence,4920,42,92,118,3,8.53658536585366,18.6991869918699,23.9837398373984,60.9756097560976
13002,2000,residence,4977,54,116,149,3,10.8499095840868,23.3072131806309,29.9377134820173,60.2772754671489
13002,2005,occurrence,5866,30,59,75,1,5.11421752471872,10.0579611319468,12.7855438117968,17.0473917490624
13002,2005,residence,5927,41,82,101,2,6.91749620381306,13.8349924076261,17.0406613801249,33.7438839210393
13002,2010,occurrence,5269,38,59,71,2,7.21199468589865,11.1975706965269,13.4750427026001,37.9578667678876
13002,2010,residence,5385,53,88,105,7,9.84215413184772,16.3416898792943,19.4986072423398,129.990714948932
13002,2015,occurrence,5327,25,46,56,2,4.69307302421626,8.63525436455791,10.5124835742444,37.5445841937301
13002,2015,residence,5644,43,76,91,4,7.61871013465627,13.4656272147413,16.1233167965982,70.8717221828491
13003,2000,occurrence,2748,16,25,31,0,5.82241630276565,9.09752547307133,11.2809315866084,0
13003,2000,residence,2755,17,27,34,0,6.17059891107078,9.80036297640653,12.3411978221416,0
13003,2005,occurrence,3227,21,36,46,1,6.50759219088937,11.1558723272389,14.254725751472,30.9885342423303
13003,2005,residence,3312,30,51,66,1,9.05797101449275,15.3985507246377,19.9275362318841,30.1932367149758
13003,2010,occurrence,2806,27,28,36,0,9.62223806129722,9.97861724875267,12.8296507483963,0
13003,2010,residence,2983,35,44,54,1,11.733154542407,14.7502514247402,18.1025812939993,33.5232986925914
13003,2015,occurrence,3025,25,30,39,2,8.26446280991735,9.91735537190083,12.8925619834711,66.1157024793388
13003,2015,residence,3209,32,45,60,3,9.97195387971331,14.0230601433468,18.6974135244625,93.4870676223123
13004,2000,occurrence,2630,14,43,53,0,5.32319391634981,16.3498098859316,20.1520912547529,0
13004,2000,residence,2664,20,52,64,0,7.50750750750751,19.5195195195195,24.024024024024,0
13004,2005,occurrence,3318,29,51,67,1,8.74020494273659,15.370705244123,20.1928872814949,30.1386377335744
13004,2005,residence,3343,31,57,74,1,9.27310798683817,17.0505533951541,22.1358061621298,29.9132515704457
13004,2010,occurrence,3156,18,23,29,0,5.70342205323194,7.28770595690748,9.18884664131812,0
13004,2010,residence,3259,32,42,51,0,9.81896287204664,12.8873887695612,15.6489720773243,0
13004,2015,occurrence,2991,18,25,28,0,6.01805416248746,8.35840855901036,9.36141758609161,0
13004,2015,residence,3162,30,41,44,4,9.4876660341556,12.966476913346,13.9152435167615,126.502213788741
13005,2000,occurrence,4490,37,74,93,11,8.24053452115813,16.4810690423163,20.7126948775056,244.988864142539
13005,2000,residence,4459,37,75,95,11,8.29782462435524,16.8199147790985,21.305225386858,246.692083426777
13005,2005,occurrence,4963,48,80,106,1,9.67156961515213,16.1192826919202,21.3580495667943,20.1491033649003
13005,2005,residence,4947,48,86,115,2,9.70285021224985,17.3842732969476,23.2464119668486,40.428542551041
13005,2010,occurrence,4798,36,59,73,1,7.50312630262609,12.2967903293039,15.2146727803251,20.8420175072947
13005,2010,residence,4778,41,69,93,1,8.58099623273336,14.4411887819171,19.4642109669318,20.9292591042277
13005,2015,occurrence,4876,55,70,81,3,11.2797374897457,14.3560295324036,16.6119770303528,61.5258408531583
13005,2015,residence,4870,59,81,95,3,12.1149897330596,16.6324435318275,19.5071868583162,61.6016427104723
13006,2000,occurrence,1576,3,18,32,4,1.90355329949239,11.4213197969543,20.3045685279188,253.807106598985
13006,2000,residence,1592,3,19,38,4,1.88442211055276,11.9346733668342,23.8693467336683,251.256281407035
13006,2005,occurrence,2091,19,30,40,0,9.08656145384983,14.3472022955524,19.1296030607365,0
13006,2005,residence,2158,19,34,47,0,8.80444856348471,15.7553290083411,21.7794253938832,0
13006,2010,occurrence,2076,14,23,31,2,6.74373795761079,11.0789980732177,14.9325626204239,96.3391136801541
13006,2010,residence,2222,18,33,46,3,8.1008100810081,14.8514851485149,20.7020702070207,135.013501350135
13006,2015,occurrence,2170,22,29,34,3,10.1382488479263,13.3640552995392,15.668202764977,138.248847926267
13006,2015,residence,2386,28,47,53,4,11.7351215423303,19.6982397317687,22.2129086336966,167.644593461861
13007,2000,occurrence,1584,19,41,56,4,11.9949494949495,25.8838383838384,35.3535353535354,252.525252525253
13007,2000,residence,1646,19,42,56,4,11.543134872418,25.5164034021871,34.0218712029162,243.013365735115
13007,2005,occurrence,2811,37,81,116,4,13.1625755958734,28.8153681963714,41.2664532194948,142.298114549982
13007,2005,residence,2984,37,87,123,4,12.3994638069705,29.1554959785523,41.2198391420912,134.048257372654
13007,2010,occurrence,2349,40,69,87,3,17.0285227756492,29.3742017879949,37.037037037037,127.713920817369
13007,2010,residence,2604,43,76,94,4,16.5130568356375,29.1858678955453,36.0983102918587,153.609831029186
13007,2015,occurrence,2609,31,55,65,2,11.8819471061709,21.0808738980452,24.9137600613262,76.657723265619
13007,2015,residence,2933,34,60,74,2,11.5922263893624,20.4568700988749,25.2301397886123,68.1895669962496
13008,2000,occurrence,2418,25,45,61,1,10.339123242349,18.6104218362283,25.2274607113317,41.3564929693962
13008,2000,residence,2420,27,48,68,1,11.1570247933884,19.8347107438017,28.099173553719,41.3223140495868
13008,2005,occurrence,2953,42,65,77,2,14.222824246529,22.0115137148662,26.0751777853031,67.7277345072807
13008,2005,residence,2966,43,68,80,3,14.4976399190829,22.9265003371544,26.9723533378287,101.146325016858
13008,2010,occurrence,2910,39,60,74,2,13.4020618556701,20.6185567010309,25.4295532646048,68.7285223367698
13008,2010,residence,2911,39,60,74,2,13.3974579182412,20.611473720371,25.4208175884576,68.7049124012367
13008,2015,occurrence,3090,34,44,55,2,11.0032362459547,14.2394822006473,17.7993527508091,64.7249190938511
13008,2015,residence,3100,36,50,61,2,11.6129032258065,16.1290322580645,19.6774193548387,64.5161290322581
13009,2000,occurrence,3164,63,110,143,3,19.9115044247788,34.7661188369153,45.1959544879899,94.8166877370417
13009,2000,residence,3165,64,116,153,5,20.2211690363349,36.650868878357,48.3412322274882,157.977883096367
13009,2005,occurrence,4626,36,61,80,3,7.78210116731518,13.1863380890618,17.2935581495893,64.8508430609598
13009,2005,residence,4625,38,66,88,3,8.21621621621622,14.2702702702703,19.027027027027,64.8648648648649
13009,2010,occurrence,5214,41,107,148,9,7.86344457230533,20.5216724204066,28.3851169927119,172.612197928654
13009,2010,residence,5237,45,114,157,10,8.5927057475654,21.7681878938323,29.9789956081726,190.949016612564
13009,2015,occurrence,6363,95,148,188,3,14.9300644350149,23.2594688040233,29.5458117240295,47.1475719000472
13009,2015,residence,6401,100,161,206,4,15.6225589751601,25.1523199500078,32.1824714888299,62.4902359006405
14001,2000,occurrence,8904,84,154,209,6,9.43396226415094,17.2955974842767,23.4725965858041,67.3854447439353
14001,2000,residence,8504,94,164,219,6,11.0536218250235,19.2850423330198,25.7525870178739,70.555032925682
14001,2005,occurrence,9056,89,165,213,5,9.82773851590106,18.219964664311,23.5203180212014,55.2120141342756
14001,2005,residence,8510,83,154,201,5,9.75323149236193,18.096357226792,23.6192714453584,58.7544065804935
14001,2010,occurrence,9333,69,123,151,1,7.39312118289939,13.1790421086467,16.1791492553305,10.7146683810136
14001,2010,residence,8463,64,114,141,1,7.56233014297531,13.4704005671748,16.6607585962425,11.8161408483989
14001,2015,occurrence,10701,101,168,186,10,9.43837024577142,15.699467339501,17.3815531258761,93.4492103541725
14001,2015,residence,9952,98,161,182,8,9.84726688102894,16.177652733119,18.2877813504823,80.3858520900322
14002,2000,occurrence,796,11,12,16,0,13.8190954773869,15.0753768844221,20.1005025125628,0
14002,2000,residence,1240,13,17,22,0,10.4838709677419,13.7096774193548,17.741935483871,0
14002,2005,occurrence,527,5,6,10,0,9.4876660341556,11.3851992409867,18.9753320683112,0
14002,2005,residence,1184,12,21,27,0,10.1351351351351,17.7364864864865,22.8040540540541,0
14002,2010,occurrence,391,4,4,7,0,10.230179028133,10.230179028133,17.9028132992327,0
14002,2010,residence,1275,9,12,17,0,7.05882352941176,9.41176470588235,13.3333333333333,0
14002,2015,occurrence,708,16,21,26,1,22.5988700564972,29.6610169491525,36.7231638418079,141.242937853107
14002,2015,residence,1457,22,30,36,2,15.0995195607413,20.5902539464653,24.7083047357584,137.268359643102
15001,2000,occurrence,7092,78,129,153,1,10.9983079526227,18.1895093062606,21.5736040609137,14.1003948110547
15001,2000,residence,6672,90,147,176,2,13.4892086330935,22.0323741007194,26.378896882494,29.9760191846523
15001,2005,occurrence,7439,98,139,155,5,13.173813684635,18.6853071649415,20.8361338889636,67.2133351256889
15001,2005,residence,7578,109,167,189,7,14.383742412246,22.0374769068356,24.9406175771972,92.3726576933228
15001,2010,occurrence,7407,65,102,130,2,8.77548265154583,13.7707573916565,17.5509653030917,27.0014850816795
15001,2010,residence,7501,74,114,144,2,9.86535128649513,15.1979736035195,19.1974403412878,26.663111585122
15001,2015,occurrence,7716,68,101,111,2,8.81285640228098,13.0896837739762,14.3856920684292,25.9201658890617
15001,2015,residence,7811,72,108,120,4,9.21776981180387,13.8266547177058,15.3629496863398,51.2098322877993
15002,2000,occurrence,14501,162,237,280,4,11.1716433349424,16.3437004344528,19.3090131715054,27.584304530722
15002,2000,residence,13654,163,243,293,4,11.9378936575363,17.7969825692105,21.4589131390069,29.2954445583712
15002,2005,occurrence,16381,223,309,360,5,13.6133325193822,18.8633172577987,21.976680300348,30.5231670838166
15002,2005,residence,16006,226,311,362,6,14.1197051105835,19.4302136698738,22.616518805448,37.4859427714607
15002,2010,occurrence,14729,221,274,324,5,15.0044130626655,18.6027564668341,21.9974200556725,33.9466358883835
15002,2010,residence,14889,227,278,328,5,15.2461548794412,18.6715024514742,22.0296863456243,33.5818389415004
15002,2015,occurrence,15112,200,251,289,9,13.2345156167284,16.6093170989942,19.1238750661726,59.5553202752779
15002,2015,residence,15241,204,262,302,8,13.3849484941933,17.1904730660718,19.8149727708156,52.4899940948757
15003,2000,occurrence,11467,208,335,417,15,18.1390075869888,29.2142670271213,36.3652219412226,130.810150867707
15003,2000,residence,11625,219,358,446,16,18.8387096774194,30.7956989247312,38.3655913978495,137.634408602151
15003,2005,occurrence,14615,187,303,372,10,12.7950735545672,20.7321245295929,25.4533014026685,68.4228532329798
15003,2005,residence,14891,227,374,457,12,15.2441071788329,25.1158417836277,30.6896783291921,80.5855886105701
15003,2010,occurrence,14946,155,235,282,10,10.3706677371872,15.7232704402516,18.8679245283019,66.9075337883046
15003,2010,residence,15366,175,267,321,14,11.3887804243134,17.3760249902382,20.8902772354549,91.1102433945073
15003,2015,occurrence,16168,125,180,210,7,7.73132112815438,11.1331024245423,12.9886194952994,43.2953983176645
15003,2015,residence,16875,176,249,286,9,10.4296296296296,14.7555555555556,16.9481481481482,53.3333333333333
15004,2000,occurrence,4193,78,136,175,5,18.6024326258049,32.4350107321727,41.7362270450751,119.246362985929
15004,2000,residence,4184,83,148,189,5,19.8374760994264,35.3728489483748,45.1720841300191,119.502868068834
15004,2005,occurrence,8590,133,217,275,4,15.4831199068685,25.2619324796275,32.0139697322468,46.5657741559954
15004,2005,residence,8597,144,244,305,2,16.7500290799116,28.3819937187391,35.4774921484239,23.263929277655
15004,2010,occurrence,7523,108,146,172,3,14.3559750099694,19.4071514023661,22.8632194603217,39.8777083610262
15004,2010,residence,7525,108,161,191,3,14.3521594684385,21.3953488372093,25.3820598006645,39.8671096345515
15004,2015,occurrence,7558,65,94,115,2,8.60015877216195,12.4371526858957,15.2156655199788,26.4620269912675
15004,2015,residence,7391,72,104,130,2,9.74157759437153,14.0711676363144,17.588959545393,27.0599377621432
15006,2000,occurrence,40409,900,1194,1385,17,22.2722660793388,29.5478729985894,34.2745427998713,42.0698359276399
15006,2000,residence,39544,790,1016,1165,12,19.9777463079102,25.6928990491604,29.4608537325511,30.3459437588509
15006,2005,occurrence,38975,741,1130,1356,39,19.012187299551,28.9929441949968,34.7915330339962,100.064143681847
15006,2005,residence,36332,481,684,806,22,13.2390179456127,18.8263789496862,22.1843003412969,60.5526808323241
15006,2010,occurrence,38663,643,967,1148,30,16.6308874117373,25.0109924216952,29.6924708377519,77.5935649070171
15006,2010,residence,34465,402,568,652,9,11.6640069635862,16.4804874510373,18.9177426374583,26.1134484259394
15006,2015,occurrence,40886,609,879,1013,41,14.8950741084968,21.4988015457614,24.776207014626,100.278824047351
15006,2015,residence,32803,341,477,550,22,10.3953906654879,14.5413529250373,16.7667591378837,67.0670365515349
15007,2000,occurrence,4357,56,84,100,4,12.8528804223089,19.2793206334634,22.9515721826945,91.8062887307781
15007,2000,residence,4670,77,120,140,4,16.4882226980728,25.6959314775161,29.9785867237687,85.6531049250535
15007,2005,occurrence,4602,18,29,45,2,3.91134289439374,6.30160799652325,9.77835723598436,43.4593654932638
15007,2005,residence,5503,56,96,123,4,10.1762674904598,17.4450299836453,22.3514446665455,72.6876249318554
15007,2010,occurrence,4285,32,41,53,1,7.46791131855309,9.56826137689615,12.3687281213536,23.3372228704784
15007,2010,residence,5610,81,105,135,2,14.4385026737968,18.716577540107,24.0641711229947,35.650623885918
15007,2015,occurrence,3322,19,25,36,0,5.71944611679711,7.52558699578567,10.8368452739314,0
15007,2015,residence,6166,68,97,118,5,11.0282192669478,15.7314304249108,19.1372040220564,81.0898475510866
15008,2000,occurrence,12759,149,267,329,9,11.6780311936672,20.9264048906654,25.7857198840035,70.5384434516812
15008,2000,residence,12982,191,322,396,9,14.7126790941303,24.8035741796333,30.5037744569404,69.32676012941
15008,2005,occurrence,14422,90,146,173,4,6.24046595479129,10.1234225488836,11.995562335321,27.7354042435169
15008,2005,residence,15113,163,273,321,5,10.7854165288163,18.0639184807781,21.2399920598161,33.0840997816449
15008,2010,occurrence,13743,101,130,161,6,7.34919595430401,9.45936112930219,11.7150549370589,43.6585898275486
15008,2010,residence,14696,182,250,301,8,12.3843222645618,17.0114316820904,20.4817637452368,54.4365813826892
15008,2015,occurrence,12367,64,87,103,4,5.17506266677448,7.03485081264656,8.32861647934018,32.3441416673405
15008,2015,residence,14110,134,185,215,7,9.49681077250177,13.1112686038271,15.2374202693125,49.6102055279943
15009,2000,occurrence,7997,86,169,203,8,10.7540327622859,21.1329248468176,25.384519194698,100.037514067775
15009,2000,residence,8065,88,178,217,7,10.9113453192808,22.0706757594544,26.906385616863,86.7947923124613
15009,2005,occurrence,9209,106,156,191,0,11.5104788793572,16.9399500488652,20.7405798675209,0
15009,2005,residence,9277,132,191,235,5,14.228737738493,20.5885523337286,25.3314649132263,53.8967338579282
15009,2010,occurrence,9313,96,121,142,5,10.3081713733491,12.9925910018254,15.2475034897455,53.6883925695265
15009,2010,residence,9633,108,144,172,10,11.2114606041732,14.9486141388975,17.8552891103498,103.809820409011
15009,2015,occurrence,8410,64,88,95,5,7.60998810939358,10.4637336504162,11.2960760998811,59.4530321046373
15009,2015,residence,8927,78,117,130,6,8.73753780665397,13.106306709981,14.56256301109,67.2118292819536
15010,2000,occurrence,4140,56,101,133,3,13.5265700483092,24.3961352657005,32.1256038647343,72.463768115942
15010,2000,residence,4011,56,100,131,3,13.9616055846422,24.931438544004,32.6601844926452,74.794315632012
15010,2005,occurrence,5434,62,110,135,2,11.4096429885904,20.2429149797571,24.8435774751564,36.8052999631947
15010,2005,residence,5373,62,112,136,2,11.5391773683231,20.8449655685837,25.3117439047087,37.2231528010422
15010,2010,occurrence,3670,56,81,102,0,15.2588555858311,22.0708446866485,27.7929155313352,0
15010,2010,residence,3648,61,92,116,0,16.7214912280702,25.219298245614,31.7982456140351,0
15010,2015,occurrence,3910,37,44,57,2,9.46291560102302,11.2531969309463,14.5780051150895,51.150895140665
15010,2015,residence,3974,45,52,66,3,11.3236034222446,13.0850528434826,16.6079516859587,75.4906894816306
15011,2000,occurrence,9633,92,146,187,3,9.55050347762898,15.1562337797156,19.412436416485,31.1429461227032
15011,2000,residence,9993,123,194,246,4,12.3086160312219,19.4135895126589,24.6172320624437,40.0280196137296
15011,2005,occurrence,11428,70,106,148,3,6.12530626531327,9.27546377318866,12.9506475323766,26.2513125656283
15011,2005,residence,12034,131,211,283,6,10.8858235000831,17.533654645172,23.516702675752,49.8587335881669
15011,2010,occurrence,11250,123,145,180,2,10.9333333333333,12.8888888888889,16,17.7777777777778
15011,2010,residence,12210,176,241,298,10,14.4144144144144,19.7379197379197,24.4062244062244,81.9000819000819
15011,2015,occurrence,9807,73,97,118,3,7.44366268991537,9.89089425920261,12.0322218823289,30.5903946160906
15011,2015,residence,11799,139,195,229,9,11.7806593779134,16.5268243071447,19.4084244427494,76.27765064836
15012,2000,occurrence,5253,109,163,203,2,20.7500475918523,31.0298876832286,38.6445840472111,38.0734818199124
15012,2000,residence,5311,115,173,214,4,21.6531726605159,32.5739032197326,40.2937299943514,75.3153831670119
15012,2005,occurrence,5860,101,149,178,3,17.2354948805461,25.4266211604096,30.3754266211604,51.1945392491468
15012,2005,residence,5971,114,170,205,5,19.0922793501926,28.4709428906381,34.3326076034165,83.7380673254061
15012,2010,occurrence,5638,73,115,148,6,12.9478538488826,20.3973040085137,26.2504434196524,106.420716566158
15012,2010,residence,5830,82,138,178,6,14.065180102916,23.6706689536878,30.5317324185249,102.915951972556
15012,2015,occurrence,6778,60,89,108,7,8.85216878135143,13.1307170256713,15.9339038064326,103.2753024491
15012,2015,residence,7152,65,100,124,7,9.08836689038031,13.9821029082774,17.337807606264,97.8747203579418
15013,2000,occurrence,1841,22,40,50,1,11.9500271591526,21.7273221075502,27.1591526344378,54.3183052688756
15013,2000,residence,2309,29,53,67,3,12.5595495885665,22.9536595928974,29.016890428757,129.926375054136
15013,2005,occurrence,2260,40,61,74,3,17.6991150442478,26.9911504424779,32.7433628318584,132.743362831858
15013,2005,residence,3026,58,81,102,5,19.1672174487773,26.7680105750165,33.7078651685393,165.234633179114
15013,2010,occurrence,2586,28,36,48,0,10.8275328692962,13.9211136890951,18.5614849187935,0
15013,2010,residence,3361,52,70,84,2,15.4715858375483,20.8271347813151,24.9925617375781,59.506099375186
15013,2015,occurrence,2658,25,34,42,0,9.40556809631302,12.7915726109857,15.8013544018059,0
15013,2015,residence,3956,53,73,88,1,13.3973710819009,18.4529828109201,22.2446916076845,25.2780586450961
15014,2000,occurrence,3044,40,83,114,0,13.1406044678055,27.2667542706965,37.4507227332457,0
15014,2000,residence,3312,43,92,124,0,12.9830917874396,27.7777777777778,37.4396135265701,0
15014,2005,occurrence,5507,63,95,139,4,11.4399854730343,17.2507717450518,25.2406028690757,72.6348284002179
15014,2005,residence,5836,72,113,164,4,12.3372172721042,19.362577107608,28.1014393420151,68.5400959561343
15014,2010,occurrence,5455,51,78,125,3,9.34922089825848,14.2988084326306,22.9147571035747,54.9954170485793
15014,2010,residence,5952,64,101,155,5,10.752688172043,16.9690860215054,26.0416666666667,84.005376344086
15014,2015,occurrence,6864,68,101,122,5,9.90675990675991,14.7144522144522,17.7738927738928,72.8438228438229
15014,2015,residence,7450,87,129,156,5,11.6778523489933,17.3154362416107,20.9395973154362,67.1140939597316
16001,2000,occurrence,10368,233,281,311,4,22.4729938271605,27.1026234567901,29.9961419753086,38.5802469135803
16001,2000,residence,9568,191,231,260,3,19.9623745819398,24.1429765886288,27.1739130434783,31.3545150501672
16001,2005,occurrence,10217,200,228,252,7,19.5752177742977,22.3157482626994,24.6647743956152,68.5132622100421
16001,2005,residence,9222,164,189,214,6,17.7835610496639,20.4944697462589,23.205378442854,65.0618087182824
16001,2010,occurrence,10865,173,244,280,1,15.9226875287621,22.457432121491,25.7708237459733,9.2038656235619
16001,2010,residence,10079,150,209,243,1,14.8824288123822,20.7361841452525,24.1095346760591,9.92161920825479
16001,2015,occurrence,12223,158,235,270,9,12.9264501349914,19.2260492514113,22.0895033952385,73.6316779841283
16001,2015,residence,10599,123,181,207,7,11.6048683838098,17.0770827436551,19.5301443532409,66.0439664119257
16002,2000,occurrence,616,2,4,6,0,3.24675324675325,6.49350649350649,9.74025974025974,0
16002,2000,residence,749,6,10,13,0,8.01068090787717,13.351134846462,17.3564753004005,0
16002,2005,occurrence,871,7,13,15,1,8.03673938002296,14.9253731343284,17.2215843857635,114.810562571757
16002,2005,residence,1106,20,30,33,1,18.0831826401447,27.124773960217,29.8372513562387,90.4159132007233
16002,2010,occurrence,925,4,8,9,0,4.32432432432432,8.64864864864865,9.72972972972973,0
16002,2010,residence,1101,12,20,25,0,10.8991825613079,18.1653042688465,22.7066303360581,0
16002,2015,occurrence,835,6,12,16,1,7.18562874251497,14.3712574850299,19.1616766467066,119.760479041916
16002,2015,residence,1214,9,17,24,2,7.41350906095552,14.003294892916,19.7693574958814,164.744645799012
16003,2000,occurrence,2982,26,34,44,1,8.71898054996647,11.40174379611,14.7551978537894,33.5345405767941
16003,2000,residence,3921,61,73,85,2,15.5572558020913,18.6176995664371,21.678143330783,51.0073960724305
16003,2005,occurrence,3420,42,46,49,1,12.280701754386,13.4502923976608,14.327485380117,29.2397660818713
16003,2005,residence,3877,60,70,80,2,15.4758834150116,18.0551973175135,20.6345112200155,51.5862780500387
16003,2010,occurrence,4156,45,54,59,2,10.827718960539,12.9932627526468,14.1963426371511,48.1231953801732
16003,2010,residence,3827,40,58,64,2,10.452051215051,15.1554742618239,16.7232819440815,52.2602560752548
16003,2015,occurrence,4042,31,44,49,2,7.66947055912914,10.8857001484414,12.1227115289461,49.480455220188
16003,2015,residence,3934,41,66,74,3,10.4219623792578,16.7768174885613,18.8103711235384,76.2582613116421
17001,2000,occurrence,5238,104,198,237,11,19.8549064528446,37.8006872852234,45.2462772050401,210.003818251241
17001,2000,residence,4881,67,118,144,7,13.7266953493137,24.1753738987912,29.5021511985249,143.413234992829
17001,2005,occurrence,5842,73,144,180,8,12.4957206436152,24.6490927764464,30.811365970558,136.939404313591
17001,2005,residence,5131,50,93,113,5,9.74468914441629,18.1251218086143,22.0229974663808,97.4468914441629
17001,2010,occurrence,6001,54,107,128,8,8.99850024995834,17.8303616063989,21.3297783702716,133.311114814198
17001,2010,residence,4986,36,78,97,4,7.2202166064982,15.6438026474128,19.4544725230646,80.2246289610911
17001,2015,occurrence,6461,63,72,83,7,9.75081256771398,11.1437857916731,12.8463086209565,108.342361863489
17001,2015,residence,5065,46,63,76,4,9.08193484698914,12.4383020730503,15.004935834156,78.9733464955578
17002,2000,occurrence,3944,38,75,88,0,9.63488843813387,19.0162271805274,22.3123732251521,0
17002,2000,residence,3931,50,95,116,0,12.7194098193844,24.1668786568303,29.5090307809718,0
17002,2005,occurrence,3881,34,68,86,0,8.76062870394228,17.5212574078846,22.1592373099717,0
17002,2005,residence,4155,47,95,119,2,11.3116726835138,22.864019253911,28.6401925391095,48.1347773766546
17002,2010,occurrence,3012,24,36,45,2,7.96812749003984,11.9521912350598,14.9402390438247,66.4010624169987
17002,2010,residence,3589,39,64,78,4,10.8665366397325,17.8322652549457,21.733073279465,111.45165784341
17002,2015,occurrence,2195,6,14,21,0,2.73348519362187,6.37813211845103,9.56719817767654,0
17002,2015,residence,3359,28,43,56,3,8.33581423042572,12.8014289967252,16.6716284608514,89.3122953259899
17003,2000,occurrence,1768,7,18,20,0,3.95927601809955,10.1809954751131,11.3122171945701,0
17003,2000,residence,1818,8,19,23,0,4.4004400440044,10.4510451045105,12.6512651265127,0
17003,2005,occurrence,1801,10,16,18,0,5.55247084952804,8.88395335924486,9.99444752915047,0
17003,2005,residence,1951,24,33,36,2,12.3013839056894,16.9144028703229,18.4520758585341,102.511532547412
17003,2010,occurrence,1249,19,22,26,1,15.2121697357886,17.6140912730184,20.8166533226581,80.0640512409928
17003,2010,residence,1488,30,40,46,1,20.1612903225806,26.8817204301075,30.9139784946237,67.2043010752688
17003,2015,occurrence,907,2,5,7,0,2.20507166482911,5.51267916207277,7.71775082690188,0
17003,2015,residence,1356,13,19,22,1,9.58702064896755,14.0117994100295,16.2241887905605,73.7463126843658
17004,2000,occurrence,3038,41,56,65,2,13.4957208689928,18.4331797235023,21.395655036208,65.832784726794
17004,2000,residence,2994,49,82,94,5,16.3660654642619,27.3881095524382,31.3961255845023,167.000668002672
17004,2005,occurrence,2642,21,29,37,1,7.94852384557154,10.9765329295988,14.004542013626,37.8501135503407
17004,2005,residence,2768,30,43,56,1,10.8381502890173,15.5346820809249,20.2312138728324,36.1271676300578
17004,2010,occurrence,2124,20,28,38,3,9.41619585687382,13.1826741996234,17.8907721280603,141.242937853107
17004,2010,residence,2433,26,51,60,4,10.6863953966297,20.9617755856967,24.6609124537608,164.406083025072
17004,2015,occurrence,1866,5,7,12,0,2.67952840300107,3.7513397642015,6.43086816720257,0
17004,2015,residence,2424,15,22,28,0,6.18811881188119,9.07590759075908,11.5511551155116,0
17005,2000,occurrence,3206,38,50,65,2,11.8527760449158,15.5957579538366,20.2744853399875,62.3830318153462
17005,2000,residence,3272,45,59,78,2,13.7530562347188,18.0317848410758,23.838630806846,61.1246943765281
17005,2005,occurrence,3012,27,39,48,3,8.96414342629482,12.9482071713147,15.9362549800797,99.601593625498
17005,2005,residence,3063,31,43,52,2,10.120796604636,14.0385243225596,16.9768201110023,65.2954619653934
17005,2010,occurrence,2602,24,33,41,1,9.22367409684858,12.6825518831668,15.7571099154497,38.4319754035357
17005,2010,residence,2646,26,42,51,1,9.82615268329554,15.8730158730159,19.2743764172336,37.7928949357521
17005,2015,occurrence,2462,15,19,21,2,6.09260763606824,7.71730300568643,8.52965069049553,81.2347684809098
17005,2015,residence,2644,27,36,40,2,10.2118003025719,13.6157337367625,15.1285930408472,75.642965204236
17006,2000,occurrence,5256,102,154,184,4,19.4063926940639,29.2998477929985,35.0076103500761,76.103500761035
17006,2000,residence,5306,73,123,153,4,13.7580098002262,23.1813041839427,28.8352808141726,75.3863550697324
17006,2005,occurrence,5690,78,122,139,9,13.7082601054482,21.4411247803163,24.4288224956063,158.17223198594
17006,2005,residence,5328,47,79,94,5,8.82132132132132,14.8273273273273,17.6426426426426,93.8438438438438
17006,2010,occurrence,6259,73,130,157,3,11.6632049848219,20.7700910688608,25.0838792139319,47.9309793896789
17006,2010,residence,5716,47,67,84,3,8.22253324002799,11.7214835549335,14.6955913226032,52.4842547235829
17006,2015,occurrence,7766,104,178,200,9,13.3917074426989,22.9204223538501,25.7532835436518,115.889775946433
17006,2015,residence,6441,59,90,101,5,9.16006831237386,13.9729855612483,15.680794907623,77.6276975624903
17007,2000,occurrence,1977,17,25,31,0,8.59888720283258,12.6454223571067,15.6803237228123,0
17007,2000,residence,2023,27,39,47,0,13.3465150766189,19.2782995551162,23.232822540781,0
17007,2005,occurrence,1703,9,11,16,1,5.28479154433353,6.45918966529654,9.39518496770405,58.7199060481503
17007,2005,residence,1926,22,33,38,1,11.4226375908619,17.1339563862928,19.730010384216,51.9210799584631
17007,2010,occurrence,1468,6,7,11,0,4.08719346049046,4.76839237057221,7.49318801089918,0
17007,2010,residence,1822,10,19,27,0,5.48847420417124,10.4281009879254,14.8188803512624,0
17007,2015,occurrence,1264,5,11,12,0,3.95569620253165,8.70253164556962,9.49367088607595,0
17007,2015,residence,1862,15,29,37,3,8.05585392051557,15.5746509129968,19.8711063372718,161.117078410312
17008,2000,occurrence,1979,23,33,44,1,11.622031328954,16.6750884284992,22.233451237999,50.5305709954523
17008,2000,residence,1978,37,56,68,1,18.7057633973711,28.3114256825076,34.3781597573306,50.5561172901921
17008,2005,occurrence,1924,14,19,23,0,7.27650727650728,9.87525987525988,11.954261954262,0
17008,2005,residence,2040,20,29,35,1,9.80392156862745,14.2156862745098,17.156862745098,49.0196078431373
17008,2010,occurrence,1654,15,23,23,1,9.0689238210399,13.9056831922612,13.9056831922612,60.459492140266
17008,2010,residence,1789,23,35,38,1,12.8563443264394,19.564002235886,21.2409167132476,55.8971492453885
17008,2015,occurrence,1688,5,6,11,0,2.96208530805687,3.55450236966825,6.51658767772512,0
17008,2015,residence,1955,16,25,31,1,8.18414322250639,12.7877237851662,15.8567774936061,51.150895140665
21001,2000,occurrence,2665,45,68,82,2,16.8855534709193,25.515947467167,30.7692307692308,75.046904315197
21001,2000,residence,2880,56,84,99,3,19.4444444444444,29.1666666666667,34.375,104.166666666667
21001,2005,occurrence,5293,24,47,66,2,4.53429057245419,8.87965237105611,12.469299074249,37.7857547704515
21001,2005,residence,5863,59,103,133,3,10.0631076240832,17.5677980556029,22.68463244073,51.1683438512707
21001,2010,occurrence,4258,12,19,31,1,2.81822451855331,4.46218882104274,7.28041333959606,23.4852043212776
21001,2010,residence,5153,55,79,97,6,10.6733941393363,15.3308752183194,18.8239860275568,116.437026974578
21001,2015,occurrence,3735,14,24,31,1,3.74832663989291,6.42570281124498,8.29986613119143,26.7737617135208
21001,2015,residence,5048,60,90,106,6,11.8858954041204,17.8288431061807,20.9984152139461,118.858954041204
21002,2000,occurrence,3826,31,84,107,1,8.10245687401987,21.955044432828,27.9665446941976,26.1369576581286
21002,2000,residence,3774,31,82,108,2,8.21409644939057,21.7276099629041,28.6168521462639,52.9941706412295
21002,2005,occurrence,5569,56,111,132,1,10.0556652899982,19.9317651283893,23.7026396121386,17.9565451607111
21002,2005,residence,5672,64,137,160,2,11.2834978843441,24.1537376586742,28.2087447108604,35.2609308885755
21002,2010,occurrence,4277,28,42,57,2,6.54664484451719,9.81996726677578,13.3270984334814,46.7617488894085
21002,2010,residence,4536,49,73,92,7,10.8024691358025,16.0934744268078,20.2821869488536,154.320987654321
21002,2015,occurrence,3963,20,33,38,3,5.04668180671209,8.32702498107494,9.58869543275297,75.7002271006813
21002,2015,residence,4243,44,67,77,5,10.370021211407,15.7907141173698,18.1475371199623,117.841150129625
21003,2000,occurrence,3318,6,8,12,3,1.80831826401447,2.41109101868596,3.61663652802893,90.4159132007233
21003,2000,residence,3379,6,12,23,4,1.77567327611719,3.55134655223439,6.80674755844925,118.378218407813
21003,2005,occurrence,4546,23,46,61,5,5.05939287285526,10.1187857457105,13.4183897932248,109.98680158381
21003,2005,residence,4590,27,51,69,6,5.88235294117647,11.1111111111111,15.0326797385621,130.718954248366
21003,2010,occurrence,4191,24,35,49,3,5.72655690765927,8.35122882366977,11.6917203531377,71.5819613457409
21003,2010,residence,4232,56,85,105,4,13.2325141776938,20.0850661625709,24.8109640831758,94.5179584120983
21003,2015,occurrence,4040,27,35,41,4,6.68316831683168,8.66336633663366,10.1485148514851,99.009900990099
21003,2015,residence,4196,47,64,74,7,11.2011439466158,15.2526215443279,17.6358436606292,166.825548141087
21004,2000,occurrence,3210,24,45,49,3,7.47663551401869,14.018691588785,15.2647975077882,93.4579439252336
21004,2000,residence,3152,25,48,55,4,7.93147208121827,15.2284263959391,17.4492385786802,126.903553299492
21004,2005,occurrence,4964,57,87,94,1,11.4826752618856,17.5261885576148,18.9363416599517,20.1450443190975
21004,2005,residence,4862,67,108,120,2,13.7803373097491,22.2130810366104,24.6812011517894,41.1353352529823
21004,2010,occurrence,4982,33,53,64,6,6.62384584504215,10.6382978723404,12.8462464873545,120.433560818948
21004,2010,residence,4953,53,83,106,6,10.7005855037351,16.7575206945286,21.4011710074702,121.138703815869
21004,2015,occurrence,4825,36,49,61,4,7.46113989637306,10.1554404145078,12.6424870466321,82.9015544041451
21004,2015,residence,4871,61,86,108,4,12.5230958735373,17.6555122151509,22.1720385957709,82.1186614658181
21005,2000,occurrence,4795,86,115,133,7,17.9353493222106,23.9833159541189,27.7372262773723,145.985401459854
21005,2000,residence,4777,86,118,139,7,18.0029307096504,24.7016956248692,29.0977601004815,146.53548252041
21005,2005,occurrence,6640,134,176,197,8,20.1807228915663,26.5060240963855,29.6686746987952,120.481927710843
21005,2005,residence,6567,112,152,178,8,17.0549718288412,23.1460331962845,27.1052230851226,121.821227348866
21005,2010,occurrence,5871,169,186,205,10,28.785556123318,31.6811446090956,34.9173905637881,170.328734457503
21005,2010,residence,5608,95,110,130,6,16.9400855920114,19.6148359486448,23.1811697574893,106.990014265335
21005,2015,occurrence,5146,99,112,118,16,19.2382432957637,21.7644772638943,22.9304314030315,310.921103769918
21005,2015,residence,5176,62,78,86,15,11.9783616692427,15.0695517774343,16.6151468315301,289.799072642968
21006,2000,occurrence,4535,21,36,48,2,4.63065049614113,7.93825799338479,10.5843439911797,44.1014332965821
21006,2000,residence,4847,27,47,63,3,5.57045595213534,9.69671962038374,12.9977305549825,61.893955023726
21006,2005,occurrence,7350,76,122,135,3,10.3401360544218,16.5986394557823,18.3673469387755,40.8163265306122
21006,2005,residence,7797,89,142,159,8,11.4146466589714,18.2121328716173,20.3924586379377,102.6035654739
21006,2010,occurrence,6448,56,73,86,4,8.6848635235732,11.3213399503722,13.3374689826303,62.0347394540943
21006,2010,residence,6778,82,112,138,6,12.0979640011803,16.524048391856,20.3599881971083,88.5216878135143
21006,2015,occurrence,5851,26,31,35,5,4.44368484019826,5.29823961715946,5.98188343872842,85.4554776961203
21006,2015,residence,6222,53,78,88,6,8.51816136290582,12.5361620057859,14.143362262938,96.4320154291225
21007,2000,occurrence,5314,119,205,219,4,22.3936770794129,38.5773428678961,41.2118931125329,75.2728641324802
21007,2000,residence,5430,129,225,242,5,23.7569060773481,41.4364640883978,44.5672191528545,92.0810313075506
21007,2005,occurrence,6045,51,75,86,4,8.43672456575682,12.4069478908189,14.2266335814723,66.1703887510339
21007,2005,residence,6124,73,116,141,7,11.9203135205748,18.9418680600914,23.0241672109732,114.30437622469
21007,2010,occurrence,5436,22,33,38,1,4.04709345106696,6.07064017660044,6.99043414275202,18.3958793230316
21007,2010,residence,5638,63,89,104,2,11.1741752394466,15.7857396239801,18.4462575381341,35.4735721887194
21007,2015,occurrence,6365,92,112,124,5,14.4540455616654,17.5962293794187,19.4815396700707,78.5545954438335
21007,2015,residence,5409,67,81,89,3,12.3867628027362,14.9750415973378,16.4540580513958,55.4631170271769
21008,2000,occurrence,7330,117,146,178,7,15.9618008185539,19.9181446111869,24.2837653478854,95.4979536152797
21008,2000,residence,7073,103,137,171,3,14.5624204722183,19.3694330552806,24.176445638343,42.4148169093737
21008,2005,occurrence,11127,170,310,354,2,15.2781522422935,27.8601599712411,31.8145052574818,17.9742967556394
21008,2005,residence,10318,113,223,265,2,10.9517348323318,21.6127156425664,25.6832719519287,19.3836014731537
21008,2010,occurrence,10681,191,282,335,14,17.8822207658459,26.4020222825578,31.3641044845988,131.073869487876
21008,2010,residence,9547,87,136,173,5,9.11281030690269,14.245312663664,18.120875667749,52.3724730281764
21008,2015,occurrence,12603,216,294,334,19,17.1387764817901,23.3277791002142,26.501626596842,150.75775608982
21008,2015,residence,10203,92,129,154,9,9.01695579731452,12.6433401940606,15.0935999215917,88.2093501911203
21009,2000,occurrence,5853,36,75,114,2,6.1506919528447,12.8139415684264,19.4771911840082,34.1705108491372
21009,2000,residence,5945,41,88,130,2,6.89655172413793,14.8023549201009,21.8671152228764,33.6417157275021
21009,2005,occurrence,7079,53,90,125,2,7.48693318265292,12.7136601214861,17.6578612798418,28.2525780477469
21009,2005,residence,7245,87,145,186,4,12.008281573499,20.0138026224983,25.6728778467909,55.2104899930987
21009,2010,occurrence,5901,36,53,71,1,6.10066090493137,8.98152855448229,12.031859006948,16.946280291476
21009,2010,residence,6354,68,101,126,9,10.701920050362,15.8954988983318,19.8300283286119,141.643059490085
21009,2015,occurrence,5903,25,36,45,1,4.23513467728274,6.09859393528714,7.62324241910893,16.940538709131
21009,2015,residence,6387,70,101,114,8,10.9597620165962,15.8133709096602,17.848755284171,125.254423046814
21010,2000,occurrence,3698,11,18,26,6,2.97458085451595,4.86749594375338,7.03082747431044,162.249864791779
21010,2000,residence,3574,12,21,31,4,3.35758254057079,5.87576944599888,8.67375489647454,111.919418019026
21010,2005,occurrence,4844,17,27,36,2,3.50949628406276,5.5739058629232,7.43187448389761,41.2881915772089
21010,2005,residence,4661,34,51,65,2,7.29457198026175,10.9418579703926,13.9455052563828,42.9092469427162
21010,2010,occurrence,4091,21,35,40,4,5.13321926179418,8.55536543632364,9.77756049865559,97.7756049865559
21010,2010,residence,3968,41,58,70,4,10.3326612903226,14.616935483871,17.6411290322581,100.806451612903
21010,2015,occurrence,3421,10,22,27,0,2.92312189418299,6.43086816720257,7.89242911429407,0
21010,2015,residence,3496,26,47,55,1,7.4370709382151,13.4439359267735,15.7322654462243,28.604118993135
21011,2000,occurrence,3841,18,29,45,4,4.68627961468368,7.55011715699037,11.7156990367092,104.139546992971
21011,2000,residence,3833,19,33,53,4,4.95695277850248,8.6094442995043,13.8272893295069,104.356900600052
21011,2005,occurrence,6576,84,127,148,2,12.7737226277372,19.3126520681265,22.5060827250608,30.4136253041363
21011,2005,residence,6590,84,129,150,3,12.7465857359636,19.5751138088012,22.7617602427921,45.5235204855842
21011,2010,occurrence,6057,73,92,110,1,12.0521710417699,15.189037477299,18.1608056793792,16.5098233448902
21011,2010,residence,6061,76,100,121,2,12.5391849529781,16.498927569708,19.9637023593466,32.9978551394159
21011,2015,occurrence,5905,50,63,74,5,8.46740050804403,10.6689246401355,12.5317527519052,84.6740050804403
21011,2015,residence,5976,60,89,100,5,10.0401606425703,14.8929049531459,16.7336010709505,83.6680053547523
21012,2000,occurrence,4696,37,69,77,6,7.87904599659285,14.6933560477002,16.396933560477,127.768313458262
21012,2000,residence,4814,39,71,84,10,8.10137100124637,14.7486497714998,17.4491067719152,207.72746157042
21012,2005,occurrence,5381,35,77,90,4,6.50436721798922,14.3096078795763,16.7255157034009,74.3356253484483
21012,2005,residence,5587,53,108,129,7,9.48630749955253,19.3305888670127,23.089314480043,125.290853767675
21012,2010,occurrence,4599,11,25,37,1,2.39182430963253,5.43596434007393,8.04522722330942,21.7438573602957
21012,2010,residence,5022,31,46,58,2,6.17283950617284,9.15969733174034,11.5491835921943,39.8247710075667
21012,2015,occurrence,3778,8,11,18,7,2.11752249867655,2.91159343568025,4.76442562202223,185.283218634198
21012,2015,residence,4620,37,46,54,6,8.00865800865801,9.95670995670996,11.6883116883117,129.87012987013
21013,2000,occurrence,3706,22,39,57,0,5.93631948192121,10.523475445224,15.3804641122504,0
21013,2000,residence,3851,33,61,84,2,8.56920280446637,15.84004154765,21.8125162295508,51.9345624513114
21013,2005,occurrence,4759,26,56,71,3,5.46333263290607,11.7671779785669,14.9191006513974,63.0384534566085
21013,2005,residence,5331,51,109,143,8,9.56668542487338,20.4464453198274,26.8242356030764,150.065653723504
21013,2010,occurrence,4293,12,18,31,2,2.79524807826695,4.19287211740042,7.22105753552294,46.5874679711158
21013,2010,residence,4883,45,66,87,5,9.21564611918902,13.5162809748106,17.8169158304321,102.396067990989
21013,2015,occurrence,4299,19,30,35,4,4.41963247266806,6.97836706210747,8.14142823912538,93.0448941614329
21013,2015,residence,4991,42,64,75,3,8.41514726507714,12.8230815467842,15.0270486876377,60.108194750551
21014,2000,occurrence,5508,18,72,91,3,3.26797385620915,13.0718954248366,16.5214233841685,54.4662309368192
21014,2000,residence,5492,28,89,115,3,5.09832483612527,16.2053896576839,20.9395484340859,54.6249089584851
21014,2005,occurrence,7673,68,119,147,4,8.86224423302489,15.5089274077936,19.1580867978626,52.1308484295582
21014,2005,residence,7976,89,156,196,4,11.1584754262788,19.5586760280843,24.5737211634905,50.1504513540622
21014,2010,occurrence,7257,31,42,58,4,4.27173763263056,5.78751550227367,7.99228331266364,55.1191952597492
21014,2010,residence,7466,58,89,115,8,7.76855076346102,11.9207072060005,15.4031609965175,107.1524243236
21014,2015,occurrence,6138,41,50,68,4,6.67970022808733,8.14597588791137,11.0785272075595,65.167807103291
21014,2015,residence,6761,63,88,116,6,9.31814820292856,13.0158260612335,17.1572252625351,88.7442685993196
21015,2000,occurrence,2559,26,61,69,0,10.1602188354826,23.8374364986323,26.9636576787808,0
21015,2000,residence,2673,30,69,78,1,11.2233445566779,25.8136924803592,29.1806958473625,37.4111485222596
21015,2005,occurrence,4371,25,50,58,0,5.71951498512926,11.4390299702585,13.2692747654999,0
21015,2005,residence,4636,37,71,85,0,7.98101811906816,15.3149266609146,18.334771354616,0
21015,2010,occurrence,3529,10,27,34,4,2.8336639274582,7.65089260413715,9.63445735335789,113.346557098328
21015,2010,residence,4005,32,62,73,7,7.99001248439451,15.4806491885144,18.227215980025,174.78152309613
21015,2015,occurrence,3430,15,20,26,1,4.3731778425656,5.83090379008746,7.5801749271137,29.1545189504373
21015,2015,residence,4003,49,60,66,3,12.2408193854609,14.9887584311766,16.4876342742943,74.9437921558831
21016,2000,occurrence,24288,353,608,748,17,14.5339262187088,25.0329380764163,30.7971014492754,69.9934123847167
21016,2000,residence,24113,318,528,636,13,13.1879069381661,21.8969020860117,26.3758138763323,53.9128271057106
21016,2005,occurrence,23320,397,670,804,53,17.0240137221269,28.7307032590052,34.4768439108062,227.272727272727
21016,2005,residence,22311,256,404,470,33,11.4741607278921,18.1076598987047,21.0658419613644,147.909103132984
21016,2010,occurrence,23546,423,655,771,54,17.964834791472,27.817888388686,32.744415187293,229.338316486877
21016,2010,residence,22097,237,357,412,33,10.725437842241,16.1560392813504,18.6450649409422,149.341539575508
21016,2015,occurrence,24537,474,704,797,32,19.3177650079472,28.6913640624363,32.4815584627298,130.415291192892
21016,2015,residence,22669,278,383,431,17,12.2634434690547,16.895319599453,19.0127486876351,74.9922802064493
21017,2000,occurrence,2415,7,13,22,0,2.89855072463768,5.38302277432712,9.10973084886128,0
21017,2000,residence,4153,52,76,90,5,12.5210691066699,18.3000240789791,21.6710811461594,120.394895256441
21017,2005,occurrence,2900,7,20,28,0,2.41379310344828,6.89655172413793,9.6551724137931,0
21017,2005,residence,4513,58,90,109,5,12.8517615776645,19.9423886549967,24.1524484821626,110.791048083315
21017,2010,occurrence,2646,8,18,25,1,3.02343159486017,6.80272108843537,9.44822373393802,37.7928949357521
21017,2010,residence,3957,56,76,87,6,14.1521354561537,19.2064695476371,21.986353297953,151.630022744503
21017,2015,occurrence,2854,21,30,36,0,7.35809390329362,10.5115627189909,12.6138752627891,0
21017,2015,residence,3974,63,85,93,3,15.8530447911424,21.389028686462,23.4021137393055,75.4906894816306
21018,2000,occurrence,3468,15,44,61,1,4.32525951557093,12.6874279123414,17.5893886966551,28.8350634371396
21018,2000,residence,3512,15,46,64,1,4.27107061503417,13.0979498861048,18.2232346241458,28.4738041002278
21018,2005,occurrence,4421,44,63,87,5,9.95249943451708,14.2501696448767,19.6788057000679,113.096584483149
21018,2005,residence,4536,61,97,128,9,13.4479717813051,21.3844797178131,28.2186948853616,198.412698412698
21018,2010,occurrence,4130,27,36,45,1,6.53753026634383,8.71670702179177,10.8958837772397,24.2130750605327
21018,2010,residence,4327,46,67,76,2,10.6309221169401,15.4841691703259,17.5641321932055,46.2214005084354
21018,2015,occurrence,3956,23,30,42,4,5.81395348837209,7.58341759352882,10.6167846309403,101.112234580384
21018,2015,residence,4287,57,75,92,5,13.296011196641,17.4947515745276,21.4602285980872,116.631677163518
21019,2000,occurrence,3441,21,50,69,1,6.10287707061901,14.53065969195,20.052310374891,29.0613193839
21019,2000,residence,3535,23,55,74,3,6.50636492220651,15.5586987270156,20.9335219236209,84.8656294200849
21019,2005,occurrence,5206,30,63,74,3,5.76258163657319,12.1014214368037,14.2143680368805,57.6258163657319
21019,2005,residence,5087,36,73,86,4,7.07686259091803,14.3503046982504,16.9058384116375,78.6318065657559
21019,2010,occurrence,4986,34,42,54,0,6.81909346169274,8.42358604091456,10.8303249097473,0
21019,2010,residence,4977,50,68,83,1,10.0462125778581,13.6628491058871,16.6767128792445,20.0924251557163
21019,2015,occurrence,5144,38,47,55,2,7.38724727838258,9.13685847589425,10.6920684292379,38.8802488335925
21019,2015,residence,5024,53,74,83,5,10.5493630573248,14.7292993630573,16.5207006369427,99.5222929936306
22001,2000,occurrence,2574,14,23,29,3,5.43900543900544,8.93550893550894,11.2665112665113,116.550116550117
22001,2000,residence,2658,20,32,40,4,7.52445447705041,12.0391271632807,15.0489089541008,150.489089541008
22001,2005,occurrence,2597,25,34,39,2,9.62649210627647,13.092029264536,15.0173276857913,77.0119368502118
22001,2005,residence,2842,42,58,63,4,14.7783251231527,20.4081632653061,22.1674876847291,140.745953553835
22001,2010,occurrence,2125,5,9,17,2,2.35294117647059,4.23529411764706,8,94.1176470588235
22001,2010,residence,2627,20,25,35,3,7.61324704986677,9.51655881233346,13.3231823372668,114.198705748002
22001,2015,occurrence,1586,5,10,14,0,3.15258511979823,6.30517023959647,8.82723833543506,0
22001,2015,residence,2212,30,42,48,1,13.5623869801085,18.9873417721519,21.6998191681736,45.2079566003617
22002,2000,occurrence,3041,31,61,71,2,10.1940151266031,20.0591910555738,23.3475830318974,65.7678395264716
22002,2000,residence,3251,36,68,81,2,11.0735158412796,20.9166410335281,24.9154106428791,61.5195324515534
22002,2005,occurrence,3794,50,67,81,5,13.1787032156036,17.6594623089088,21.3494992092778,131.787032156036
22002,2005,residence,4024,55,81,99,6,13.6679920477137,20.1292246520875,24.6023856858847,149.105367793241
22002,2010,occurrence,3078,32,45,52,3,10.3963612735543,14.6198830409357,16.8940870695257,97.4658869395711
22002,2010,residence,3307,39,59,68,3,11.7931660114908,17.8409434532809,20.5624433020865,90.7166616268521
22002,2015,occurrence,2761,20,25,35,2,7.24375226367258,9.05469032959073,12.676566461427,72.4375226367258
22002,2015,residence,3027,27,38,50,2,8.9197224975223,12.5536835150314,16.5180046250413,66.0720185001652
22003,2000,occurrence,8095,124,182,203,4,15.3180975911056,22.4830142063002,25.077208153181,49.4132180358246
22003,2000,residence,7880,150,218,244,5,19.0355329949239,27.6649746192893,30.9644670050761,63.4517766497462
22003,2005,occurrence,7295,82,125,141,4,11.240575736806,17.1350239890336,19.3283070596299,54.8320767649075
22003,2005,residence,7552,113,182,203,5,14.9629237288136,24.0995762711864,26.8802966101695,66.2076271186441
22003,2010,occurrence,5086,29,38,46,1,5.70192685804168,7.47149036570979,9.04443570585922,19.6618167518679
22003,2010,residence,6103,68,92,109,5,11.142061281337,15.0745534982795,17.8600688186138,81.9269211863018
22003,2015,occurrence,4864,23,28,35,2,4.72861842105263,5.75657894736842,7.19572368421053,41.1184210526316
22003,2015,residence,6211,80,104,122,10,12.8803735308324,16.7444855900821,19.6425696345194,161.004669135405
22004,2000,occurrence,25073,480,671,798,27,19.1440992302477,26.7618553822837,31.8270649702868,107.685558170143
22004,2000,residence,23061,383,529,613,13,16.6081262737956,22.9391613546681,26.5816746888687,56.3722301721521
22004,2005,occurrence,23171,467,709,852,33,20.1545034741703,30.5985930689224,36.7701005567304,142.419403564801
22004,2005,residence,20407,293,411,475,15,14.3578183956486,20.1401479884353,23.2763267506248,73.5041897388151
22004,2010,occurrence,22748,410,572,661,40,18.02356251099,25.1450676982592,29.0574995604009,175.839634253561
22004,2010,residence,18971,224,309,346,17,11.8074956512572,16.288018554636,18.2383638184598,89.6104580675768
22004,2015,occurrence,24423,408,565,628,27,16.7055644269746,23.1339311304918,25.7134668140687,110.551529296155
22004,2015,residence,19651,199,271,310,11,10.1267111088494,13.7906467864231,15.7752786117755,55.976795074042
22005,2000,occurrence,5706,62,111,119,5,10.8657553452506,19.453207150368,20.8552400981423,87.6270592358921
22005,2000,residence,5184,55,102,111,4,10.6095679012346,19.6759259259259,21.412037037037,77.1604938271605
22005,2005,occurrence,5463,37,57,70,9,6.77283543840381,10.4338275672707,12.8134724510342,164.744645799012
22005,2005,residence,4935,33,57,71,6,6.68693009118541,11.5501519756839,14.387031408308,121.580547112462
22005,2010,occurrence,4875,82,107,115,1,16.8205128205128,21.948717948718,23.5897435897436,20.5128205128205
22005,2010,residence,4125,68,91,98,0,16.4848484848485,22.0606060606061,23.7575757575758,0
22005,2015,occurrence,4809,66,80,91,5,13.7242669993762,16.635475150759,18.9228529839884,103.971719692244
22005,2015,residence,4284,54,72,85,4,12.6050420168067,16.8067226890756,19.8412698412698,93.3706816059757
22006,2000,occurrence,1837,20,43,50,1,10.8873162765378,23.4077299945563,27.2182906913446,54.4365813826892
22006,2000,residence,1806,20,49,57,2,11.0741971207087,27.1317829457364,31.5614617940199,110.741971207087
22006,2005,occurrence,2811,36,46,48,1,12.8068303094984,16.364283173248,17.0757737459979,35.5745286374956
22006,2005,residence,2635,41,55,61,2,15.5597722960152,20.8728652751423,23.1499051233397,75.9013282732448
22006,2010,occurrence,2325,18,22,23,0,7.74193548387097,9.46236559139785,9.89247311827957,0
22006,2010,residence,2204,30,39,45,1,13.6116152450091,17.6950998185118,20.4174228675136,45.3720508166969
22006,2015,occurrence,2499,5,9,10,2,2.00080032012805,3.60144057623049,4.0016006402561,80.0320128051221
22006,2015,residence,2219,11,18,19,3,4.95718792248761,8.11176205497972,8.56241550247859,135.196034249662
22007,2000,occurrence,719,11,13,16,1,15.2990264255911,18.0806675938804,22.2531293463143,139.082058414465
22007,2000,residence,710,11,15,18,2,15.4929577464789,21.1267605633803,25.3521126760563,281.69014084507
22007,2005,occurrence,955,5,8,8,1,5.23560209424084,8.37696335078534,8.37696335078534,104.712041884817
22007,2005,residence,888,6,9,10,1,6.75675675675676,10.1351351351351,11.2612612612613,112.612612612613
22007,2010,occurrence,735,2,2,4,0,2.72108843537415,2.72108843537415,5.4421768707483,0
22007,2010,residence,804,4,6,8,0,4.97512437810945,7.46268656716418,9.9502487562189,0
22007,2015,occurrence,766,1,2,3,1,1.30548302872063,2.61096605744125,3.91644908616188,130.548302872063
22007,2015,residence,978,5,6,7,1,5.11247443762781,6.13496932515337,7.15746421267894,102.249488752556
22008,2000,occurrence,1983,12,37,45,1,6.05143721633888,18.6585980837116,22.6928895612708,50.4286434694907
22008,2000,residence,1930,15,40,49,1,7.7720207253886,20.7253886010363,25.3886010362694,51.8134715025907
22008,2005,occurrence,2002,16,25,28,0,7.99200799200799,12.4875124875125,13.986013986014,0
22008,2005,residence,1938,25,37,42,0,12.8998968008256,19.0918472652219,21.671826625387,0
22008,2010,occurrence,1473,6,9,12,1,4.07331975560081,6.10997963340122,8.14663951120163,67.8886625933469
22008,2010,residence,1551,19,26,30,1,12.2501611863314,16.7633784655061,19.3423597678917,64.474532559639
22008,2015,occurrence,1096,0,3,6,0,0,2.73722627737226,5.47445255474453,0
22008,2015,residence,1379,17,28,31,1,12.3277737490935,20.3045685279188,22.4800580130529,72.5163161711385
22009,2000,occurrence,6474,115,166,182,6,17.7633611368551,25.6410256410256,28.1124497991968,92.678405931418
22009,2000,residence,6442,107,157,179,6,16.6097485253027,24.3713132567526,27.7864017385905,93.1387767773983
22009,2005,occurrence,6287,105,136,157,6,16.7011293144584,21.6319389215842,24.9721647844759,95.435024654048
22009,2005,residence,6340,103,137,165,9,16.2460567823344,21.608832807571,26.0252365930599,141.955835962145
22009,2010,occurrence,5225,77,92,95,2,14.7368421052632,17.6076555023923,18.1818181818182,38.2775119617225
22009,2010,residence,5259,83,106,119,4,15.7824681498384,20.1559231793117,22.6278760220574,76.0600874691006
22009,2015,occurrence,4907,45,57,63,2,9.17057265131445,11.616058691665,12.8388017118402,40.7581006725087
22009,2015,residence,5096,65,92,101,4,12.7551020408163,18.0533751962323,19.8194662480377,78.4929356357928
22010,2000,occurrence,1898,19,35,40,1,10.0105374077977,18.4404636459431,21.0748155953635,52.6870389884089
22010,2000,residence,1943,25,43,49,2,12.8667009778693,22.1307256819352,25.2187339166238,102.933607822954
22010,2005,occurrence,1493,13,19,22,1,8.7073007367716,12.7260549229739,14.735432016075,66.9792364367046
22010,2005,residence,1691,25,34,37,2,14.7841513897102,20.1064458900059,21.8805440567711,118.273211117682
22010,2010,occurrence,1152,4,6,10,0,3.47222222222222,5.20833333333333,8.68055555555556,0
22010,2010,residence,1402,12,20,29,2,8.55920114122682,14.265335235378,20.6847360912981,142.65335235378
22010,2015,occurrence,996,1,4,6,0,1.00401606425703,4.01606425702811,6.02409638554217,0
22010,2015,residence,1285,13,16,21,2,10.1167315175097,12.4513618677043,16.3424124513619,155.642023346303
22011,2000,occurrence,3810,58,89,100,5,15.2230971128609,23.3595800524934,26.246719160105,131.233595800525
22011,2000,residence,3748,59,92,104,3,15.7417289220918,24.5464247598719,27.7481323372465,80.042689434365
22011,2005,occurrence,3516,34,48,57,6,9.67007963594994,13.6518771331058,16.2116040955631,170.648464163823
22011,2005,residence,3612,47,63,77,6,13.0121816168328,17.4418604651163,21.3178294573643,166.112956810631
22011,2010,occurrence,3149,15,30,38,5,4.76341695776437,9.52683391552874,12.0673229596697,158.780565258812
22011,2010,residence,3071,37,58,68,10,12.0481927710843,18.8863562357538,22.1426245522631,325.626831650928
22011,2015,occurrence,3009,17,23,23,0,5.64971751412429,7.64373546028581,7.64373546028581,0
22011,2015,residence,2910,31,43,44,2,10.6529209621993,14.7766323024055,15.1202749140893,68.7285223367698
23001,2000,occurrence,44372,907,1430,1686,42,20.4408185342108,32.2275308753268,37.9969350040566,94.6542864869738
23001,2000,residence,41412,661,961,1117,23,15.9615570366077,23.205834057761,26.9728581087607,55.5394571621752
23001,2005,occurrence,45137,813,1331,1530,51,18.0118306489133,29.4880031902874,33.8968030662206,112.989343554069
23001,2005,residence,41070,545,831,953,27,13.2700267835403,20.2337472607743,23.2042853664475,65.7414170927684
23001,2010,occurrence,46239,586,902,1068,45,12.6732844568438,19.5073422868142,23.0973853240771,97.3204437812237
23001,2010,residence,38812,324,471,561,21,8.34793362877461,12.1354220344223,14.4542924868597,54.1069772235391
23001,2015,occurrence,53741,631,899,1013,28,11.7415009024767,16.728382426825,18.8496678513612,52.1017472693102
23001,2015,residence,42586,358,474,538,13,8.40651857417931,11.1304184473771,12.6332597567276,30.5264640961818
23002,2000,occurrence,6953,30,71,97,2,4.3146843089314,10.2114195311376,13.9508125988782,28.7645620595426
23002,2000,residence,7598,84,171,219,7,11.0555409318242,22.5059226112135,28.8233745722559,92.1295077652014
23002,2005,occurrence,6529,21,34,43,0,3.21641905345382,5.20753561035381,6.58600091897687,0
23002,2005,residence,8113,55,105,133,3,6.77924318994207,12.9421915444349,16.3934426229508,36.9776901269567
23002,2010,occurrence,5657,20,32,39,2,3.53544281421248,5.65670850273997,6.89411348771434,35.3544281421248
23002,2010,residence,8309,64,96,112,8,7.7024912745216,11.5537369117824,13.4793597304128,96.2811409315201
23002,2015,occurrence,3646,5,17,28,4,1.3713658804169,4.66264399341744,7.67964893033461,109.709270433352
23002,2015,residence,9385,64,106,125,5,6.8193926478423,11.2946190729888,13.319126265317,53.276505061268
23003,2000,occurrence,5714,29,54,71,3,5.07525376268813,9.45047252362618,12.4256212810641,52.5026251312566
23003,2000,residence,7064,89,156,195,3,12.599093997735,22.083805209513,27.6047565118913,42.4688561721404
23003,2005,occurrence,6544,13,25,32,3,1.98655256723716,3.82029339853301,4.88997555012225,45.8435207823961
23003,2005,residence,7270,51,92,105,10,7.01513067400275,12.6547455295736,14.4429160935351,137.551581843191
23003,2010,occurrence,6956,8,16,21,1,1.15008625646924,2.30017251293847,3.01897642323174,14.3760782058654
23003,2010,residence,7909,53,83,98,2,6.70122645087875,10.494373498546,12.3909470223796,25.2876469844481
23003,2015,occurrence,7750,18,26,32,2,2.32258064516129,3.35483870967742,4.12903225806452,25.8064516129032
23003,2015,residence,8566,62,90,103,5,7.23791734765351,10.5066542143357,12.0242820452954,58.3703011907542
23004,2000,occurrence,2356,8,34,41,0,3.3955857385399,14.4312393887946,17.402376910017,0
23004,2000,residence,2418,17,51,65,0,7.03060380479735,21.0918114143921,26.8817204301075,0
23004,2005,occurrence,2236,10,14,16,0,4.47227191413238,6.26118067978533,7.15563506261181,0
23004,2005,residence,2378,23,36,42,1,9.67199327165685,15.1387720773759,17.6619007569386,42.0521446593776
23004,2010,occurrence,1592,8,10,11,1,5.0251256281407,6.28140703517588,6.90954773869347,62.8140703517588
23004,2010,residence,1951,17,28,32,1,8.71348026652998,14.3516145566376,16.4018452075859,51.2557662737058
23004,2015,occurrence,1713,3,6,7,0,1.75131348511384,3.50262697022767,4.08639813193228,0
23004,2015,residence,2042,11,20,22,0,5.38687561214496,9.79431929480901,10.7737512242899,0
23005,2000,occurrence,3517,39,93,100,1,11.0889963036679,26.4429911856696,28.4333238555587,28.4333238555587
23005,2000,residence,3694,50,110,123,3,13.5354629128316,29.7780184082296,33.2972387655658,81.2127774769897
23005,2005,occurrence,3349,26,35,44,3,7.76351149596895,10.4508808599582,13.1382502239474,89.5789787996417
23005,2005,residence,3462,37,53,66,3,10.6874638937031,15.3090699017909,19.0641247833622,86.6551126516464
23005,2010,occurrence,2710,14,25,28,1,5.16605166051661,9.22509225092251,10.3321033210332,36.90036900369
23005,2010,residence,2907,21,34,40,2,7.22394220846233,11.6959064327485,13.7598899208806,68.7994496044032
23005,2015,occurrence,2403,14,19,21,2,5.826050769871,7.90678318768206,8.73907615480649,83.2292967124428
23005,2015,residence,2769,24,36,39,2,8.66738894907909,13.0010834236186,14.0845070422535,72.2282412423258
23006,2000,occurrence,4527,61,108,133,0,13.4747073116854,23.8568588469185,29.3792798762978,0
23006,2000,residence,4521,89,158,191,0,19.6859101968591,34.9480203494802,42.2472904224729,0
23006,2005,occurrence,4883,24,40,60,1,4.91501126356748,8.19168543927913,12.2875281589187,20.4792135981978
23006,2005,residence,5041,58,87,110,6,11.5056536401508,17.2584804602261,21.8210672485618,119.024003173973
23006,2010,occurrence,4431,29,33,43,0,6.54479801399233,7.44752877454299,9.70435567591966,0
23006,2010,residence,4637,45,62,79,2,9.70455035583351,13.3707138235928,17.0368772913522,43.1313349148156
23006,2015,occurrence,4384,28,33,41,2,6.38686131386861,7.52737226277372,9.3521897810219,45.6204379562044
23006,2015,residence,4759,47,60,70,3,9.87602437486867,12.6076906913217,14.7089724732087,63.0384534566085
23007,2000,occurrence,1480,11,18,20,0,7.43243243243243,12.1621621621622,13.5135135135135,0
23007,2000,residence,1587,22,31,37,2,13.8626339004411,19.533711405167,23.3144297416509,126.023944549464
23007,2005,occurrence,1685,12,17,20,1,7.12166172106825,10.0890207715134,11.8694362017804,59.3471810089021
23007,2005,residence,1702,20,29,34,1,11.7508813160987,17.0387779083431,19.9764982373678,58.7544065804935
23007,2010,occurrence,1699,10,12,13,1,5.88581518540318,7.06297822248381,7.65155974102413,58.8581518540318
23007,2010,residence,1573,12,15,18,1,7.62873490146217,9.53591862682772,11.4431023521933,63.5727908455181
23007,2015,occurrence,1668,9,11,17,0,5.39568345323741,6.5947242206235,10.1918465227818,0
23007,2015,residence,1596,17,23,30,3,10.6516290726817,14.4110275689223,18.796992481203,187.96992481203
23008,2000,occurrence,4865,88,139,152,1,18.0883864337102,28.5714285714286,31.2435765673176,20.5549845837616
23008,2000,residence,5121,93,162,183,1,18.1605155243117,31.6344463971881,35.7352079671939,19.5274360476469
23008,2005,occurrence,4977,46,69,76,1,9.24251557162949,13.8637733574442,15.2702431183444,20.0924251557163
23008,2005,residence,5278,59,105,117,1,11.1784766957181,19.893899204244,22.1674876847291,18.9465706707086
23008,2010,occurrence,4330,31,36,42,2,7.15935334872979,8.31408775981524,9.69976905311778,46.189376443418
23008,2010,residence,4603,50,66,79,7,10.8624809906583,14.3384749076689,17.1627199652401,152.074733869216
23008,2015,occurrence,4189,36,46,49,2,8.59393650035808,10.9811410837909,11.6973024588207,47.744091668656
23008,2015,residence,4467,44,62,67,4,9.85001119319454,13.8795612267741,14.9988806805462,89.5455563017685
23009,2000,occurrence,3649,37,55,63,1,10.1397643189915,15.0726226363387,17.2650041107153,27.4047684297068
23009,2000,residence,3465,50,82,100,2,14.4300144300144,23.6652236652237,28.8600288600289,57.7200577200577
23009,2005,occurrence,2897,16,23,28,4,5.52295478080773,7.93924749741112,9.66517086641353,138.073869520193
23009,2005,residence,2797,33,47,55,7,11.7983553807651,16.8037182695745,19.6639256346085,250.268144440472
23009,2010,occurrence,2347,11,12,17,1,4.68683425649766,5.11291009799744,7.24328930549638,42.6075841499787
23009,2010,residence,2596,21,25,34,3,8.08936825885978,9.63020030816641,13.0970724191063,115.562403697997
23009,2015,occurrence,2285,3,3,5,0,1.3129102844639,1.3129102844639,2.18818380743982,0
23009,2015,residence,2572,13,20,24,1,5.05443234836703,7.77604976671851,9.33125972006221,38.8802488335925
23010,2000,occurrence,3374,41,59,68,3,12.1517486662715,17.4866627148785,20.154119739182,88.9152341434499
23010,2000,residence,3675,53,78,87,5,14.421768707483,21.2244897959184,23.6734693877551,136.054421768707
23010,2005,occurrence,2935,16,21,23,1,5.45144804088586,7.15502555366269,7.83645655877342,34.0715502555366
23010,2005,residence,3119,35,52,59,3,11.2215453671048,16.6720102596986,18.9163193331196,96.1846745751844
23010,2010,occurrence,2726,10,14,16,0,3.66837857666911,5.13573000733676,5.86940572267058,0
23010,2010,residence,2908,19,34,37,0,6.53370013755158,11.6918844566713,12.7235213204952,0
23010,2015,occurrence,2700,14,15,17,1,5.18518518518519,5.55555555555556,6.2962962962963,37.037037037037
23010,2015,residence,2983,33,39,44,2,11.0626885685551,13.0740864901106,14.7502514247402,67.0465973851827
23011,2000,occurrence,12525,327,531,628,13,26.1077844311377,42.3952095808383,50.1397205588823,103.792415169661
23011,2000,residence,12153,235,375,439,11,19.3367892701391,30.8565786225623,36.122768040813,90.5126306261828
23011,2005,occurrence,11431,264,370,420,17,23.0950922928878,32.368121774123,36.7421922841396,148.718397340565
23011,2005,residence,10444,155,212,246,9,14.8410570662581,20.2987361164305,23.5541937954807,86.1738797395634
23011,2010,occurrence,10025,171,203,232,11,17.0573566084788,20.2493765586035,23.142144638404,109.725685785536
23011,2010,residence,9216,116,152,173,4,12.5868055555556,16.4930555555556,18.7717013888889,43.4027777777778
23011,2015,occurrence,9628,140,205,230,11,14.5409223099294,21.292064810968,23.8886580805983,114.250103863731
23011,2015,residence,8230,64,94,110,6,7.77642770352369,11.4216281895504,13.3657351154314,72.9040097205346
23012,2000,occurrence,3663,36,64,80,4,9.82800982800983,17.4720174720175,21.8400218400218,109.200109200109
23012,2000,residence,3855,75,110,133,5,19.4552529182879,28.5343709468223,34.5006485084306,129.70168612192
23012,2005,occurrence,3507,13,25,35,0,3.70687197034502,7.1285999429712,9.98003992015968,0
23012,2005,residence,4117,58,92,109,1,14.0879281029876,22.3463687150838,26.4755890211319,24.2895312120476
23012,2010,occurrence,3144,3,6,13,1,0.954198473282443,1.90839694656489,4.13486005089059,31.8066157760814
23012,2010,residence,3585,33,38,51,3,9.20502092050209,10.5997210599721,14.2259414225941,83.6820083682009
23012,2015,occurrence,2840,7,12,17,0,2.46478873239437,4.22535211267606,5.98591549295775,0
23012,2015,residence,3565,35,53,63,1,9.81767180925666,14.8667601683029,17.671809256662,28.0504908835905
23013,2000,occurrence,6664,83,172,193,4,12.4549819927971,25.8103241296519,28.9615846338535,60.0240096038415
23013,2000,residence,6853,122,246,288,5,17.8024222968043,35.8966875820808,42.0253903399971,72.9607471180505
23013,2005,occurrence,5611,36,48,60,3,6.41596863304224,8.55462484405632,10.6932810550704,53.466405275352
23013,2005,residence,5987,91,122,147,6,15.1995991314515,20.377484549858,24.5531985969601,100.217137130449
23013,2010,occurrence,4926,17,24,33,1,3.45107592367032,4.8721071863581,6.69914738124239,20.3004466098254
23013,2010,residence,5239,51,77,92,4,9.73468219125787,14.6974613475854,17.5606031685436,76.3504485588853
23013,2015,occurrence,4486,12,19,26,2,2.67498885421311,4.23539901917075,5.7958091841284,44.5831475702185
23013,2015,residence,5049,38,57,71,6,7.52624282036047,11.2893642305407,14.0621905327788,118.83541295306
23014,2000,occurrence,2334,48,76,85,3,20.5655526992288,32.5621251071123,36.4181662382177,128.53470437018
23014,2000,residence,2336,55,87,96,5,23.5445205479452,37.2431506849315,41.0958904109589,214.041095890411
23014,2005,occurrence,2024,17,24,24,2,8.39920948616601,11.8577075098814,11.8577075098814,98.8142292490119
23014,2005,residence,1995,20,36,36,2,10.0250626566416,18.0451127819549,18.0451127819549,100.250626566416
23014,2010,occurrence,1629,7,7,11,0,4.29711479435236,4.29711479435236,6.75260896255371,0
23014,2010,residence,1615,18,23,28,1,11.1455108359133,14.2414860681115,17.3374613003096,61.9195046439629
23014,2015,occurrence,1413,9,10,10,0,6.36942675159236,7.07714083510262,7.07714083510262,0
23014,2015,residence,1408,13,19,19,0,9.23295454545454,13.4943181818182,13.4943181818182,0
23015,2000,occurrence,5901,94,145,156,1,15.9295034739875,24.5721064226402,26.4361972547026,16.946280291476
23015,2000,residence,5950,101,165,178,3,16.9747899159664,27.7310924369748,29.9159663865546,50.4201680672269
23015,2005,occurrence,5114,52,72,84,4,10.1681658193195,14.0789988267501,16.4254986312084,78.2166601486117
23015,2005,residence,5270,70,108,123,9,13.2827324478178,20.4933586337761,23.3396584440228,170.777988614801
23015,2010,occurrence,4085,28,35,39,5,6.85434516523868,8.56793145654835,9.54712362301102,122.399020807834
23015,2010,residence,4252,46,61,70,8,10.8184383819379,14.346190028222,16.4628410159925,188.146754468485
23015,2015,occurrence,3570,36,40,43,0,10.0840336134454,11.2044817927171,12.0448179271709,0
23015,2015,residence,3837,50,67,74,0,13.0310138128746,17.461558509252,19.2859004430545,0
23016,2000,occurrence,2805,22,74,83,0,7.84313725490196,26.3814616755793,29.5900178253119,0
23016,2000,residence,3108,40,107,122,0,12.8700128700129,34.4272844272844,39.2535392535393,0
23016,2005,occurrence,2663,21,41,51,1,7.88584303417199,15.3961697333834,19.1513330829891,37.5516334960571
23016,2005,residence,2910,40,84,103,2,13.745704467354,28.8659793814433,35.3951890034364,68.7285223367698
23016,2010,occurrence,2070,11,13,15,1,5.31400966183575,6.28019323671498,7.2463768115942,48.3091787439614
23016,2010,residence,2448,28,35,40,2,11.437908496732,14.297385620915,16.3398692810458,81.6993464052288
23016,2015,occurrence,2031,11,14,15,0,5.41605120630231,6.8931560807484,7.38552437223043,0
23016,2015,residence,2337,26,38,41,1,11.1253744116389,16.260162601626,17.5438596491228,42.7899015832264
23017,2000,occurrence,2904,38,75,81,3,13.0853994490358,25.8264462809917,27.8925619834711,103.305785123967
23017,2000,residence,3224,66,114,122,6,20.4714640198511,35.3598014888338,37.8411910669975,186.104218362283
23017,2005,occurrence,2737,23,33,37,3,8.40336134453782,12.0569967117282,13.5184508586043,109.609061015711
23017,2005,residence,3008,39,58,67,5,12.9654255319149,19.281914893617,22.2739361702128,166.223404255319
23017,2010,occurrence,2152,13,15,16,1,6.04089219330855,6.97026022304833,7.43494423791822,46.4684014869888
23017,2010,residence,2320,21,28,31,3,9.05172413793103,12.0689655172414,13.3620689655172,129.310344827586
23017,2015,occurrence,1976,8,11,11,0,4.04858299595142,5.5668016194332,5.5668016194332,0
23017,2015,residence,2165,30,47,49,0,13.8568129330254,21.7090069284065,22.6327944572748,0
23018,2000,occurrence,5602,116,163,177,6,20.706890396287,29.0967511602999,31.5958586219207,107.104605498036
23018,2000,residence,5437,95,141,157,6,17.472871068604,25.9334191649807,28.8762185028508,110.354975170131
23018,2005,occurrence,5067,79,100,111,3,15.5910795342412,19.7355437142293,21.9064535227946,59.206631142688
23018,2005,residence,4897,75,104,115,3,15.3154992852767,21.2374923422504,23.4837655707576,61.2619971411068
23018,2010,occurrence,4225,24,28,32,1,5.68047337278107,6.62721893491124,7.57396449704142,23.6686390532544
23018,2010,residence,4255,37,48,55,2,8.69565217391304,11.2808460634548,12.9259694477086,47.0035252643948
23018,2015,occurrence,3886,12,18,22,4,3.08800823468863,4.63201235203294,5.66134843026248,102.933607822954
23018,2015,residence,3938,25,39,44,5,6.34840020314881,9.90350431691214,11.1731843575419,126.968004062976
23019,2000,occurrence,2705,37,55,63,1,13.6783733826248,20.3327171903882,23.2902033271719,36.9685767097967
23019,2000,residence,2700,39,59,71,1,14.4444444444444,21.8518518518519,26.2962962962963,37.037037037037
23019,2005,occurrence,3472,23,36,49,2,6.62442396313364,10.36866359447,14.1129032258065,57.6036866359447
23019,2005,residence,3495,38,55,68,1,10.8726752503577,15.7367668097282,19.4563662374821,28.6123032904149
23019,2010,occurrence,3308,23,27,32,1,6.95284159613059,8.16203143893591,9.67351874244256,30.229746070133
23019,2010,residence,3310,49,60,69,1,14.8036253776435,18.1268882175227,20.8459214501511,30.2114803625378
23019,2015,occurrence,3102,17,20,24,0,5.48033526756931,6.44745325596389,7.73694390715667,0
23019,2015,residence,3183,43,57,64,0,13.5092679861766,17.9076343072573,20.1068174677977,0
23020,2000,occurrence,7038,58,172,215,5,8.24097755044047,24.438761011651,30.5484512645638,71.0429099175902
23020,2000,residence,6993,61,169,209,4,8.72300872300872,24.1670241670242,29.8870298870299,57.2000572000572
23020,2005,occurrence,6683,51,77,88,8,7.6313033068981,11.5217716594344,13.1677390393536,119.706718539578
23020,2005,residence,6568,58,89,102,8,8.83069427527406,13.5505481120585,15.5298416565164,121.802679658953
23020,2010,occurrence,5323,41,50,63,7,7.70242344542551,9.39319932368965,11.835431147849,131.504790531655
23020,2010,residence,5386,70,97,117,7,12.996658002228,18.0096546602302,21.7229855180097,129.96658002228
23020,2015,occurrence,5144,24,30,36,4,4.6656298600311,5.83203732503888,6.99844479004666,77.7604976671851
23020,2015,residence,5264,38,54,63,5,7.21884498480243,10.258358662614,11.968085106383,94.984802431611
23021,2000,occurrence,6176,109,188,224,9,17.64896373057,30.440414507772,36.2694300518135,145.725388601036
23021,2000,residence,6046,96,170,202,8,15.8782666225604,28.117763810784,33.4105193516375,132.318888521336
23021,2005,occurrence,7008,98,141,172,4,13.9840182648402,20.1198630136986,24.5433789954338,57.0776255707763
23021,2005,residence,6736,64,99,128,3,9.50118764845606,14.6971496437055,19.0023752969121,44.5368171021378
23021,2010,occurrence,7144,141,185,209,7,19.7368421052632,25.8958566629339,29.2553191489362,97.9843225083987
23021,2010,residence,6767,82,109,128,4,12.1176296734151,16.1075809073445,18.9153243682577,59.1103886508054
23021,2015,occurrence,7505,111,150,162,3,14.7901399067288,19.9866755496336,21.5856095936043,39.9733510992672
23021,2015,residence,6887,71,95,100,1,10.3092783505155,13.7941048351967,14.5201103528387,14.5201103528387
23022,2000,occurrence,3284,14,40,57,0,4.26309378806334,12.1802679658952,17.3568818514007,0
23022,2000,residence,4174,42,96,120,2,10.0622903689506,22.9995208433158,28.7494010541447,47.9156684235745
23022,2005,occurrence,3745,15,17,26,1,4.00534045393859,4.53938584779706,6.94259012016021,26.7022696929239
23022,2005,residence,4378,49,70,83,3,11.192325262677,15.9890360895386,18.9584285061672,68.5244403837369
23022,2010,occurrence,2178,4,7,11,3,1.83654729109275,3.21395775941231,5.05050505050505,137.741046831956
23022,2010,residence,4229,29,49,58,5,6.85741310002365,11.5866635138331,13.7148262000473,118.231260345235
23022,2015,occurrence,2661,6,7,11,0,2.25479143179256,2.63059000375799,4.13378429161969,0
23022,2015,residence,4927,37,47,54,2,7.50964075502334,9.53927339151613,10.9600162370611,40.5926527298559
24001,2000,occurrence,5354,8,38,51,2,1.49420993649608,7.09749719835637,9.52558834516249,37.3552484124019
24001,2000,residence,7254,74,155,187,3,10.2012682657844,21.3675213675214,25.7788806175903,41.3564929693962
24001,2005,occurrence,3726,9,16,26,2,2.41545893719807,4.29414922168545,6.97799248523886,53.6768652710682
24001,2005,residence,5884,47,81,106,5,7.98776342624065,13.7661454792658,18.0149558123725,84.9762066621346
24001,2010,occurrence,3048,4,12,14,0,1.31233595800525,3.93700787401575,4.59317585301837,0
24001,2010,residence,5595,49,80,95,2,8.75781948168007,14.2984807864164,16.9794459338695,35.7462019660411
24001,2015,occurrence,3577,3,10,18,1,0.838691641039978,2.79563880346659,5.03214984623987,27.9563880346659
24001,2015,residence,5708,52,79,94,3,9.11002102312544,13.8402242466713,16.4681149264191,52.5578135949545
24002,2000,occurrence,6670,150,213,233,4,22.4887556221889,31.9340329835083,34.9325337331334,59.9700149925038
24002,2000,residence,6409,131,192,211,1,20.4400062412233,29.9578717428616,32.922452800749,15.6030581994071
24002,2005,occurrence,7360,137,158,177,8,18.6141304347826,21.4673913043478,24.0489130434783,108.695652173913
24002,2005,residence,6939,130,151,172,4,18.7346879953884,21.7610606715665,24.7874333477446,57.6451938319643
24002,2010,occurrence,6891,98,114,128,3,14.221448265854,16.5433173704832,18.5749528370338,43.535045711798
24002,2010,residence,6441,78,102,113,4,12.1099208197485,15.836050302748,17.5438596491228,62.1021580499922
24002,2015,occurrence,7534,86,119,129,7,11.4149190337138,15.7950623838598,17.1223785505708,92.9121316697637
24002,2015,residence,6653,53,77,88,6,7.96633097850594,11.5737261385841,13.2271155869533,90.184879001954
24003,2000,occurrence,4460,18,46,53,1,4.03587443946188,10.3139013452915,11.8834080717489,22.4215246636771
24003,2000,residence,6064,45,107,125,1,7.42084432717678,17.6451187335092,20.61345646438,16.490765171504
24003,2005,occurrence,4047,3,13,19,1,0.741289844329133,3.21225599209291,4.69483568075117,24.7096614776378
24003,2005,residence,5824,32,63,79,3,5.4945054945055,10.8173076923077,13.5645604395604,51.510989010989
24003,2010,occurrence,2626,6,12,19,0,2.28484386900229,4.56968773800457,7.23533891850724,0
24003,2010,residence,4917,40,64,81,1,8.13504169208867,13.0160667073419,16.4734594264796,20.3376042302217
24003,2015,occurrence,1846,3,7,12,1,1.62513542795233,3.7919826652221,6.50054171180932,54.1711809317443
24003,2015,residence,5004,55,74,86,3,10.9912070343725,14.7881694644285,17.1862509992006,59.9520383693046
24004,2000,occurrence,5112,82,110,121,1,16.0406885758998,21.5179968701095,23.6697965571205,19.5618153364632
24004,2000,residence,4862,92,125,140,2,18.9222542163719,25.7095845331139,28.7947346770876,41.1353352529823
24004,2005,occurrence,4512,65,76,83,3,14.4060283687943,16.8439716312057,18.395390070922,66.4893617021277
24004,2005,residence,4502,69,89,99,3,15.3265215459796,19.768991559307,21.9902265659707,66.6370501999112
24004,2010,occurrence,3808,58,59,61,3,15.2310924369748,15.4936974789916,16.0189075630252,78.781512605042
24004,2010,residence,3955,62,72,78,3,15.6763590391909,18.204804045512,19.7218710493047,75.8533501896334
24004,2015,occurrence,3257,20,25,26,1,6.14062020264047,7.67577525330058,7.98280626343261,30.7031010132023
24004,2015,residence,3805,40,60,64,2,10.5124835742444,15.7687253613666,16.8199737187911,52.5624178712221
24005,2000,occurrence,2333,64,89,100,0,27.4324903557651,38.1483069009859,42.863266180883,0
24005,2000,residence,3232,40,67,81,0,12.3762376237624,20.730198019802,25.0618811881188,0
24005,2005,occurrence,2433,15,29,31,0,6.1652281134402,11.9194410193177,12.7414714344431,0
24005,2005,residence,3178,44,75,79,3,13.8451856513531,23.5997482693518,24.8584015103839,94.3989930774072
24005,2010,occurrence,1784,3,4,5,0,1.68161434977578,2.24215246636771,2.80269058295964,0
24005,2010,residence,2755,16,26,28,1,5.80762250453721,9.43738656987296,10.1633393829401,36.2976406533575
24005,2015,occurrence,2186,9,10,11,0,4.11710887465691,4.57456541628545,5.032021957914,0
24005,2015,residence,2743,20,27,32,3,7.29128691213999,9.84323733138899,11.666059059424,109.3693036821
24006,2000,occurrence,4899,42,64,68,1,8.57317819963258,13.0638905899163,13.8803837517861,20.4123290467442
24006,2000,residence,4472,49,73,83,1,10.9570661896243,16.3237924865832,18.5599284436494,22.3613595706619
24006,2005,occurrence,4140,23,34,48,1,5.55555555555556,8.21256038647343,11.5942028985507,24.1545893719807
24006,2005,residence,4187,39,60,78,1,9.31454502030093,14.3300692620014,18.6290900406019,23.8834487700024
24006,2010,occurrence,4063,16,19,25,0,3.93797686438592,4.67634752645828,6.153088850603,0
24006,2010,residence,3668,42,53,61,0,11.4503816793893,14.4492911668484,16.6303162486369,0
24006,2015,occurrence,3772,9,13,18,1,2.38600212089077,3.44644750795334,4.77200424178155,26.5111346765642
24006,2015,residence,3380,35,49,57,1,10.3550295857988,14.4970414201183,16.8639053254438,29.585798816568
24007,2000,occurrence,25939,359,610,732,13,13.8401634604264,23.5167122865184,28.220054743822,50.1175835614326
24007,2000,residence,21695,267,423,497,10,12.306983175847,19.4975800875778,22.9085042636552,46.0935699469924
24007,2005,occurrence,24486,352,524,600,14,14.3755615453729,21.3999836641346,24.5037980887038,57.1755288736421
24007,2005,residence,19426,213,294,334,7,10.9646865026253,15.1343560177082,17.1934520745393,36.0341809945434
24007,2010,occurrence,24441,259,408,471,8,10.5969477517287,16.6932613231864,19.2708972627961,32.7318849474244
24007,2010,residence,18208,137,206,240,4,7.52416520210896,11.3137082601054,13.1810193321617,21.9683655536028
24007,2015,occurrence,26219,348,492,549,18,13.2728174224799,18.7650177352302,20.9390136923605,68.6525039093787
24007,2015,residence,19662,206,289,319,11,10.4770623537789,14.6984030108839,16.2241887905605,55.9454785881396
24008,2000,occurrence,1811,18,29,30,0,9.93926007730536,16.0132523467697,16.5654334621756,0
24008,2000,residence,2441,44,64,70,3,18.0253994264646,26.2187628021303,28.67677181483,122.900450634986
24008,2005,occurrence,1755,1,4,6,0,0.56980056980057,2.27920227920228,3.41880341880342,0
24008,2005,residence,2387,25,38,42,2,10.4733975701718,15.9195643066611,17.5953079178886,83.7871805613741
24008,2010,occurrence,1556,4,4,5,0,2.5706940874036,2.5706940874036,3.2133676092545,0
24008,2010,residence,2125,20,28,31,0,9.41176470588235,13.1764705882353,14.5882352941176,0
24008,2015,occurrence,1136,3,3,3,1,2.64084507042254,2.64084507042254,2.64084507042254,88.0281690140845
24008,2015,residence,2144,21,25,28,1,9.79477611940299,11.660447761194,13.0597014925373,46.6417910447761
25001,2000,occurrence,18875,277,507,597,7,14.6754966887417,26.8609271523179,31.6291390728477,37.0860927152318
25001,2000,residence,16981,223,399,471,3,13.1323243625228,23.4968494199399,27.7368823979742,17.6668040751428
25001,2005,occurrence,22446,323,485,549,10,14.3900917758175,21.6074133475898,24.4587008821171,44.5513677269892
25001,2005,residence,19627,228,351,389,5,11.6166505324298,17.8835277933459,19.8196362154175,25.4751108167321
25001,2010,occurrence,23066,262,381,446,13,11.3587097893003,16.5178184340588,19.335818954305,56.360010404925
25001,2010,residence,19237,178,252,297,9,9.25300202734314,13.09975567916,15.4389977647242,46.7848417112856
25001,2015,occurrence,22653,195,285,345,12,8.60813137332804,12.5811150840948,15.2297708912727,52.9731161435571
25001,2015,residence,19895,141,207,242,10,7.08720784116612,10.4046242774566,12.1638602663986,50.2638853983413
25002,2000,occurrence,5104,54,140,164,0,10.5799373040752,27.4294670846395,32.1316614420063,0
25002,2000,residence,4691,90,200,233,0,19.1856746962268,42.6348326582818,49.6695800468983,0
25002,2005,occurrence,5081,16,43,49,0,3.14898641999606,8.46290100373942,9.64377091123795,0
25002,2005,residence,5221,48,92,110,0,9.19364106493009,17.6211453744493,21.0687607737981,0
25002,2010,occurrence,4010,8,17,25,1,1.99501246882793,4.23940149625935,6.23441396508728,24.9376558603491
25002,2010,residence,4496,38,54,68,2,8.45195729537367,12.0106761565836,15.1245551601423,44.4839857651246
25002,2015,occurrence,3454,14,18,20,1,4.05327156919514,5.21134916039375,5.79038795599305,28.9519397799653
25002,2015,residence,4247,35,46,54,2,8.2411113727337,10.8311749470214,12.7148575465034,47.0920649870497
25003,2000,occurrence,2239,24,59,68,0,10.7190710138455,26.3510495757034,30.3707012058955,0
25003,2000,residence,3276,52,107,121,0,15.8730158730159,32.6617826617827,36.9352869352869,0
25003,2005,occurrence,1916,8,17,24,0,4.17536534446764,8.87265135699374,12.5260960334029,0
25003,2005,residence,3465,41,63,74,1,11.8326118326118,18.1818181818182,21.3564213564214,28.8600288600289
25003,2010,occurrence,1174,3,7,14,1,2.55536626916525,5.96252129471891,11.9250425894378,85.1788756388416
25003,2010,residence,3086,28,44,58,4,9.07323395981854,14.2579390797148,18.7945560596241,129.617627997408
25003,2015,occurrence,370,2,7,10,0,5.40540540540541,18.9189189189189,27.027027027027,0
25003,2015,residence,2960,21,34,45,6,7.0945945945946,11.4864864864865,15.2027027027027,202.702702702703
25004,2000,occurrence,1458,14,31,34,0,9.60219478737997,21.2620027434842,23.3196159122085,0
25004,2000,residence,1510,35,54,60,0,23.1788079470199,35.7615894039735,39.7350993377483,0
25004,2005,occurrence,1701,5,11,11,0,2.93944738389183,6.46678424456202,6.46678424456202,0
25004,2005,residence,1995,18,31,32,0,9.02255639097744,15.5388471177945,16.0401002506266,0
25004,2010,occurrence,1243,2,7,8,0,1.60901045856798,5.63153660498793,6.43604183427192,0
25004,2010,residence,1618,13,23,27,0,8.03461063040791,14.2150803461063,16.6872682323857,0
25004,2015,occurrence,918,0,3,3,2,0,3.26797385620915,3.26797385620915,217.864923747277
25004,2015,residence,1476,9,17,18,3,6.09756097560976,11.5176151761518,12.1951219512195,203.252032520325
25005,2000,occurrence,1398,23,43,46,0,16.4520743919886,30.758226037196,32.9041487839771,0
25005,2000,residence,1471,31,57,60,0,21.0740992522094,38.7491502379334,40.7885791978246,0
25005,2005,occurrence,1662,9,16,19,0,5.41516245487365,9.62695547533093,11.4320096269555,0
25005,2005,residence,1830,26,35,41,0,14.207650273224,19.1256830601093,22.4043715846995,0
25005,2010,occurrence,1303,2,2,5,0,1.53491941673062,1.53491941673062,3.83729854182655,0
25005,2010,residence,1632,15,22,30,0,9.19117647058824,13.4803921568627,18.3823529411765,0
25005,2015,occurrence,1212,5,6,7,1,4.12541254125413,4.95049504950495,5.77557755775578,82.5082508250825
25005,2015,residence,1587,23,28,34,1,14.4927536231884,17.643352236925,21.4240705734089,63.0119722747322
25006,2000,occurrence,4209,76,147,165,4,18.0565454977429,34.9251603706344,39.2017106200998,95.0344499881207
25006,2000,residence,4128,71,137,154,4,17.1996124031008,33.187984496124,37.3062015503876,96.8992248062015
25006,2005,occurrence,4176,73,103,112,2,17.4808429118774,24.6647509578544,26.8199233716475,47.8927203065134
25006,2005,residence,3983,56,79,89,1,14.0597539543058,19.8342957569671,22.3449661059503,25.1067034898318
25006,2010,occurrence,3436,48,65,74,1,13.9697322467986,18.9173457508731,21.5366705471478,29.1036088474971
25006,2010,residence,3448,41,51,58,2,11.8909512761021,14.7911832946636,16.8213457076566,58.0046403712297
25006,2015,occurrence,4465,53,71,77,3,11.8701007838746,15.9014557670773,17.2452407614782,67.1892497200448
25006,2015,residence,3433,33,41,46,4,9.61258374599476,11.9429070783571,13.3993591610836,116.516166618118
25007,2000,occurrence,2138,30,58,67,0,14.0318054256314,27.1281571562208,31.3376987839102,0
25007,2000,residence,2324,48,86,98,1,20.6540447504303,37.0051635111876,42.1686746987952,43.0292598967298
25007,2005,occurrence,1971,13,29,36,1,6.59563673262303,14.7133434804668,18.2648401826484,50.7356671740233
25007,2005,residence,2561,34,63,76,2,13.2760640374854,24.599765716517,29.6759078484967,78.0944943381492
25007,2010,occurrence,1579,7,9,11,0,4.43318556048132,5.69981000633312,6.96643445218493,0
25007,2010,residence,2119,27,35,40,0,12.7418593676262,16.5172251061822,18.8768286927796,0
25007,2015,occurrence,1331,6,9,10,1,4.50788880540947,6.7618332081142,7.51314800901578,75.1314800901578
25007,2015,residence,2012,23,34,37,2,11.4314115308151,16.8986083499006,18.389662027833,99.4035785288271
25008,2000,occurrence,1594,13,23,27,0,8.1555834378921,14.4291091593476,16.9385194479297,0
25008,2000,residence,1788,23,34,40,0,12.8635346756152,19.0156599552573,22.3713646532438,0
25008,2005,occurrence,1793,12,12,15,0,6.69269380925823,6.69269380925823,8.36586726157278,0
25008,2005,residence,1934,28,36,43,0,14.4777662874871,18.6142709410548,22.2337125129266,0
25008,2010,occurrence,1252,4,5,5,0,3.19488817891374,3.99361022364217,3.99361022364217,0
25008,2010,residence,1707,17,22,25,1,9.95899238429994,12.888107791447,14.6455770357352,58.5823081429408
25008,2015,occurrence,1268,4,5,5,0,3.15457413249211,3.94321766561514,3.94321766561514,0
25008,2015,residence,1579,14,16,20,0,8.86637112096264,10.1329955668144,12.6662444585181,0
25009,2000,occurrence,2489,26,52,60,1,10.4459622338288,20.8919244676577,24.1060666934512,40.1767778224186
25009,2000,residence,2613,26,53,65,1,9.9502487562189,20.283199387677,24.8756218905473,38.2701875239189
25009,2005,occurrence,2530,25,32,34,0,9.88142292490119,12.6482213438735,13.4387351778656,0
25009,2005,residence,2752,30,39,43,0,10.9011627906977,14.171511627907,15.625,0
25009,2010,occurrence,2095,14,18,21,1,6.68257756563246,8.59188544152745,10.0238663484487,47.7326968973747
25009,2010,residence,2396,31,43,49,1,12.9382303839733,17.9465776293823,20.4507512520868,41.7362270450751
25009,2015,occurrence,1937,19,22,23,1,9.80898296334538,11.3577697470315,11.8740320082602,51.6262261228704
25009,2015,residence,2431,26,34,38,1,10.6951871657754,13.986013986014,15.6314273961333,41.1353352529823
25010,2000,occurrence,1913,13,20,26,0,6.79560899111344,10.4547830632514,13.5912179822269,0
25010,2000,residence,1627,10,19,25,0,6.14628149969269,11.6779348494161,15.3657037492317,0
25010,2005,occurrence,2172,6,9,10,0,2.76243093922652,4.14364640883978,4.60405156537753,0
25010,2005,residence,1978,14,21,25,0,7.0778564206269,10.6167846309403,12.639029322548,0
25010,2010,occurrence,1700,15,16,18,0,8.82352941176471,9.41176470588235,10.5882352941176,0
25010,2010,residence,1553,28,33,38,0,18.0296200901481,21.249195106246,24.4687701223439,0
25010,2015,occurrence,1917,12,13,15,1,6.25978090766823,6.78142931664058,7.82472613458529,52.1648408972353
25010,2015,residence,1634,25,30,33,1,15.2998776009792,18.359853121175,20.1958384332925,61.1995104039168
25011,2000,occurrence,1142,26,44,48,0,22.7670753064799,38.5288966725044,42.031523642732,0
25011,2000,residence,1331,34,60,67,0,25.5447032306536,45.0788880540947,50.3380916604057,0
25011,2005,occurrence,869,3,9,12,0,3.45224395857307,10.3567318757192,13.8089758342923,0
25011,2005,residence,1519,16,29,35,1,10.533245556287,19.0915075707702,23.0414746543779,65.832784726794
25011,2010,occurrence,727,4,5,7,0,5.50206327372765,6.87757909215956,9.62861072902338,0
25011,2010,residence,1278,14,19,22,0,10.9546165884194,14.8669796557121,17.2143974960876,0
25011,2015,occurrence,452,0,1,2,0,0,2.21238938053097,4.42477876106195,0
25011,2015,residence,1050,3,8,12,0,2.85714285714286,7.61904761904762,11.4285714285714,0
25012,2000,occurrence,1135,20,81,83,0,17.6211453744493,71.3656387665198,73.1277533039648,0
25012,2000,residence,2069,44,115,123,1,21.2663122281295,55.582406959884,59.4490091831803,48.3325277912035
25012,2005,occurrence,1410,6,14,19,0,4.25531914893617,9.9290780141844,13.4751773049645,0
25012,2005,residence,2895,42,60,69,3,14.5077720207254,20.7253886010363,23.8341968911917,103.626943005181
25012,2010,occurrence,460,1,5,5,0,2.17391304347826,10.8695652173913,10.8695652173913,0
25012,2010,residence,2253,28,40,48,0,12.42787394585,17.7541056369285,21.3049267643143,0
25012,2015,occurrence,944,1,5,7,1,1.05932203389831,5.29661016949153,7.41525423728814,105.932203389831
25012,2015,residence,2698,20,27,39,1,7.41289844329133,10.0074128984433,14.4551519644181,37.0644922164566
25013,2000,occurrence,707,5,9,9,0,7.07213578500707,12.7298444130127,12.7298444130127,0
25013,2000,residence,791,10,15,22,0,12.6422250316056,18.9633375474083,27.8128950695322,0
25013,2005,occurrence,931,5,9,9,0,5.37056928034372,9.66702470461869,9.66702470461869,0
25013,2005,residence,990,14,19,20,0,14.1414141414141,19.1919191919192,20.2020202020202,0
25013,2010,occurrence,657,2,2,3,1,3.0441400304414,3.0441400304414,4.5662100456621,152.20700152207
25013,2010,residence,761,5,6,7,2,6.57030223390276,7.88436268068331,9.19842312746386,262.81208935611
25013,2015,occurrence,719,0,1,1,0,0,1.39082058414465,1.39082058414465,0
25013,2015,residence,805,5,9,11,1,6.2111801242236,11.1801242236025,13.6645962732919,124.223602484472
25014,2000,occurrence,633,13,60,69,0,20.5371248025276,94.7867298578199,109.004739336493,0
25014,2000,residence,1603,22,82,95,1,13.7242669993762,51.1540860885839,59.2638802245789,62.3830318153462
25014,2005,occurrence,968,7,22,29,0,7.23140495867769,22.7272727272727,29.9586776859504,0
25014,2005,residence,2488,36,65,77,1,14.4694533762058,26.1254019292605,30.9485530546624,40.1929260450161
25014,2010,occurrence,346,2,3,6,0,5.78034682080925,8.67052023121387,17.3410404624277,0
25014,2010,residence,2329,20,33,37,1,8.587376556462,14.1691713181623,15.8866466294547,42.93688278231
25014,2015,occurrence,1401,3,4,5,0,2.14132762312634,2.85510349750178,3.56887937187723,0
25014,2015,residence,2348,13,20,29,1,5.5366269165247,8.51788756388416,12.350936967632,42.5894378194208
25015,2000,occurrence,631,7,26,33,0,11.0935023771791,41.2044374009509,52.29793977813,0
25015,2000,residence,2200,56,91,104,0,25.4545454545455,41.3636363636364,47.2727272727273,0
25015,2005,occurrence,323,1,7,9,0,3.09597523219814,21.671826625387,27.8637770897833,0
25015,2005,residence,2372,18,34,39,1,7.5885328836425,14.3338954468803,16.4418212478921,42.1585160202361
25015,2010,occurrence,130,0,1,6,0,0,7.69230769230769,46.1538461538462,0
25015,2010,residence,2325,17,21,30,1,7.31182795698925,9.03225806451613,12.9032258064516,43.010752688172
25015,2015,occurrence,449,1,2,4,0,2.2271714922049,4.4543429844098,8.9086859688196,0
25015,2015,residence,2246,16,25,32,1,7.12377560106857,11.1308993766696,14.2475512021371,44.5235975066785
25016,2000,occurrence,12142,413,570,629,5,34.0141657058145,46.9444901993082,51.8036567287103,41.1793773678142
25016,2000,residence,9022,245,338,367,4,27.1558412768787,37.463976945245,40.6783418310796,44.3360673908224
25016,2005,occurrence,13406,274,379,419,4,20.438609577801,28.2709234671043,31.2546620916008,29.8373862449649
25016,2005,residence,8684,143,196,219,2,16.4670658682635,22.5702441271304,25.218793182865,23.0308613542146
25016,2010,occurrence,14432,230,292,330,11,15.9368070953437,20.2328159645233,22.8658536585366,76.219512195122
25016,2010,residence,8461,110,149,162,5,13.0008273253753,17.6102115589174,19.1466729700981,59.0946696607966
25016,2015,occurrence,15338,163,215,254,15,10.6272004172643,14.0174729430173,16.5601773373321,97.7963228582605
25016,2015,residence,8688,84,112,128,4,9.66850828729282,12.8913443830571,14.7329650092081,46.0405156537753
26001,2000,occurrence,3320,64,103,110,0,19.2771084337349,31.0240963855422,33.1325301204819,0
26001,2000,residence,3336,70,117,125,0,20.9832134292566,35.0719424460432,37.4700239808154,0
26001,2005,occurrence,3695,38,53,56,1,10.2841677943166,14.3437077131258,15.1556156968877,27.063599458728
26001,2005,residence,3206,44,68,71,2,13.7242669993762,21.2102308172177,22.1459762944479,62.3830318153462
26001,2010,occurrence,3332,23,30,37,0,6.90276110444178,9.00360144057623,11.1044417767107,0
26001,2010,residence,2706,36,53,61,1,13.3037694013304,19.5861049519586,22.5424981522543,36.9549150036955
26001,2015,occurrence,2559,12,16,19,0,4.68933177022274,6.25244236029699,7.42477530285268,0
26001,2015,residence,2812,23,31,35,0,8.17923186344239,11.0241820768137,12.4466571834993,0
26002,2000,occurrence,7430,75,236,272,5,10.0942126514132,31.7631224764468,36.6083445491252,67.2947510094213
26002,2000,residence,7751,82,247,282,5,10.5792800928912,31.8668558895626,36.3824022706748,64.5078054444588
26002,2005,occurrence,7758,125,235,271,1,16.1124001031194,30.2913121938644,34.9316834235628,12.8899200824955
26002,2005,residence,7778,132,246,284,1,16.9709436873232,31.6276677809206,36.5132424787863,12.8567755206994
26002,2010,occurrence,5754,48,79,95,3,8.34202294056309,13.7295794230101,16.5102537365311,52.1376433785193
26002,2010,residence,6686,94,142,169,4,14.0592282381095,21.2384086150165,25.2766975770266,59.8265031408914
26002,2015,occurrence,5534,35,44,57,2,6.32453921214312,7.95084929526563,10.2999638597759,36.1402240693892
26002,2015,residence,6252,83,104,122,8,13.275751759437,16.6346769033909,19.5137555982086,127.959053103007
26003,2000,occurrence,21902,375,733,830,7,17.1217240434664,33.4672632636289,37.8960825495389,31.9605515478039
26003,2000,residence,22576,454,837,962,10,20.1098511693834,37.0747696669029,42.611622962438,44.2948263642807
26003,2005,occurrence,19658,217,361,425,4,11.0387628446434,18.3640248244989,21.6196968155458,20.3479499440431
26003,2005,residence,21474,285,470,550,5,13.271863649064,21.8869330352985,25.6123684455621,23.2839713141473
26003,2010,occurrence,15259,140,193,221,11,9.17491316600039,12.648273150272,14.4832557834721,72.0886034471459
26003,2010,residence,19175,202,302,358,11,10.5345501955671,15.7496740547588,18.6701434159061,57.3663624511082
26003,2015,occurrence,16636,123,177,216,10,7.39360423178649,10.6395768213513,12.9838903582592,60.1106035104592
26003,2015,residence,19929,185,275,330,13,9.28295448843394,13.7989864017261,16.5587836820714,65.2315720808872
26004,2000,occurrence,10749,161,399,448,3,14.9781375011629,37.1197320680994,41.6782956554098,27.9095729835334
26004,2000,residence,10392,174,426,478,4,16.743648960739,40.9930715935335,45.9969207082371,38.4911470361817
26004,2005,occurrence,9950,135,225,256,2,13.5678391959799,22.6130653266332,25.7286432160804,20.1005025125628
26004,2005,residence,9959,156,263,304,4,15.6642233155939,26.4082739230846,30.5251531278241,40.1646751681896
26004,2010,occurrence,8604,54,80,95,2,6.27615062761506,9.29800092980009,11.0413761041376,23.2450023245002
26004,2010,residence,9013,104,144,168,4,11.5388882724953,15.976922223455,18.6397425940308,44.3803395095973
26004,2015,occurrence,7121,39,56,71,2,5.47675888217947,7.86406403595001,9.97050975986519,28.0859429855357
26004,2015,residence,8905,92,118,142,6,10.3312745648512,13.2509825940483,15.9460976979225,67.3778775968557
26005,2000,occurrence,4848,42,113,133,3,8.66336633663366,23.3085808580858,27.4339933993399,61.8811881188119
26005,2000,residence,5534,93,192,222,7,16.805204192266,34.6946151066137,40.115648717022,126.490784242862
26005,2005,occurrence,4673,22,54,65,1,4.70789642627862,11.555745773593,13.9096939867323,21.3995292103574
26005,2005,residence,5704,84,137,157,3,14.726507713885,24.0182328190743,27.5245441795231,52.5946704067321
26005,2010,occurrence,2747,10,19,24,0,3.64033491081179,6.91663633054241,8.73680378594831,0
26005,2010,residence,4635,44,67,83,2,9.49298813376483,14.4552319309601,17.9072276159655,43.1499460625674
26005,2015,occurrence,1482,4,10,14,1,2.69905533063428,6.7476383265857,9.44669365721997,67.476383265857
26005,2015,residence,4771,43,64,73,3,9.01278557954307,13.4143785369943,15.3007755187592,62.879899392161
26006,2000,occurrence,9674,76,182,209,2,7.85610915856936,18.8133140376266,21.6043001860657,20.6739714699194
26006,2000,residence,10143,149,293,349,4,14.6899339445923,28.8869170856749,34.4079660849847,39.4360642807848
26006,2005,occurrence,7607,40,81,95,1,5.2583147101354,10.6480872880242,12.4884974365716,13.1457867753385
26006,2005,residence,9136,107,175,206,4,11.7119089316988,19.1549912434326,22.5481611208406,43.7828371278459
26006,2010,occurrence,5229,15,26,34,0,2.86861732644865,4.972270032511,6.50219927328361,0
26006,2010,residence,8378,75,102,117,2,8.952017187873,12.1747433755073,13.9651468130819,23.872045834328
26006,2015,occurrence,6642,19,25,32,2,2.86058416139717,3.76392652815417,4.81782595603734,30.1114122252334
26006,2015,residence,8313,63,83,99,4,7.57849151930711,9.98436184289667,11.9090581017683,48.1174064717912
26007,2000,occurrence,7764,73,177,198,2,9.40236991241628,22.7975270479135,25.5023183925811,25.7599175682638
26007,2000,residence,8089,90,209,237,5,11.1262207936704,25.8375571764124,29.2990480899988,61.8123377426134
26007,2005,occurrence,6820,105,168,199,2,15.3958944281525,24.633431085044,29.1788856304985,29.3255131964809
26007,2005,residence,7223,141,222,256,3,19.5209746642669,30.7351515990586,35.4423369790946,41.5339886473764
26007,2010,occurrence,6245,61,97,113,2,9.76781425140112,15.5324259407526,18.0944755804644,32.0256204963971
26007,2010,residence,6570,103,146,172,2,15.6773211567732,22.2222222222222,26.179604261796,30.441400304414
26007,2015,occurrence,5564,36,52,66,4,6.47016534867002,9.34579439252336,11.861969805895,71.8907260963336
26007,2015,residence,6064,70,98,116,6,11.5435356200528,16.1609498680739,19.1292875989446,98.9445910290237
26008,2000,occurrence,11328,155,382,452,1,13.6829096045198,33.7217514124294,39.9011299435028,8.82768361581921
26008,2000,residence,11401,228,504,590,3,19.9982457679151,44.2066485396018,51.7498465046926,26.3134812735725
26008,2005,occurrence,10427,97,186,229,2,9.30277165052268,17.8383044020332,21.9622134842237,19.1809724753045
26008,2005,residence,11297,159,293,349,7,14.0745330618748,25.9360892272285,30.893157475436,61.9633531025936
26008,2010,occurrence,7494,26,48,62,1,3.46944222044302,6.40512409927942,8.27328529490259,13.3440085401655
26008,2010,residence,8610,75,121,145,5,8.71080139372822,14.0534262485482,16.8408826945412,58.0720092915215
26008,2015,occurrence,8346,42,67,78,2,5.03235082674335,8.02779774742392,9.34579439252336,23.9635753654445
26008,2015,residence,10294,88,126,146,3,8.54866912764717,12.240139887313,14.1830192345055,29.1431902078881
26009,2000,occurrence,6176,193,280,319,10,31.25,45.3367875647668,51.6515544041451,161.917098445596
26009,2000,residence,8757,182,271,315,8,20.7833733013589,30.946671234441,35.9712230215827,91.3554870389403
26009,2005,occurrence,7421,175,240,274,9,23.5817275299825,32.3406548982617,36.9222476755154,121.277455868481
26009,2005,residence,8624,165,229,269,9,19.1326530612245,26.5538033395176,31.1920222634508,104.359925788497
26009,2010,occurrence,8433,181,236,265,5,21.4632989446223,27.9852958614965,31.4241669631211,59.2908810624926
26009,2010,residence,8027,98,137,155,6,12.2087953158091,17.067397533325,19.3098293260247,74.7477264233213
26009,2015,occurrence,10265,255,345,373,10,24.8416950803702,33.6093521675597,36.3370677057964,97.4184120798831
26009,2015,residence,9103,110,146,169,6,12.0839283752609,16.0386685708008,18.5653081401736,65.9123365923322
26010,2000,occurrence,70302,1375,2045,2388,39,19.5584762880146,29.0887883701744,33.9677391823846,55.474950926005
26010,2000,residence,68215,1078,1580,1819,29,15.8029758850693,23.1620611302499,26.6656893645093,42.5126438466613
26010,2005,occurrence,66493,1005,1513,1762,39,15.1143729415126,22.7542748860782,26.4990299730799,58.6527905193028
26010,2005,residence,60658,672,989,1141,25,11.0785057205974,16.3045270203436,18.8103795047644,41.2146790200798
26010,2010,occurrence,67917,897,1298,1496,43,13.2072971420999,19.1115626426373,22.0268857576159,63.3125726990297
26010,2010,residence,56235,534,750,863,32,9.49586556415044,13.3368898372899,15.346314572775,56.9040633057704
26010,2015,occurrence,75530,870,1216,1372,63,11.5186018800477,16.0995630875149,18.1649675625579,83.4105653382762
26010,2015,residence,62263,528,739,821,45,8.48015675441273,11.869007275589,13.186001316994,72.2740632478358
26011,2000,occurrence,3762,82,115,125,2,21.7969165337586,30.56884635832,33.2270069112174,53.1632110579479
26011,2000,residence,3162,60,86,94,0,18.9753320683112,27.1979759645794,29.7280202403542,0
26011,2005,occurrence,3341,67,90,93,3,20.0538760850045,26.9380425022448,27.8359772523197,89.7934750074828
26011,2005,residence,2897,41,58,63,4,14.1525716258198,20.020711080428,21.7466344494304,138.073869520193
26011,2010,occurrence,3160,38,45,48,2,12.0253164556962,14.2405063291139,15.1898734177215,63.2911392405063
26011,2010,residence,2616,31,40,47,2,11.8501529051988,15.2905198776758,17.9663608562691,76.4525993883792
26011,2015,occurrence,2948,25,34,37,2,8.48032564450475,11.5332428765265,12.550881953867,67.842605156038
26011,2015,residence,2489,32,42,48,1,12.856568903174,16.8742466854158,19.284853354761,40.1767778224186
26012,2000,occurrence,3914,59,95,104,1,15.074092999489,24.2718446601942,26.5712825753705,25.5493101686255
26012,2000,residence,4040,68,113,128,4,16.8316831683168,27.970297029703,31.6831683168317,99.009900990099
26012,2005,occurrence,4385,66,95,102,1,15.0513112884835,21.6647662485747,23.2611174458381,22.8050171037628
26012,2005,residence,4138,79,116,126,1,19.0913484775254,28.032866118898,30.4494925084582,24.1662638956017
26012,2010,occurrence,4068,45,56,67,3,11.0619469026549,13.7659783677483,16.4700098328417,73.7463126843658
26012,2010,residence,3940,56,75,88,3,14.2131979695431,19.0355329949239,22.3350253807107,76.1421319796954
26012,2015,occurrence,3582,28,33,39,3,7.81686208821887,9.21273031825796,10.8877721943049,83.7520938023451
26012,2015,residence,3827,46,59,70,3,12.0198588973086,15.4167755422002,18.2910896263392,78.3903841128822
27001,2000,occurrence,23186,642,984,1158,15,27.689122746485,42.4394030880704,49.9439316829121,64.6942120244976
27001,2000,residence,21446,481,695,798,12,22.4284248810967,32.4069756597967,37.2097360813205,55.9544903478504
27001,2005,occurrence,23725,522,771,886,15,22.0021074815595,32.4973656480506,37.3445732349842,63.2244467860906
27001,2005,residence,20589,292,427,482,7,14.1823303705862,20.7392296857545,23.4105590363787,33.9987371897615
27001,2010,occurrence,25422,390,572,662,20,15.341043190937,22.5001966800409,26.040437416411,78.6720163637794
27001,2010,residence,19215,207,303,354,12,10.7728337236534,15.7689305230289,18.4231069476971,62.4512099921936
27001,2015,occurrence,23901,321,452,511,22,13.4304004016568,18.9113426216476,21.3798585833229,92.0463578929752
27001,2015,residence,19589,219,292,316,14,11.1797437337281,14.9063249783042,16.1315023737812,71.4686814028281
27002,2000,occurrence,2122,24,92,105,0,11.3100848256362,43.3553251649387,49.4816211121584,0
27002,2000,residence,3482,72,173,200,0,20.6777713957496,49.6840896036761,57.4382538770821,0
27002,2005,occurrence,1826,3,18,27,0,1.64293537787514,9.85761226725082,14.7864184008762,0
27002,2005,residence,3097,46,75,90,1,14.8530836293187,24.216984178237,29.0603810138844,32.2893122376493
27002,2010,occurrence,960,2,3,10,0,2.08333333333333,3.125,10.4166666666667,0
27002,2010,residence,2973,32,44,56,1,10.7635385132862,14.7998654557686,18.8361923982509,33.6360578540195
27002,2015,occurrence,798,4,7,9,0,5.0125313283208,8.7719298245614,11.2781954887218,0
27002,2015,residence,2643,18,31,37,1,6.81044267877412,11.7290957245554,13.9992432841468,37.8357926598562
27003,2000,occurrence,4762,36,120,143,0,7.55984880302394,25.1994960100798,30.0293994120118,0
27003,2000,residence,5198,73,198,243,1,14.0438630242401,38.0915736821855,46.7487495190458,19.2381685263563
27003,2005,occurrence,3863,22,61,72,3,5.69505565622573,15.7908361377168,18.6383639658297,77.6598498576236
27003,2005,residence,4734,68,132,164,3,14.3641740599916,27.8833967046895,34.6430080270385,63.3713561470216
27003,2010,occurrence,2381,9,21,26,0,3.77992440151197,8.81982360352793,10.9197816043679,0
27003,2010,residence,3916,50,77,93,2,12.7681307456588,19.6629213483146,23.7487231869254,51.0725229826354
27003,2015,occurrence,2832,9,14,22,0,3.17796610169492,4.94350282485876,7.7683615819209,0
27003,2015,residence,3571,32,48,60,4,8.96107532903949,13.4416129935592,16.802016241949,112.013441612994
27004,2000,occurrence,2705,25,60,71,0,9.24214417744917,22.181146025878,26.2476894639556,0
27004,2000,residence,3079,61,124,144,1,19.8116271516726,40.2728158493017,46.7684313088665,32.478077297824
27004,2005,occurrence,2135,10,31,36,0,4.68384074941452,14.519906323185,16.8618266978923,0
27004,2005,residence,2897,35,73,91,2,12.0814635830169,25.1984811874353,31.411805315844,69.0369347600967
27004,2010,occurrence,911,2,8,13,0,2.1953896816685,8.78155872667399,14.2700329308452,0
27004,2010,residence,2454,30,44,55,0,12.2249388753056,17.9299103504482,22.4123879380603,0
27004,2015,occurrence,704,1,4,10,0,1.42045454545455,5.68181818181818,14.2045454545455,0
27004,2015,residence,2192,21,29,45,1,9.58029197080292,13.2299270072993,20.529197080292,45.6204379562044
27005,2000,occurrence,4149,22,58,76,1,5.30248252590986,13.9792721137624,18.3176669076886,24.1021932995903
27005,2000,residence,4952,58,121,153,2,11.7124394184168,24.4345718901454,30.8966074313409,40.3877221324717
27005,2005,occurrence,3525,12,37,50,1,3.40425531914894,10.4964539007092,14.1843971631206,28.3687943262411
27005,2005,residence,4673,55,101,122,2,11.7697410656966,21.613524502461,26.107425636636,42.7990584207147
27005,2010,occurrence,2335,20,24,29,0,8.56531049250535,10.2783725910064,12.4197002141328,0
27005,2010,residence,3511,43,59,73,2,12.2472230133865,16.8043292509257,20.7917972087724,56.9638279692395
27005,2015,occurrence,2813,23,30,35,1,8.17632420902951,10.6647707074298,12.4422324920014,35.5492356914326
27005,2015,residence,3231,43,55,63,2,13.3085731971526,17.0225936242649,19.4986072423398,61.9003404518725
27006,2000,occurrence,4624,109,172,196,3,23.5726643598616,37.19723183391,42.3875432525952,64.878892733564
27006,2000,residence,4085,88,143,168,2,21.5422276621787,35.0061199510404,41.1260709914321,48.9596083231334
27006,2005,occurrence,4169,50,78,90,0,11.9932837610938,18.7095226673063,21.5879107699688,0
27006,2005,residence,4095,56,94,108,0,13.6752136752137,22.954822954823,26.3736263736264,0
27006,2010,occurrence,2753,17,23,30,0,6.17508172902288,8.35452233926626,10.8972030512169,0
27006,2010,residence,3360,38,53,62,0,11.3095238095238,15.7738095238095,18.452380952381,0
27006,2015,occurrence,2890,26,30,34,1,8.99653979238754,10.3806228373702,11.7647058823529,34.6020761245675
27006,2015,residence,3208,37,48,54,1,11.5336658354115,14.9625935162095,16.8329177057357,31.1720698254364
27007,2000,occurrence,11298,134,275,330,4,11.8605062842981,24.3405912550894,29.2087095061073,35.4044963710391
27007,2000,residence,11002,138,266,329,4,12.5431739683694,24.1774222868569,29.9036538811125,36.3570259952736
27007,2005,occurrence,10861,114,214,246,6,10.4962710615965,19.7035263787865,22.6498480802873,55.2435319031397
27007,2005,residence,9670,154,248,282,8,15.9255429162358,25.64632885212,29.1623578076525,82.7300930713547
27007,2010,occurrence,10608,108,154,173,5,10.1809954751131,14.5173453996983,16.3084464555053,47.1342383107089
27007,2010,residence,8643,103,159,178,5,11.9171583940761,18.3963901423117,20.5947009140345,57.850283466389
27007,2015,occurrence,9455,92,119,132,2,9.73030142781597,12.585933368588,13.9608672659968,21.1528291909043
27007,2015,residence,8758,89,124,141,3,10.1621374743092,14.1584836720713,16.0995661109842,34.2543959808175
27008,2000,occurrence,3650,81,110,122,5,22.1917808219178,30.1369863013699,33.4246575342466,136.986301369863
27008,2000,residence,3391,63,89,106,3,18.5785903863167,26.2459451489236,31.2592155706281,88.4694780300796
27008,2005,occurrence,2989,72,99,106,4,24.0883238541318,33.1214452994313,35.4633656741385,133.824021411843
27008,2005,residence,2873,44,73,81,1,15.3150017403411,25.4089801601114,28.1935259310825,34.8068221371389
27008,2010,occurrence,2920,35,44,48,3,11.986301369863,15.0684931506849,16.4383561643836,102.739726027397
27008,2010,residence,2691,29,38,42,4,10.776662950576,14.1211445559272,15.6075808249721,148.643626904496
27008,2015,occurrence,2941,27,36,39,1,9.18055083304998,12.2407344440666,13.2607956477389,34.0020401224073
27008,2015,residence,2430,18,31,37,1,7.40740740740741,12.7572016460905,15.2263374485597,41.1522633744856
27009,2000,occurrence,5086,34,89,110,3,6.68501769563508,17.4990169091624,21.6279984270547,58.9854502556036
27009,2000,residence,5694,66,145,178,5,11.5911485774499,25.4654021777309,31.2609764664559,87.8117316473481
27009,2005,occurrence,3946,21,55,64,1,5.32184490623416,13.9381652306133,16.2189559047136,25.3421186011151
27009,2005,residence,4829,79,146,165,6,16.3594947194036,30.234002899151,34.1685649202734,124.249326982812
27009,2010,occurrence,2656,10,22,26,2,3.76506024096386,8.28313253012048,9.78915662650602,75.3012048192771
27009,2010,residence,4435,53,85,97,4,11.9503945885006,19.1657271702368,21.8714768883878,90.1916572717024
27009,2015,occurrence,4264,39,56,61,3,9.14634146341463,13.1332082551595,14.3058161350844,70.3564727954972
27009,2015,residence,3958,39,63,69,1,9.85346134411319,15.9171298635675,17.433046993431,25.2652854977261
27010,2000,occurrence,2716,14,57,64,3,5.15463917525773,20.9867452135493,23.5640648011782,110.456553755523
27010,2000,residence,3427,24,72,81,3,7.00320980449373,21.0096294134812,23.6358330901663,87.5401225561716
27010,2005,occurrence,2120,20,43,47,0,9.43396226415094,20.2830188679245,22.1698113207547,0
27010,2005,residence,3204,52,98,109,2,16.2297128589263,30.5867665418227,34.019975031211,62.4219725343321
27010,2010,occurrence,1866,2,10,17,0,1.07181136120043,5.35905680600214,9.11039657020364,0
27010,2010,residence,2966,36,56,72,0,12.1375590020229,18.8806473364801,24.2751180040459,0
27010,2015,occurrence,1176,6,13,18,1,5.10204081632653,11.0544217687075,15.3061224489796,85.0340136054422
27010,2015,residence,2677,30,44,51,2,11.2065745237206,16.4363093014569,19.051176690325,74.7104968248039
28001,2000,occurrence,20728,652,946,1084,31,31.4550366653802,45.6387495175608,52.2964106522578,149.556155924354
28001,2000,residence,14169,313,417,473,18,22.0904792151881,29.4304467499471,33.3827369609711,127.037899640059
28001,2005,occurrence,19094,491,698,783,17,25.7148842568346,36.5559861736671,41.0076463810621,89.0332041478999
28001,2005,residence,12741,227,296,328,9,17.8164979201005,23.2320853936112,25.7436621929205,70.6380974805745
28001,2010,occurrence,19808,335,481,553,21,16.9123586429725,24.2831179321486,27.9180129240711,106.017770597738
28001,2010,residence,12431,151,212,247,9,12.1470517255249,17.0541388464323,19.8696806371169,72.3996460461749
28001,2015,occurrence,20841,360,492,561,14,17.2736432992659,23.6073125089967,26.918094141356,67.1752794971451
28001,2015,residence,13076,156,211,239,3,11.9302539002753,16.1364331599878,18.2777607831141,22.9427959620679
28002,2000,occurrence,4839,35,70,93,0,7.23289935937177,14.4657987187435,19.2188468691879,0
28002,2000,residence,5230,78,141,177,3,14.9139579349904,26.9598470363289,33.8432122370937,57.3613766730402
28002,2005,occurrence,4401,27,54,64,2,6.13496932515337,12.2699386503067,14.5421495114747,45.4442172233583
28002,2005,residence,4612,67,118,131,3,14.5273200346921,25.5854293148309,28.4041630529055,65.0477016478751
28002,2010,occurrence,3885,8,17,25,1,2.05920205920206,4.37580437580438,6.43500643500644,25.7400257400257
28002,2010,residence,4024,34,55,67,2,8.4493041749503,13.6679920477137,16.6500994035785,49.7017892644135
28002,2015,occurrence,3364,11,19,24,0,3.26991676575505,5.64803804994055,7.13436385255648,0
28002,2015,residence,3649,37,54,63,1,10.1397643189915,14.7985749520417,17.2650041107153,27.4047684297068
28003,2000,occurrence,4734,62,75,82,1,13.0967469370511,15.8428390367554,17.3215040135192,21.1237853823405
28003,2000,residence,4258,66,97,116,2,15.5002348520432,22.7806481916393,27.242837012682,46.9704086425552
28003,2005,occurrence,4577,56,77,87,0,12.2350884859078,16.8232466681232,19.0080838977496,0
28003,2005,residence,4131,64,99,117,0,15.4926167998063,23.9651416122004,28.322440087146,0
28003,2010,occurrence,4244,24,29,34,1,5.6550424128181,6.83317624882187,8.01131008482564,23.5626767200754
28003,2010,residence,3772,46,58,70,3,12.1951219512195,15.3764581124072,18.5577942735949,79.5334040296925
28003,2015,occurrence,3589,12,15,18,1,3.34354973530231,4.17943716912789,5.01532460295347,27.8629144608526
28003,2015,residence,3625,39,56,65,2,10.7586206896552,15.448275862069,17.9310344827586,55.1724137931035
28004,2000,occurrence,5161,19,34,47,0,3.68145708196086,6.58787056771943,9.10676225537686,0
28004,2000,residence,5397,68,112,132,5,12.5995923661293,20.7522697795071,24.4580322401334,92.6440615156569
28004,2005,occurrence,3246,33,59,71,0,10.1663585951941,18.1762168823167,21.8730745532964,0
28004,2005,residence,4277,64,104,127,0,14.9637596446107,24.3161094224924,29.6937105447744,0
28004,2010,occurrence,2965,5,7,11,2,1.68634064080944,2.36087689713322,3.70994940978078,67.4536256323777
28004,2010,residence,3482,29,36,47,4,8.32854681217691,10.3388856978748,13.4979896611143,114.876507754164
28004,2015,occurrence,2779,12,15,20,0,4.31810003598417,5.39762504498021,7.19683339330695,0
28004,2015,residence,3588,39,51,63,1,10.8695652173913,14.2140468227425,17.5585284280936,27.8706800445931
28005,2000,occurrence,2021,21,51,65,2,10.3908955962395,25.2350321622959,32.1622958931222,98.9609104403761
28005,2000,residence,2616,46,87,104,2,17.5840978593272,33.256880733945,39.7553516819572,76.4525993883792
28005,2005,occurrence,2740,18,33,40,0,6.56934306569343,12.043795620438,14.5985401459854,0
28005,2005,residence,3131,37,63,72,2,11.8173107633344,20.1213669754072,22.995847971894,63.8773554774832
28005,2010,occurrence,2028,9,14,17,0,4.43786982248521,6.90335305719921,8.38264299802761,0
28005,2010,residence,2777,30,49,55,0,10.8030248469571,17.6449405833633,19.8055455527548,0
28005,2015,occurrence,1507,4,10,16,0,2.6542800265428,6.635700066357,10.6171201061712,0
28005,2015,residence,2760,19,35,46,2,6.88405797101449,12.6811594202899,16.6666666666667,72.463768115942
28006,2000,occurrence,1698,17,40,51,0,10.0117785630153,23.5571260306243,30.0353356890459,0
28006,2000,residence,6012,152,220,254,2,25.2827677977379,36.5934797072522,42.2488356620093,33.2667997338656
28006,2005,occurrence,2496,15,35,42,1,6.00961538461539,14.0224358974359,16.8269230769231,40.0641025641026
28006,2005,residence,5710,102,148,173,4,17.8633975481611,25.9194395796848,30.2977232924694,70.0525394045534
28006,2010,occurrence,2123,8,10,14,1,3.76825247291569,4.71031559114461,6.59444182760245,47.1031559114461
28006,2010,residence,5201,50,71,81,3,9.61353585848875,13.651220919054,15.5739280907518,57.6812151509325
28006,2015,occurrence,2541,5,9,16,3,1.96772924045651,3.54191263282172,6.29673356946084,118.063754427391
28006,2015,residence,5765,60,83,97,8,10.40763226366,14.3972246313964,16.8256721595837,138.768430182134
28007,2000,occurrence,2293,15,39,52,0,6.54164849542085,17.0082860880942,22.6777147841256,0
28007,2000,residence,3030,44,87,110,2,14.5214521452145,28.7128712871287,36.3036303630363,66.006600660066
28007,2005,occurrence,1294,9,19,26,0,6.95517774343122,14.6831530139104,20.0927357032458,0
28007,2005,residence,2768,38,67,75,1,13.728323699422,24.2052023121387,27.0953757225434,36.1271676300578
28007,2010,occurrence,209,2,5,9,0,9.56937799043062,23.9234449760766,43.0622009569378,0
28007,2010,residence,2329,22,28,35,2,9.4461142121082,12.0223271790468,15.0279089738085,85.87376556462
28007,2015,occurrence,1586,5,7,10,0,3.15258511979823,4.41361916771753,6.30517023959647,0
28007,2015,residence,2454,28,34,44,1,11.4099429502852,13.8549307253464,17.9299103504482,40.7497962510187
29001,2000,occurrence,6914,87,205,242,3,12.5831645935783,29.6499855365924,35.0014463407579,43.3902227364767
29001,2000,residence,8665,125,263,307,4,14.4258511252164,30.3519907674553,35.4298903635315,46.1627236006924
29001,2005,occurrence,7089,75,111,134,4,10.5797714769361,15.6580617858654,18.9025250387925,56.4254478769925
29001,2005,residence,8376,134,191,217,6,15.9980897803247,22.803247373448,25.9073543457498,71.6332378223496
29001,2010,occurrence,5426,55,80,92,1,10.1363803907114,14.7438260228529,16.9553999262809,18.4297825285662
29001,2010,residence,7480,97,145,162,6,12.9679144385027,19.3850267379679,21.6577540106952,80.2139037433155
29001,2015,occurrence,5448,58,71,78,4,10.6461086637298,13.0323054331865,14.3171806167401,73.4214390602056
29001,2015,residence,7129,99,127,140,7,13.8869406648899,17.8145602468789,19.6380979099453,98.1904895497265
29002,2000,occurrence,6318,49,88,99,4,7.75561886672998,13.9284583729028,15.6695156695157,63.3111744222855
29002,2000,residence,6490,52,95,108,6,8.01232665639445,14.6379044684129,16.6409861325116,92.4499229583975
29002,2005,occurrence,6728,67,106,120,1,9.95838287752675,15.7550535077289,17.8359096313912,14.8632580261593
29002,2005,residence,6823,75,121,138,0,10.9922321559431,17.7341345449216,20.2257071669354,0
29002,2010,occurrence,7242,84,117,142,2,11.5990057995029,16.155758077879,19.6078431372549,27.6166804750069
29002,2010,residence,7115,75,104,126,1,10.5411103302881,14.6170063246662,17.709065354884,14.0548137737175
29002,2015,occurrence,7327,107,149,168,2,14.6035212228743,20.3357445066194,22.9288931349802,27.2963013511669
29002,2015,residence,7254,95,133,147,3,13.0962227736421,18.334711883099,20.2646815550041,41.3564929693962
29003,2000,occurrence,6465,119,164,183,3,18.4068058778036,25.3673627223511,28.3062645011601,46.4037122969838
29003,2000,residence,6690,127,183,205,3,18.98355754858,27.3542600896861,30.6427503736921,44.8430493273543
29003,2005,occurrence,5563,89,113,133,7,15.9985619270178,20.3127808736293,23.907963329139,125.831385942837
29003,2005,residence,5594,93,124,145,6,16.6249553092599,22.1666070790132,25.9206292456203,107.257776188774
29003,2010,occurrence,5057,65,79,86,1,12.853470437018,15.6219102234526,17.00613011667,19.7745699031046
29003,2010,residence,5235,78,102,113,1,14.8997134670487,19.4842406876791,21.585482330468,19.1021967526266
29003,2015,occurrence,4738,43,47,53,0,9.07555930772478,9.91979738286197,11.1861544955678,0
29003,2015,residence,4978,66,80,87,0,13.2583366813982,16.0707111289675,17.4768983527521,0
29004,2000,occurrence,8273,107,163,190,1,12.9336395503445,19.7026471654781,22.9662758370603,12.0875135984528
29004,2000,residence,8189,130,195,236,3,15.8749542068629,23.8124313102943,28.8191476370741,36.6345097081451
29004,2005,occurrence,8199,122,153,168,6,14.8798633979754,18.6608122941822,20.4903036955726,73.1796560556165
29004,2005,residence,8439,140,186,212,7,16.5896433226686,22.0405261286882,25.1214598886124,82.9482166133428
29004,2010,occurrence,7145,73,99,113,5,10.2169349195241,13.8558432470259,15.815255423373,69.9790062981106
29004,2010,residence,8900,109,145,168,10,12.247191011236,16.2921348314607,18.876404494382,112.359550561798
29004,2015,occurrence,6177,64,78,87,1,10.3610166747612,12.6274890723652,14.0845070422535,16.1890885543144
29004,2015,residence,8991,96,138,151,2,10.6773440106773,15.3486820153487,16.7945723501279,22.2444666889111
29005,2000,occurrence,2568,49,71,77,1,19.0809968847352,27.6479750778816,29.9844236760125,38.9408099688474
29005,2000,residence,2729,65,93,105,2,23.818248442653,34.078417002565,38.4756320996702,73.2869182850861
29005,2005,occurrence,3704,34,46,50,0,9.1792656587473,12.4190064794816,13.4989200863931,0
29005,2005,residence,3914,53,74,82,1,13.5411343893715,18.9064895247828,20.9504343382729,25.5493101686255
29005,2010,occurrence,2808,27,33,39,3,9.61538461538461,11.7521367521368,13.8888888888889,106.837606837607
29005,2010,residence,3393,42,55,67,3,12.3784261715296,16.2098437960507,19.7465369879163,88.4173297966401
29005,2015,occurrence,2519,21,27,30,2,8.33664152441445,10.7185391028186,11.9094878920206,79.3965859468043
29005,2015,residence,3128,39,52,58,2,12.4680306905371,16.6240409207161,18.542199488491,63.9386189258312
29006,2000,occurrence,18625,149,278,320,15,8,14.9261744966443,17.1812080536913,80.5369127516778
29006,2000,residence,18443,135,257,305,10,7.31985034972618,13.9348262213306,16.537439679011,54.2211137016754
29006,2005,occurrence,17439,247,376,424,8,14.1636561729457,21.5608693159011,24.3133207179311,45.8741900338322
29006,2005,residence,16857,253,363,405,6,15.0086017678116,21.5340807972949,24.0256273358249,35.5935219789998
29006,2010,occurrence,18075,233,329,377,13,12.8907330567082,18.2019363762102,20.8575380359613,71.9225449515906
29006,2010,residence,16636,184,273,317,10,11.0603510459245,16.4101947583554,19.0550613128156,60.1106035104592
29006,2015,occurrence,17032,175,254,295,9,10.2747768905589,14.9131047440113,17.3203381869422,52.8417097228746
29006,2015,residence,16555,147,195,221,14,8.87949260042283,11.7789187556629,13.349441256418,84.5665961945032
29007,2000,occurrence,6759,102,155,178,1,15.0909897913893,22.9323864476994,26.3352566947773,14.7950880307738
29007,2000,residence,6652,109,165,194,2,16.3860493084787,24.8045700541191,29.16416115454,30.0661455201443
29007,2005,occurrence,6700,85,118,123,4,12.6865671641791,17.6119402985075,18.3582089552239,59.7014925373134
29007,2005,residence,6689,80,117,123,6,11.9599342203618,17.4914037972791,18.3883988638063,89.6995066527134
29007,2010,occurrence,5875,64,81,100,5,10.8936170212766,13.7872340425532,17.0212765957447,85.1063829787234
29007,2010,residence,5903,68,93,116,5,11.519566322209,15.7547009994918,19.6510249025919,84.7026935456548
29007,2015,occurrence,5693,46,58,69,3,8.0800983664149,10.1879501141753,12.1201475496223,52.6962936940102
29007,2015,residence,5804,46,60,74,3,7.92556857339766,10.3376981392143,12.749827705031,51.6884906960717
29008,2000,occurrence,2851,23,56,62,1,8.0673447913013,19.6422307962119,21.7467555243774,35.0754121360926
29008,2000,residence,3076,25,61,69,2,8.12743823146944,19.8309492847854,22.4317295188557,65.0195058517555
29008,2005,occurrence,3333,54,72,79,1,16.2016201620162,21.6021602160216,23.7023702370237,30.00300030003
29008,2005,residence,3355,57,81,93,3,16.9895678092399,24.1430700447094,27.7198211624441,89.4187779433681
29008,2010,occurrence,2633,29,42,47,2,11.0140524116977,15.9513862514242,17.8503608051652,75.9589821496392
29008,2010,residence,2688,31,49,57,3,11.5327380952381,18.2291666666667,21.2053571428571,111.607142857143
29008,2015,occurrence,2862,33,39,45,2,11.5303983228512,13.6268343815514,15.7232704402516,69.8812019566737
29008,2015,residence,2923,35,44,53,2,11.9739993157715,15.0530277112556,18.1320561067397,68.4228532329798
29009,2000,occurrence,5191,93,176,222,2,17.9156231939896,33.9048352918513,42.7663263340397,38.5282219225583
29009,2000,residence,6063,107,201,253,2,17.6480290285337,33.151904997526,41.7285172356919,32.986970146792
29009,2005,occurrence,4222,72,116,140,4,17.0535291331123,27.4751302700142,33.1596399810516,94.7418285172904
29009,2005,residence,5343,107,159,187,5,20.0262025079543,29.7585626052779,34.9990641961445,93.5803855511885
29009,2010,occurrence,3936,46,69,80,3,11.6869918699187,17.5304878048781,20.3252032520325,76.219512195122
29009,2010,residence,4930,71,104,121,2,14.4016227180527,21.0953346855984,24.5436105476673,40.5679513184584
29009,2015,occurrence,3632,40,52,60,3,11.0132158590308,14.3171806167401,16.5198237885463,82.5991189427313
29009,2015,residence,4346,54,71,82,2,12.4252185918086,16.3368614818224,18.8679245283019,46.0193281178095
29010,2000,occurrence,8342,107,186,213,3,12.8266602733158,22.2968113162311,25.5334452169743,35.962598897147
29010,2000,residence,8131,105,184,212,3,12.913540769893,22.6294428729554,26.0730537449268,36.8958307711229
29010,2005,occurrence,7976,83,106,123,4,10.4062186559679,13.2898696088265,15.4212637913741,50.1504513540622
29010,2005,residence,8085,88,119,143,5,10.8843537414966,14.7186147186147,17.687074829932,61.8429189857761
29010,2010,occurrence,6477,102,123,137,3,15.748031496063,18.9902732746642,21.1517677937317,46.3177396943029
29010,2010,residence,6513,99,125,146,3,15.2003684937817,19.1923844618455,22.4167050514356,46.0617227084293
29010,2015,occurrence,6473,89,116,132,2,13.7494206704774,17.9205932334312,20.3923991966631,30.8975745403986
29010,2015,residence,6195,76,96,113,2,12.2679580306699,15.4963680387409,18.2405165456013,32.2841000807103
29011,2000,occurrence,5087,85,195,213,2,16.7092588952231,38.333005700806,41.871436996265,39.3159032828779
29011,2000,residence,5276,91,209,234,3,17.2479150871873,39.6133434420015,44.3517816527673,56.8612585291888
29011,2005,occurrence,4537,44,82,97,3,9.69803835133348,18.0736169274851,21.3797663654397,66.1229887590919
29011,2005,residence,4679,57,111,128,3,12.1820901902116,23.7230177388331,27.3562727078436,64.1162641590083
29011,2010,occurrence,3568,34,46,55,3,9.52914798206278,12.8923766816144,15.414798206278,84.0807174887892
29011,2010,residence,3739,59,85,99,3,15.77962021931,22.7333511634127,26.4776678256218,80.2353570473389
29011,2015,occurrence,3354,23,27,29,3,6.85748360166965,8.05008944543828,8.6463923673226,89.4454382826476
29011,2015,residence,3556,39,58,63,3,10.9673790776153,16.310461192351,17.7165354330709,84.3644544431946
29012,2000,occurrence,9754,232,390,487,3,23.7851137994669,39.9835964732418,49.9282345704327,30.7566126717244
29012,2000,residence,9271,215,364,454,2,23.1905943263941,39.2622155107324,48.9699061589904,21.5726458850178
29012,2005,occurrence,10811,259,369,430,15,23.9570807510869,34.1319026917029,39.7743039496809,138.747571917491
29012,2005,residence,9650,182,259,308,14,18.860103626943,26.839378238342,31.9170984455959,145.077720207254
29012,2010,occurrence,9513,231,293,336,7,24.2825607064018,30.7999579522758,35.3200883002208,73.5835172921266
29012,2010,residence,7978,149,189,218,6,18.6763599899724,23.6901479067435,27.3251441464026,75.2068187515668
29012,2015,occurrence,8032,134,162,180,4,16.6832669322709,20.1693227091633,22.4103585657371,49.800796812749
29012,2015,residence,7030,109,133,145,5,15.5049786628734,18.9189189189189,20.6258890469417,71.1237553342817
29013,2000,occurrence,4215,42,78,89,2,9.9644128113879,18.5053380782918,21.1150652431791,47.4495848161329
29013,2000,residence,4166,43,81,97,3,10.3216514642343,19.4431108977436,23.2837253960634,72.011521843495
29013,2005,occurrence,3994,56,81,95,1,14.021031547321,20.2804206309464,23.7856785177767,25.0375563345018
29013,2005,residence,4008,73,112,126,2,18.2135728542914,27.9441117764471,31.437125748503,49.9001996007984
29013,2010,occurrence,3134,38,46,54,3,12.1250797702616,14.6777281429483,17.230376515635,95.7243139757498
29013,2010,residence,3573,62,77,88,4,17.3523649594179,21.5505177721802,24.629163168206,111.950741673664
29013,2015,occurrence,2555,30,38,42,2,11.7416829745597,14.8727984344423,16.4383561643836,78.2778864970646
29013,2015,residence,3153,44,60,64,5,13.9549635267999,19.0294957183635,20.2981287662544,158.579130986362
29014,2000,occurrence,7421,86,188,211,4,11.5887346718771,25.3335130036383,28.4328257647217,53.9010914971028
29014,2000,residence,7131,84,183,209,5,11.7795540597392,25.6625999158603,29.3086523629225,70.1163932127331
29014,2005,occurrence,6775,52,99,118,4,7.67527675276753,14.6125461254613,17.4169741697417,59.0405904059041
29014,2005,residence,6597,79,142,164,6,11.9751402152494,21.5249355767773,24.8597847506442,90.9504320145521
29014,2010,occurrence,5465,69,87,96,5,12.6258005489479,15.9194876486734,17.5663311985361,91.4913083257091
29014,2010,residence,5541,82,111,124,6,14.7987727846959,20.0324851109908,22.3786320158816,108.283703302653
29014,2015,occurrence,4862,34,45,52,3,6.99300699300699,9.25545043192102,10.6951871657754,61.7030028794735
29014,2015,residence,5213,61,87,95,7,11.7015154421638,16.6890466142336,18.2236715902551,134.27968540188
29015,2000,occurrence,10101,142,250,301,6,14.0580140580141,24.7500247500248,29.7990297990298,59.4000594000594
29015,2000,residence,9713,141,249,297,7,14.5166272006589,25.6357459075466,30.5775764439411,72.0683619890868
29015,2005,occurrence,8892,145,211,239,4,16.3067926225821,23.7291947818264,26.8780926675664,44.9842555105713
29015,2005,residence,8934,154,228,264,4,17.2375195880904,25.520483546004,29.5500335795836,44.7727781508843
29015,2010,occurrence,7343,79,102,125,2,10.7585455535885,13.8907803350129,17.0230151164374,27.2368241862999
29015,2010,residence,7648,91,128,155,3,11.8985355648536,16.7364016736402,20.2667364016736,39.2259414225941
29015,2015,occurrence,7540,94,118,133,6,12.4668435013263,15.6498673740053,17.6392572944297,79.5755968169761
29015,2015,residence,7259,100,135,151,5,13.7760022041604,18.5976029756165,20.8017633282821,68.8800110208018
29016,2000,occurrence,12152,160,256,294,7,13.1665569453588,21.0664911125741,24.1935483870968,57.6036866359447
29016,2000,residence,9596,172,261,291,7,17.9241350562734,27.1988328470196,30.3251354731138,72.9470612755315
29016,2005,occurrence,11328,157,225,255,16,13.8594632768362,19.8622881355932,22.510593220339,141.242937853107
29016,2005,residence,10207,172,242,274,13,16.8511805623592,23.7092191633193,26.8443225237582,127.363574017831
29016,2010,occurrence,8619,68,81,96,5,7.88954635108481,9.3978419770275,11.1381830838844,58.0113702285648
29016,2010,residence,9111,112,138,161,5,12.2928328394249,15.1465261771485,17.6709472066733,54.8787180331468
29016,2015,occurrence,8897,40,50,68,5,4.49589749353715,5.61987186692143,7.64302573901315,56.1987186692144
29016,2015,residence,9242,105,147,169,6,11.3611772343649,15.9056481281108,18.2860852629301,64.9210127677992
29017,2000,occurrence,5262,37,98,108,4,7.03154694032687,18.6240973014063,20.5245153933865,76.0167236792094
29017,2000,residence,4484,50,120,135,4,11.1507582515611,26.7618198037467,30.107047279215,89.2060660124889
29017,2005,occurrence,4783,66,106,113,5,13.7988710014635,22.1618231235626,23.62533974493,104.536901526239
29017,2005,residence,4134,59,90,101,4,14.2718916303822,21.7706821480406,24.4315432994678,96.7585873246251
29017,2010,occurrence,4301,65,79,92,1,15.1127644733783,18.3678214368751,21.3903743315508,23.2504068821204
29017,2010,residence,3899,66,83,91,2,16.9274172864837,21.2875096178507,23.3393177737882,51.2952038984355
29017,2015,occurrence,3414,23,28,32,3,6.7369654364382,8.20152314001172,9.37316930287053,87.8734622144112
29017,2015,residence,3808,42,57,67,6,11.0294117647059,14.968487394958,17.5945378151261,157.563025210084
29018,2000,occurrence,6422,128,209,246,1,19.9314855185301,32.5443786982249,38.3058237309249,15.5714730613516
29018,2000,residence,6522,130,213,254,1,19.9325360318921,32.6586936522539,38.9451088623122,15.3327200245324
29018,2005,occurrence,6986,110,163,193,8,15.7457772688234,23.3323790438019,27.6266819352992,114.514743773261
29018,2005,residence,7052,112,164,194,7,15.8820192853091,23.2558139534884,27.5099262620533,99.2626205331821
29018,2010,occurrence,6217,70,91,101,8,11.259449895448,14.6372848640824,16.2457777062892,128.679427376548
29018,2010,residence,6239,82,108,120,8,13.1431319121654,17.3104664209008,19.2338515787787,128.225677191858
29018,2015,occurrence,6139,60,93,98,8,9.7735787587555,15.149047076071,15.963511972634,130.314383450073
29018,2015,residence,6193,61,98,107,9,9.84983045373809,15.8243177781366,17.277571451639,145.325367350234
29019,2000,occurrence,4352,42,130,137,0,9.65073529411765,29.8713235294118,31.4797794117647,0
29019,2000,residence,4936,76,184,198,3,15.3970826580227,37.2771474878444,40.1134521880065,60.7779578606159
29019,2005,occurrence,4693,29,66,79,1,6.17941615171532,14.0634988280418,16.8335819305348,21.308331557639
29019,2005,residence,5039,58,116,131,3,11.5102202818019,23.0204405636039,25.9972216709665,59.5356221472514
29019,2010,occurrence,4111,27,41,50,1,6.56774507419119,9.97324252006811,12.1624908781318,24.3249817562637
29019,2010,residence,4197,31,57,68,2,7.38622825827972,13.5811293781272,16.2020490826781,47.6530855372885
29019,2015,occurrence,3462,25,33,40,4,7.2212593876372,9.53206239168111,11.5540150202195,115.540150202195
29019,2015,residence,3426,48,61,76,2,14.0105078809107,17.8050204319907,22.1833041447753,58.3771161704612
29020,2000,occurrence,54713,1226,1663,1919,22,22.4078372598834,30.3949701167913,35.0739312412041,40.2098221629229
29020,2000,residence,52750,1042,1400,1589,15,19.7535545023697,26.5402843601896,30.1232227488152,28.436018957346
29020,2005,occurrence,47018,1006,1391,1578,36,21.3960610829895,29.584414479561,33.5616147007529,76.566421370539
29020,2005,residence,44412,732,960,1073,22,16.4820318832748,21.6157795190489,24.160136899937,49.5361613978204
29020,2010,occurrence,48711,762,1106,1268,53,15.6432838578555,22.7053437621892,26.0310812752766,108.804992712118
29020,2010,residence,43812,538,727,824,35,12.2797407103077,16.5936273167169,18.8076326120698,79.8867890075778
29020,2015,occurrence,50014,650,942,1053,43,12.9963610189147,18.8347262766425,21.0541048506418,85.9759267405127
29020,2015,residence,44126,474,648,719,25,10.7419661877351,14.6852195984227,16.2942482889906,56.6559398087296
29021,2000,occurrence,4611,67,104,118,5,14.5304706137497,22.5547603556712,25.5909780958577,108.436347863804
29021,2000,residence,4649,73,117,130,6,15.7023015702302,25.1667025166703,27.9630027963003,129.060012906001
29021,2005,occurrence,4647,46,64,68,2,9.89885947923391,13.7723262319776,14.6330966214762,43.0385194749301
29021,2005,residence,4782,55,87,97,3,11.5014638226683,18.1932245922208,20.284399832706,62.7352572145546
29021,2010,occurrence,4093,33,44,53,1,8.06254580991937,10.7500610798925,12.9489372098705,24.4319569997557
29021,2010,residence,4339,49,64,76,1,11.2929246370131,14.7499423830376,17.5155565798571,23.0467849734962
29021,2015,occurrence,4147,32,40,48,4,7.71642150952496,9.6455268869062,11.5746322642874,96.455268869062
29021,2015,residence,4327,49,63,76,4,11.3242431245667,14.5597411601572,17.5641321932055,92.4428010168708
29022,2000,occurrence,5824,134,175,209,3,23.0082417582418,30.0480769230769,35.885989010989,51.510989010989
29022,2000,residence,5768,140,185,225,3,24.2718446601942,32.0735090152566,39.0083217753121,52.0110957004161
29022,2005,occurrence,6795,86,98,114,4,12.6563649742458,14.4223693892568,16.7770419426049,58.8668138337013
29022,2005,residence,6976,110,142,165,5,15.7683486238532,20.355504587156,23.6525229357798,71.6743119266055
29022,2010,occurrence,5827,64,78,96,6,10.9833533550712,13.385961901493,16.4750300326068,102.968937703793
29022,2010,residence,6228,92,120,144,9,14.771997430957,19.2678227360308,23.121387283237,144.508670520231
29022,2015,occurrence,5471,44,49,52,6,8.04240541034546,8.95631511606653,9.50466093949918,109.669164686529
29022,2015,residence,5692,55,69,75,6,9.66268446943078,12.1222768798313,13.1763879128602,105.411103302881
29023,2000,occurrence,3510,39,61,74,2,11.1111111111111,17.3789173789174,21.0826210826211,56.980056980057
29023,2000,residence,3411,40,65,76,3,11.7267663441806,19.0559953092935,22.2808560539431,87.9507475813544
29023,2005,occurrence,3301,45,66,79,0,13.6322326567707,19.9939412299303,23.9321417752196,0
29023,2005,residence,3128,45,67,80,0,14.386189258312,21.4194373401535,25.5754475703325,0
29023,2010,occurrence,2861,37,42,48,0,12.9325410695561,14.6801817546312,16.7773505767214,0
29023,2010,residence,2726,42,47,54,0,15.4071900220103,17.2413793103448,19.8092443140132,0
29023,2015,occurrence,2118,11,12,17,0,5.19357884796978,5.6657223796034,8.02644003777148,0
29023,2015,residence,2496,21,32,37,1,8.41346153846154,12.8205128205128,14.823717948718,40.0641025641026
29024,2000,occurrence,5581,61,105,111,1,10.9299408708117,18.8138326464791,19.8889087977065,17.9179358537896
29024,2000,residence,5377,62,105,112,1,11.5305932676214,19.5276176306491,20.8294588060257,18.5977310768086
29024,2005,occurrence,4994,32,56,60,1,6.40768922707249,11.2134561473769,12.0144173007609,20.0240288346015
29024,2005,residence,4908,51,91,97,5,10.3911980440098,18.5411572942135,19.7636511817441,101.874490627547
29024,2010,occurrence,4325,35,43,49,3,8.09248554913295,9.94219653179191,11.3294797687861,69.364161849711
29024,2010,residence,4522,55,72,79,5,12.1627598407784,15.922158337019,17.4701459531181,110.570544007077
29024,2015,occurrence,3545,22,27,34,1,6.20592383638928,7.6163610719323,9.59097320169252,28.2087447108604
29024,2015,residence,4278,53,68,79,2,12.3889668069191,15.8952781673679,18.4665731650304,46.7508181393174
29025,2000,occurrence,8779,80,187,214,2,9.11265519990887,21.300831529787,24.3763526597562,22.7816379997722
29025,2000,residence,9277,94,209,237,4,10.1325859652905,22.528834752614,25.547051848658,43.1173870863426
29025,2005,occurrence,7967,41,70,86,1,5.14622819128907,8.78624325342036,10.7945274256307,12.5517760763148
29025,2005,residence,8995,84,140,172,4,9.33852140077821,15.5642023346304,19.1217342968316,44.4691495275153
29025,2010,occurrence,7041,31,52,61,3,4.4027836954978,7.38531458599631,8.66354211049567,42.6075841499787
29025,2010,residence,8762,76,126,146,7,8.67381876283953,14.380278475234,16.6628623601917,79.890435973522
29025,2015,occurrence,7200,52,67,77,6,7.22222222222222,9.30555555555556,10.6944444444444,83.3333333333333
29025,2015,residence,8332,87,128,150,8,10.4416706673068,15.3624579932789,18.0028804608737,96.0153624579933
29026,2000,occurrence,4810,97,183,225,2,20.1663201663202,38.0457380457381,46.7775467775468,41.5800415800416
29026,2000,residence,4847,101,189,239,3,20.8376315246544,38.9931916649474,49.3088508355684,61.893955023726
29026,2005,occurrence,7331,101,141,158,6,13.7771108989224,19.2333924430501,21.5523120993043,81.8442231619152
29026,2005,residence,7364,119,163,188,8,16.1596958174905,22.1347093970668,25.5296034763715,108.636610537751
29026,2010,occurrence,7005,66,93,113,10,9.42184154175589,13.2762312633833,16.1313347608851,142.755174875089
29026,2010,residence,7010,66,98,120,10,9.4151212553495,13.9800285306705,17.1184022824536,142.65335235378
29026,2015,occurrence,6940,53,68,79,3,7.63688760806917,9.79827089337176,11.3832853025937,43.2276657060519
29026,2015,residence,6941,59,79,94,3,8.50021610718917,11.3816452960669,13.5427171877251,43.2214378331653
29027,2000,occurrence,5716,93,138,167,3,16.2701189643107,24.1427571728481,29.2162351294612,52.4842547235829
29027,2000,residence,5515,85,129,159,3,15.4125113327289,23.3907524932004,28.83046237534,54.3970988213962
29027,2005,occurrence,5644,41,55,70,3,7.26435152374203,9.74486180014174,12.4025513819986,53.1537916371368
29027,2005,residence,5521,49,75,97,3,8.87520376743344,13.5844955623981,17.5692809273682,54.3379822495925
29027,2010,occurrence,4312,49,63,72,2,11.3636363636364,14.6103896103896,16.6975881261596,46.3821892393321
29027,2010,residence,4459,82,102,119,4,18.3897734918143,22.8750840995739,26.6875981161695,89.7062121551918
29027,2015,occurrence,4113,37,42,52,3,8.99586676391928,10.2115244347192,12.642839776319,72.9394602479942
29027,2015,residence,4674,56,66,79,3,11.9811724433034,14.1206675224647,16.9020111253744,64.1848523748395
29028,2000,occurrence,11981,230,343,391,15,19.1970620148569,28.6286620482431,32.6350054252567,125.198230531675
29028,2000,residence,11585,212,321,364,12,18.2995252481657,27.7082434182132,31.4199395770393,103.582218385844
29028,2005,occurrence,11394,168,270,313,12,14.7446024223275,23.696682464455,27.470598560646,105.318588730911
29028,2005,residence,11129,158,243,285,10,14.1971426004133,21.8348458981041,25.6087698804924,89.8553329140085
29028,2010,occurrence,10075,164,229,262,3,16.2779156327543,22.7295285359802,26.0049627791563,29.7766749379653
29028,2010,residence,9617,147,208,235,3,15.285432047416,21.628366434439,24.4358947696787,31.1947592804409
29028,2015,occurrence,10503,153,204,226,7,14.5672664952871,19.4230219937161,21.5176616204894,66.6476244882415
29028,2015,residence,9594,121,160,187,5,12.6120491974151,16.6770898478216,19.4913487596414,52.1159057744424
31001,2000,occurrence,4549,77,100,111,1,16.9267970982634,21.982853374368,24.4009672455485,21.982853374368
31001,2000,residence,4589,76,99,109,1,16.5613423403792,21.573327522336,23.7524515144912,21.7912399215515
31001,2005,occurrence,3919,39,54,57,2,9.95151824445012,13.7790252615463,14.5445266649656,51.033426894616
31001,2005,residence,3975,31,46,49,2,7.79874213836478,11.5723270440252,12.3270440251572,50.314465408805
31001,2010,occurrence,3372,32,44,51,3,9.48991696322657,13.0486358244365,15.1245551601423,88.9679715302491
31001,2010,residence,3496,31,39,44,3,8.86727688787185,11.1556064073227,12.5858123569794,85.8123569794051
31001,2015,occurrence,3259,22,36,45,2,6.75053697453207,11.0463332310525,13.8079165388156,61.3685179502915
31001,2015,residence,3425,25,38,47,2,7.2992700729927,11.0948905109489,13.7226277372263,58.3941605839416
31002,2000,occurrence,1934,36,42,44,0,18.6142709410548,21.7166494312306,22.7507755946225,0
31002,2000,residence,2002,42,50,57,0,20.979020979021,24.975024975025,28.4715284715285,0
31002,2005,occurrence,1707,15,15,17,1,8.78734622144112,8.78734622144112,9.95899238429994,58.5823081429408
31002,2005,residence,1768,23,24,27,1,13.0090497737557,13.5746606334842,15.2714932126697,56.5610859728507
31002,2010,occurrence,1518,6,7,8,0,3.95256916996047,4.61133069828722,5.27009222661397,0
31002,2010,residence,1589,9,12,14,0,5.66393958464443,7.55191944619257,8.81057268722467,0
31002,2015,occurrence,1534,4,5,8,2,2.60756192959583,3.25945241199479,5.21512385919166,130.378096479791
31002,2015,residence,1647,11,19,25,2,6.67880995749848,11.5361262902247,15.1791135397693,121.432908318154
31003,2000,occurrence,2871,54,72,80,1,18.8087774294671,25.0783699059561,27.8648554510623,34.8310693138279
31003,2000,residence,3310,60,79,88,1,18.1268882175227,23.8670694864048,26.5861027190332,30.2114803625378
31003,2005,occurrence,2579,24,26,35,1,9.30593253198914,10.0814269096549,13.5711516091508,38.7747188832881
31003,2005,residence,2679,32,34,43,1,11.9447555057857,12.6913027248973,16.0507652108996,37.3273609555804
31003,2010,occurrence,2342,25,29,37,2,10.6746370623399,12.3825789923143,15.798462852263,85.397096498719
31003,2010,residence,2424,38,44,54,2,15.6765676567657,18.1518151815182,22.2772277227723,82.5082508250825
31003,2015,occurrence,2511,16,23,28,0,6.37196336121067,9.15969733174034,11.1509358821187,0
31003,2015,residence,2409,15,20,25,0,6.2266500622665,8.302200083022,10.3777501037775,0
31004,2000,occurrence,2741,49,62,71,1,17.8766873403867,22.6194819408975,25.9029551258665,36.4830353885443
31004,2000,residence,2622,53,64,71,1,20.2135774218154,24.4088482074752,27.0785659801678,38.13882532418
31004,2005,occurrence,2381,22,33,35,0,9.23981520369593,13.8597228055439,14.6997060058799,0
31004,2005,residence,2236,20,31,33,0,8.94454382826476,13.8640429338104,14.7584973166369,0
31004,2010,occurrence,2285,16,18,24,0,7.00218818380744,7.87746170678337,10.5032822757112,0
31004,2010,residence,2045,14,16,21,0,6.84596577017115,7.8239608801956,10.2689486552567,0
31004,2015,occurrence,2397,25,38,43,1,10.4297037964122,15.8531497705465,17.939090529829,41.7188151856487
31004,2015,residence,2270,20,31,35,1,8.81057268722467,13.6563876651982,15.4185022026432,44.0528634361233
31006,2000,occurrence,3086,37,53,60,0,11.9896305897602,17.1743357096565,19.4426441996112,0
31006,2000,residence,3050,38,54,62,0,12.4590163934426,17.7049180327869,20.327868852459,0
31006,2005,occurrence,2816,15,21,23,0,5.32670454545455,7.45738636363636,8.16761363636364,0
31006,2005,residence,2675,15,22,24,0,5.60747663551402,8.22429906542056,8.97196261682243,0
31006,2010,occurrence,2879,21,27,29,4,7.29419937478291,9.3782563390066,10.0729419937478,138.937130948246
31006,2010,residence,2731,16,21,29,3,5.85865983156353,7.68949102892713,10.6188209447089,109.849871841816
31006,2015,occurrence,2938,11,14,15,1,3.74404356705242,4.76514635806671,5.10551395507148,34.0367597004765
31006,2015,residence,2794,21,27,31,1,7.51610594130279,9.66356478167502,11.0952040085898,35.7909806728704
31007,2000,occurrence,6934,96,121,133,2,13.8448226132103,17.4502451687338,19.1808479953851,28.8433804441881
31007,2000,residence,7057,94,119,134,3,13.3201076944877,16.8626895281281,18.9882386283123,42.5109820036843
31007,2005,occurrence,5410,41,66,71,1,7.57855822550832,12.1996303142329,13.1238447319778,18.4842883548983
31007,2005,residence,5761,37,65,74,0,6.42249609442805,11.2827634091304,12.8449921888561,0
31007,2010,occurrence,5474,53,69,76,1,9.68213372305444,12.6050420168067,13.8838143953233,18.2681768359518
31007,2010,residence,5731,53,71,76,1,9.24794974699005,12.3887628686093,13.261210957948,17.4489617867737
31007,2015,occurrence,5805,54,71,79,2,9.30232558139535,12.2308354866494,13.6089577950043,34.4530577088717
31007,2015,residence,6249,48,69,78,2,7.68122899663946,11.0417666826692,12.4819971195391,32.0051208193311
31008,2000,occurrence,4085,53,75,85,3,12.9742962056304,18.359853121175,20.8078335373317,73.4394124847001
31008,2000,residence,4038,55,78,88,3,13.6206042595344,19.3164933135215,21.7929668152551,74.294205052006
31008,2005,occurrence,3509,49,60,68,1,13.9640923339983,17.0988885722428,19.3787403818752,28.4981476204047
31008,2005,residence,3466,50,65,72,1,14.4258511252164,18.7536064627813,20.7732256203116,28.8517022504328
31008,2010,occurrence,3054,20,23,29,0,6.54878847413229,7.53110674525213,9.49574328749181,0
31008,2010,residence,2985,17,22,33,1,5.69514237855946,7.37018425460637,11.0552763819095,33.500837520938
31008,2015,occurrence,2979,22,31,35,0,7.38502853306479,10.4061765693186,11.7489090298758,0
31008,2015,residence,2967,23,36,42,0,7.75193798449612,12.1334681496461,14.1557128412538,0
31009,2000,occurrence,1827,18,31,35,0,9.85221674876847,16.967706622879,19.1570881226054,0
31009,2000,residence,1868,19,34,40,0,10.1713062098501,18.2012847965739,21.4132762312634,0
31009,2005,occurrence,1670,21,25,28,0,12.5748502994012,14.9700598802395,16.7664670658683,0
31009,2005,residence,1657,13,18,21,0,7.84550392275196,10.8630054315027,12.6735063367532,0
31009,2010,occurrence,1550,19,27,30,1,12.258064516129,17.4193548387097,19.3548387096774,64.5161290322581
31009,2010,residence,1530,17,25,30,1,11.1111111111111,16.3398692810458,19.6078431372549,65.359477124183
31009,2015,occurrence,1596,12,18,19,0,7.5187969924812,11.2781954887218,11.9047619047619,0
31009,2015,residence,1572,13,18,18,0,8.26972010178117,11.4503816793893,11.4503816793893,0
31010,2000,occurrence,2146,25,48,53,1,11.6495806150979,22.3671947809879,24.6971109040075,46.5983224603914
31010,2000,residence,2156,26,56,67,1,12.0593692022263,25.974025974026,31.0760667903525,46.3821892393321
31010,2005,occurrence,1838,31,42,46,2,16.8661588683351,22.8509249183896,25.0272034820457,108.813928182807
31010,2005,residence,1849,26,36,39,2,14.0616549486209,19.4699837750135,21.0924824229313,108.166576527853
31010,2010,occurrence,1589,22,24,28,1,13.8451856513531,15.1038388923851,17.6211453744493,62.9326620516048
31010,2010,residence,1616,23,26,30,0,14.2326732673267,16.0891089108911,18.5643564356436,0
31010,2015,occurrence,1667,15,21,24,1,8.99820035992802,12.5974805038992,14.3971205758848,59.9880023995201
31010,2015,residence,1681,17,22,25,1,10.1130279595479,13.0874479476502,14.8720999405116,59.4883997620464
31011,2000,occurrence,2345,37,52,56,1,15.7782515991471,22.1748400852879,23.8805970149254,42.6439232409382
31011,2000,residence,2364,41,57,62,1,17.3434856175973,24.1116751269036,26.2267343485618,42.3011844331641
31011,2005,occurrence,1810,17,23,25,0,9.39226519337017,12.707182320442,13.8121546961326,0
31011,2005,residence,1805,26,36,39,0,14.404432132964,19.9445983379501,21.606648199446,0
31011,2010,occurrence,1471,10,11,16,0,6.79809653297077,7.47790618626785,10.8769544527532,0
31011,2010,residence,1572,19,21,26,0,12.0865139949109,13.3587786259542,16.5394402035623,0
31011,2015,occurrence,1466,8,9,11,1,5.45702592087312,6.13915416098226,7.50341064120055,68.2128240109141
31011,2015,residence,1599,18,21,24,1,11.2570356472796,13.1332082551595,15.0093808630394,62.5390869293308
31012,2000,occurrence,3003,37,50,58,3,12.3210123210123,16.6500166500167,19.3140193140193,99.9000999000999
31012,2000,residence,3007,35,45,50,2,11.6395078150981,14.9650814765547,16.627868307283,66.511473229132
31012,2005,occurrence,2467,23,31,35,1,9.3230644507499,12.5658694770977,14.1872719902716,40.5350628293474
31012,2005,residence,2451,26,36,42,1,10.6079151366789,14.68788249694,17.1358629130967,40.7996736026112
31012,2010,occurrence,2436,11,16,22,0,4.51559934318555,6.56814449917898,9.0311986863711,0
31012,2010,residence,2407,10,17,23,0,4.15454923140839,7.06273369339427,9.5554632322393,0
31012,2015,occurrence,2643,21,31,35,0,7.94551645856981,11.7290957245554,13.2425274309497,0
31012,2015,residence,2529,22,35,40,0,8.69909054962436,13.8394622380388,15.8165282720443,0
31013,2000,occurrence,3449,80,105,116,4,23.1951290229052,30.4436068425631,33.6329370832125,115.975645114526
31013,2000,residence,3397,75,98,109,3,22.0783043862231,28.8489843979982,32.0871357079776,88.3132175448926
31013,2005,occurrence,3213,44,64,74,1,13.6943666355431,19.9190787426082,23.0314347961407,31.1235605353252
31013,2005,residence,3072,39,60,67,1,12.6953125,19.53125,21.8098958333333,32.5520833333333
31013,2010,occurrence,2785,50,68,74,3,17.9533213644524,24.4165170556553,26.5709156193896,107.719928186715
31013,2010,residence,2604,23,33,38,2,8.83256528417819,12.6728110599078,14.5929339477727,76.8049155145929
31013,2015,occurrence,2606,32,41,47,2,12.279355333845,15.7329240214889,18.0353031465848,76.7459708365311
31013,2015,residence,2545,20,28,29,2,7.85854616895874,11.0019646365422,11.3948919449902,78.5854616895874
31015,2000,occurrence,3399,62,82,94,5,18.240659017358,24.1247425713445,27.6551927037364,147.102088849662
31015,2000,residence,3454,67,92,106,5,19.3977996525767,26.635784597568,30.6890561667632,144.759698899826
31015,2005,occurrence,2817,31,44,48,0,11.0046148384807,15.6194533191338,17.0394036208733,0
31015,2005,residence,2966,47,62,68,0,15.8462575859744,20.9035738368173,22.9265003371544,0
31015,2010,occurrence,2414,20,34,41,1,8.28500414250207,14.0845070422535,16.9842584921292,41.4250207125104
31015,2010,residence,2707,25,42,49,2,9.235315847802,15.5153306243074,18.1012190616919,73.882526782416
31015,2015,occurrence,2287,22,30,31,2,9.61958898119808,13.1176213379974,13.5548753825973,87.4508089199825
31015,2015,residence,2575,25,35,37,2,9.70873786407767,13.5922330097087,14.368932038835,77.6699029126214
31016,2000,occurrence,60084,857,1342,1558,19,14.2633646228613,22.3353971107117,25.9303641568471,31.6223953132281
31016,2000,residence,52749,640,984,1126,18,12.1329314299797,18.6543820735938,21.3463762346206,34.123869646818
31016,2005,occurrence,53679,687,1052,1219,16,12.7983010115688,19.597980588312,22.709066860411,29.806814582984
31016,2005,residence,43740,457,666,770,12,10.4481024234111,15.2263374485597,17.6040237768633,27.4348422496571
31016,2010,occurrence,54478,559,835,978,36,10.2610227981938,15.3272880795918,17.952200888432,66.081721061713
31016,2010,residence,42756,356,500,584,28,8.32631677425391,11.6942651323791,13.6589016746188,65.4878847413229
31016,2015,occurrence,60857,553,846,998,31,9.08687579078824,13.901441083195,16.3990995284026,50.9390867114712
31016,2015,residence,45024,312,457,529,14,6.92963752665245,10.1501421464108,11.749289267946,31.0945273631841
31017,2000,occurrence,7540,95,147,170,3,12.5994694960212,19.4960212201592,22.5464190981432,39.7877984084881
31017,2000,residence,9437,112,180,209,4,11.8681784465402,19.0738582176539,22.1468687082759,42.3863515947865
31017,2005,occurrence,6971,61,97,114,2,8.75053794290633,13.9147898436379,16.3534643523167,28.6902883373978
31017,2005,residence,8902,86,131,154,1,9.66075039317007,14.7157942035498,17.2994832621883,11.2334306897326
31017,2010,occurrence,7273,44,74,86,1,6.04977313350749,10.1746184518081,11.8245565791283,13.7494843943352
31017,2010,residence,9163,57,98,112,2,6.2206700862163,10.6951871657754,12.2230710466005,21.8269125832151
31017,2015,occurrence,7573,49,69,82,3,6.47035520929618,9.11131651921299,10.8279413706589,39.6144196487522
31017,2015,residence,10558,82,114,128,4,7.76662246637621,10.7974995264255,12.123508240197,37.8859632506157
31018,2000,occurrence,9277,85,132,149,4,9.1624447558478,14.228737738493,16.0612266896626,43.1173870863426
31018,2000,residence,13384,176,272,311,1,13.1500298864316,20.3227734608488,23.2367005379558,7.47160789001793
31018,2005,occurrence,5247,35,50,69,4,6.67047836859158,9.52925481227368,13.1503716409377,76.2340384981894
31018,2005,residence,11336,94,147,184,7,8.29216654904728,12.9675370501059,16.2314749470713,61.7501764290755
31018,2010,occurrence,5366,35,59,66,4,6.52254938501677,10.9951546775997,12.2996645546031,74.5434215430488
31018,2010,residence,11265,83,139,160,7,7.36795383932534,12.3391034176653,14.2032845095428,62.1393697292499
31018,2015,occurrence,4919,40,52,60,1,8.13173409229518,10.5712543199837,12.1976011384428,20.329335230738
31018,2015,residence,12285,96,128,152,8,7.81440781440781,10.4192104192104,12.3728123728124,65.1200651200651
31019,2000,occurrence,2605,29,40,44,3,11.1324376199616,15.3550863723608,16.8905950095969,115.163147792706
31019,2000,residence,2654,30,44,53,3,11.3036925395629,16.5787490580256,19.9698568198945,113.036925395629
31019,2005,occurrence,2583,30,40,45,2,11.6144018583043,15.4858691444057,17.4216027874564,77.4293457220287
31019,2005,residence,2626,35,51,54,1,13.3282559025133,19.4211728865194,20.5635948210206,38.0807311500381
31019,2010,occurrence,2073,17,24,28,1,8.20067534973468,11.5774240231548,13.5069946936807,48.2392667631452
31019,2010,residence,2120,22,29,33,1,10.377358490566,13.6792452830189,15.5660377358491,47.1698113207547
31019,2015,occurrence,2142,18,20,21,1,8.40336134453782,9.33706816059757,9.80392156862745,46.6853408029879
31019,2015,residence,2180,27,34,35,1,12.3853211009174,15.5963302752294,16.0550458715596,45.8715596330275
31020,2000,occurrence,2111,50,73,82,3,23.6854571293226,34.580767408811,38.8441496920891,142.112742775936
31020,2000,residence,1662,33,45,51,2,19.85559566787,27.0758122743682,30.6859205776173,120.336943441637
31020,2005,occurrence,1936,38,47,59,1,19.6280991735537,24.2768595041322,30.4752066115702,51.6528925619835
31020,2005,residence,1492,22,33,44,0,14.745308310992,22.1179624664879,29.4906166219839,0
31020,2010,occurrence,1301,18,24,28,2,13.8355111452729,18.4473481936972,21.52190622598,153.727901614143
31020,2010,residence,1174,20,25,28,1,17.0357751277683,21.2947189097104,23.8500851788756,85.1788756388416
31020,2015,occurrence,1199,10,12,14,0,8.34028356964137,10.0083402835696,11.6763969974979,0
31020,2015,residence,1109,10,12,14,0,9.01713255184851,10.8205590622182,12.6239855725879,0
31021,2000,occurrence,3033,47,60,76,0,15.4962083745467,19.782393669634,25.0576986482031,0
31021,2000,residence,3185,53,71,89,1,16.6405023547881,22.2919937205651,27.9434850863422,31.3971742543171
31021,2005,occurrence,2852,31,41,45,0,10.8695652173913,14.3758765778401,15.7784011220196,0
31021,2005,residence,3030,37,51,57,0,12.2112211221122,16.8316831683168,18.8118811881188,0
31021,2010,occurrence,2646,22,26,31,0,8.31443688586546,9.82615268329554,11.7157974300831,0
31021,2010,residence,2773,29,37,46,0,10.4579877389109,13.3429498737829,16.5885322755139,0
31021,2015,occurrence,3125,16,24,26,0,5.12,7.68,8.32,0
31021,2015,residence,3318,25,32,35,1,7.53465943339361,9.64436407474382,10.5485232067511,30.1386377335744
31022,2000,occurrence,2512,39,54,64,2,15.5254777070064,21.4968152866242,25.4777070063694,79.6178343949045
31022,2000,residence,2547,47,65,76,2,18.4530820573223,25.5202198665096,29.8390263054574,78.5237534354142
31022,2005,occurrence,2051,29,36,41,2,14.1394441735739,17.5524134568503,19.9902486591906,97.5134080936129
31022,2005,residence,2222,37,48,53,2,16.6516651665167,21.6021602160216,23.8523852385239,90.00900090009
31022,2010,occurrence,2062,16,20,22,0,7.75945683802134,9.69932104752667,10.6692531522793,0
31022,2010,residence,2301,23,28,31,0,9.99565406345067,12.1686223381139,13.4724033029118,0
31022,2015,occurrence,2376,8,10,11,0,3.36700336700337,4.20875420875421,4.62962962962963,0
31022,2015,residence,2638,11,21,22,0,4.16982562547384,7.96057619408643,8.33965125094769,0
31023,2000,occurrence,2155,42,58,64,3,19.4895591647332,26.9141531322506,29.6983758700696,139.211136890951
31023,2000,residence,2002,42,60,64,2,20.979020979021,29.97002997003,31.968031968032,99.9000999000999
31023,2005,occurrence,1974,22,32,34,2,11.144883485309,16.2107396149949,17.2239108409321,101.317122593718
31023,2005,residence,1814,22,35,38,1,12.1278941565601,19.2943770672547,20.9481808158765,55.1267916207277
31023,2010,occurrence,1638,13,18,20,0,7.93650793650794,10.989010989011,12.2100122100122,0
31023,2010,residence,1591,19,24,26,0,11.9421747328724,15.0848522941546,16.3419233186675,0
31023,2015,occurrence,1501,7,9,10,1,4.66355762824784,5.99600266489007,6.66222518321119,66.6222518321119
31023,2015,residence,1692,16,21,24,1,9.45626477541371,12.4113475177305,14.1843971631206,59.1016548463357
31024,2000,occurrence,5497,82,118,134,4,14.9172275786793,21.4662543205385,24.3769328724759,72.7669637984355
31024,2000,residence,5997,91,128,145,6,15.1742537935634,21.3440053360013,24.178756044689,100.050025012506
31024,2005,occurrence,5273,54,78,86,1,10.240849611227,14.7923383273279,16.3095012326949,18.9645363170871
31024,2005,residence,5886,78,109,122,2,13.2517838939857,18.5185185185185,20.7271491675161,33.9789330615019
31024,2010,occurrence,4720,43,60,69,2,9.11016949152542,12.7118644067797,14.6186440677966,42.3728813559322
31024,2010,residence,5128,48,68,76,2,9.3603744149766,13.2605304212169,14.8205928237129,39.0015600624025
31024,2015,occurrence,5101,44,61,62,1,8.62575965496961,11.9584395216624,12.1544795138208,19.60399921584
31024,2015,residence,5461,48,68,73,1,8.78959897454679,12.4519318806079,13.3675151071232,18.3116645303058
31025,2000,occurrence,3355,25,34,38,0,7.45156482861401,10.1341281669151,11.3263785394933,0
31025,2000,residence,4266,43,68,82,0,10.0796999531177,15.9399906235349,19.2217533989686,0
31025,2005,occurrence,2958,25,36,37,0,8.45165652467884,12.1703853955375,12.5084516565247,0
31025,2005,residence,3741,44,69,76,0,11.7615610799252,18.4442662389735,20.3154236835071,0
31025,2010,occurrence,1860,9,13,14,0,4.83870967741936,6.98924731182796,7.52688172043011,0
31025,2010,residence,3888,31,51,57,0,7.97325102880658,13.1172839506173,14.6604938271605,0
31025,2015,occurrence,2401,5,10,14,1,2.08246563931695,4.1649312786339,5.83090379008746,41.649312786339
31025,2015,residence,4815,23,41,52,5,4.77673935617861,8.51505711318795,10.7995846313603,103.842159916926
31026,2000,occurrence,2331,45,61,74,1,19.3050193050193,26.1690261690262,31.7460317460318,42.9000429000429
31026,2000,residence,2182,44,63,76,1,20.1649862511457,28.8725939505041,34.8304307974336,45.8295142071494
31026,2005,occurrence,2449,34,44,49,1,13.883217639853,17.9665169456921,20.0081665986117,40.8329930583912
31026,2005,residence,2388,34,46,52,1,14.2378559463987,19.2629815745394,21.7755443886097,41.8760469011725
31026,2010,occurrence,1996,20,22,27,3,10.0200400801603,11.0220440881764,13.5270541082164,150.300601202405
31026,2010,residence,1884,20,25,32,3,10.6157112526539,13.2696390658174,16.9851380042463,159.235668789809
31026,2015,occurrence,1955,16,28,31,4,8.18414322250639,14.3222506393862,15.8567774936061,204.60358056266
31026,2015,residence,1833,15,30,34,4,8.18330605564648,16.366612111293,18.5488270594654,218.22149481724
31027,2000,occurrence,1416,8,18,23,2,5.64971751412429,12.7118644067797,16.2429378531073,141.242937853107
31027,2000,residence,1433,9,19,25,1,6.28053035589672,13.2588974180042,17.4459176552687,69.7836706210747
31027,2005,occurrence,2122,22,32,39,0,10.3675777568332,15.0801131008483,18.3788878416588,0
31027,2005,residence,1936,24,36,43,0,12.396694214876,18.5950413223141,22.2107438016529,0
31027,2010,occurrence,1798,25,29,30,0,13.9043381535039,16.1290322580645,16.6852057842047,0
31027,2010,residence,1693,29,34,38,1,17.1293561724749,20.0826934435913,22.4453632604843,59.0667454223272
31027,2015,occurrence,1327,10,15,17,0,7.53579502637528,11.3036925395629,12.810851544838,0
31027,2015,residence,1309,11,15,17,0,8.40336134453782,11.4591291061879,12.987012987013,0
31028,2000,occurrence,1976,27,33,35,0,13.663967611336,16.7004048582996,17.7125506072875,0
31028,2000,residence,1616,25,30,34,0,15.470297029703,18.5643564356436,21.039603960396,0
31028,2005,occurrence,1471,10,12,15,0,6.79809653297077,8.15771583956492,10.1971447994562,0
31028,2005,residence,1375,13,15,17,0,9.45454545454546,10.9090909090909,12.3636363636364,0
31028,2010,occurrence,1273,14,19,22,0,10.9976433621367,14.9253731343284,17.2820109976434,0
31028,2010,residence,1183,15,21,25,0,12.6796280642435,17.7514792899408,21.1327134404057,0
31028,2015,occurrence,1041,4,4,6,0,3.84245917387128,3.84245917387128,5.76368876080692,0
31028,2015,residence,1189,13,16,18,0,10.9335576114382,13.4566862910008,15.1387720773759,0
31030,2000,occurrence,1634,17,26,29,0,10.4039167686659,15.9118727050184,17.7478580171359,0
31030,2000,residence,1722,23,36,40,0,13.3565621370499,20.9059233449477,23.2288037166086,0
31030,2005,occurrence,1296,12,17,20,0,9.25925925925926,13.1172839506173,15.4320987654321,0
31030,2005,residence,1372,14,21,24,1,10.2040816326531,15.3061224489796,17.4927113702624,72.8862973760933
31030,2010,occurrence,1108,6,7,10,0,5.41516245487365,6.31768953068592,9.02527075812274,0
31030,2010,residence,1207,8,12,15,0,6.62800331400166,9.94200497100249,12.4275062137531,0
31030,2015,occurrence,1160,8,12,13,2,6.89655172413793,10.3448275862069,11.2068965517241,172.413793103448
31030,2015,residence,1215,10,14,15,2,8.23045267489712,11.522633744856,12.3456790123457,164.609053497942
31031,2000,occurrence,1714,15,24,29,1,8.75145857642941,14.002333722287,16.9194865810969,58.343057176196
31031,2000,residence,1758,18,29,31,1,10.2389078498294,16.4960182025028,17.6336746302617,56.8828213879409
31031,2005,occurrence,1599,18,23,24,0,11.2570356472796,14.3839899937461,15.0093808630394,0
31031,2005,residence,1500,18,24,25,0,12,16,16.6666666666667,0
31031,2010,occurrence,1336,13,15,18,0,9.73053892215569,11.2275449101796,13.4730538922156,0
31031,2010,residence,1306,13,16,20,0,9.95405819295559,12.2511485451761,15.3139356814701,0
31031,2015,occurrence,1353,7,7,8,1,5.17368810051737,5.17368810051737,5.91278640059128,73.909830007391
31031,2015,residence,1443,13,18,19,1,9.00900900900901,12.4740124740125,13.1670131670132,69.3000693000693
31032,2000,occurrence,2918,34,44,48,2,11.6518163125428,15.0788211103496,16.4496230294722,68.5400959561343
31032,2000,residence,2899,47,60,68,1,16.212487064505,20.6967919972404,23.4563642635392,34.4946533287341
31032,2005,occurrence,3019,29,39,41,2,9.60582974494866,12.9181848294137,13.5806558463067,66.2471016893011
31032,2005,residence,2950,37,54,56,2,12.5423728813559,18.3050847457627,18.9830508474576,67.7966101694915
31032,2010,occurrence,2537,21,26,32,1,8.27749310208908,10.2483247930627,12.613322822231,39.4166338194718
31032,2010,residence,2839,28,37,47,2,9.86262768580486,13.032758013385,16.5551250440296,70.4473406128919
31032,2015,occurrence,2668,16,20,22,1,5.99700149925037,7.49625187406297,8.24587706146927,37.4812593703149
31032,2015,residence,3331,27,33,38,1,8.10567397178025,9.90693485439808,11.4079855899129,30.0210147102972
31034,2000,occurrence,3016,57,84,94,1,18.8992042440318,27.8514588859417,31.1671087533157,33.1564986737401
31034,2000,residence,2919,58,94,106,1,19.8698184309695,32.2028091812265,36.3138060979788,34.2583076396026
31034,2005,occurrence,2698,53,72,81,0,19.644180874722,26.6864343958488,30.0222386953299,0
31034,2005,residence,2547,55,77,89,0,21.5940321947389,30.2316450726345,34.9430702787593,0
31034,2010,occurrence,2631,31,36,43,0,11.7825921702775,13.6830102622577,16.34359559103,0
31034,2010,residence,2611,32,40,50,0,12.2558406740712,15.319800842589,19.1497510532363,0
31034,2015,occurrence,2470,31,37,39,2,12.5506072874494,14.9797570850202,15.7894736842105,80.9716599190283
31034,2015,residence,2575,32,39,44,2,12.4271844660194,15.1456310679612,17.0873786407767,77.6699029126214
31035,2000,occurrence,4641,67,90,103,1,14.4365438483086,19.3923723335488,22.1934927817281,21.5470803706098
31035,2000,residence,3439,55,79,94,1,15.9930212271009,22.9717941261995,27.3335271881361,29.0782204129107
31035,2005,occurrence,2703,34,44,53,0,12.5786163522013,16.2782093969663,19.6078431372549,0
31035,2005,residence,2866,39,53,64,1,13.6078157711096,18.4926727145848,22.3307745987439,34.8918353105373
31035,2010,occurrence,1626,7,12,20,0,4.3050430504305,7.38007380073801,12.30012300123,0
31035,2010,residence,2624,27,43,48,1,10.2896341463415,16.3871951219512,18.2926829268293,38.109756097561
31035,2015,occurrence,2451,3,12,12,0,1.22399020807834,4.89596083231334,4.89596083231334,0
31035,2015,residence,2918,13,25,26,1,4.45510623714873,8.56751199451679,8.91021247429747,34.2700479780672
31036,2000,occurrence,6644,126,169,195,3,18.9644792293799,25.4364840457556,29.3497892835641,45.153521974714
31036,2000,residence,6894,131,169,192,3,19.002030751378,24.5140702059762,27.8503046127067,43.5161009573542
31036,2005,occurrence,6295,110,149,161,4,17.4741858617951,23.669579030977,25.5758538522637,63.5424940428912
31036,2005,residence,6399,101,140,153,5,15.7837162056571,21.8784185028911,23.9099859353024,78.1372089388967
31036,2010,occurrence,5579,50,84,97,4,8.96217960207923,15.0564617314931,17.3866284280337,71.6974368166338
31036,2010,residence,5655,47,71,84,3,8.31122900088417,12.5552608311229,14.8541114058355,53.0503978779841
31036,2015,occurrence,6008,57,85,92,1,9.48735019973369,14.1478029294274,15.3129161118509,16.6444740346205
31036,2015,residence,5779,50,79,85,1,8.65201591970929,13.6701851531407,14.7084270635058,17.3040318394186
31037,2000,occurrence,4369,55,97,115,0,12.5886930647745,22.2018768596933,26.3218127718013,0
31037,2000,residence,5845,69,104,125,0,11.8049615055603,17.7929854576561,21.3857998289136,0
31037,2005,occurrence,4967,39,72,88,2,7.85182202536743,14.4956714314476,17.716931749547,40.2657539762432
31037,2005,residence,5099,35,68,80,2,6.86409099823495,13.3359482251422,15.6893508531085,39.2233771327711
31037,2010,occurrence,6134,59,90,100,2,9.61851972611673,14.6723182262798,16.3025758069775,32.605151613955
31037,2010,residence,5191,42,62,72,2,8.09092660373724,11.9437487959931,13.870159892121,38.5282219225583
31037,2015,occurrence,5903,46,63,72,3,7.79264780620024,10.6725393867525,12.1971878705743,50.8216161273929
31037,2015,residence,5374,41,59,67,2,7.62932638630443,10.9787867510234,12.4674358020097,37.2162262746558
31038,2000,occurrence,1301,26,30,33,0,19.9846272098386,23.0591852421214,25.3651037663336,0
31038,2000,residence,1025,24,33,38,0,23.4146341463415,32.1951219512195,37.0731707317073,0
31038,2005,occurrence,1161,7,13,14,0,6.02928509905254,11.1972437553833,12.0585701981051,0
31038,2005,residence,973,11,18,19,0,11.3052415210689,18.4994861253854,19.5272353545735,0
31038,2010,occurrence,962,6,7,9,1,6.23700623700624,7.27650727650728,9.35550935550935,103.950103950104
31038,2010,residence,950,10,16,18,2,10.5263157894737,16.8421052631579,18.9473684210526,210.526315789474
31038,2015,occurrence,809,2,3,5,0,2.47218788627936,3.70828182941904,6.18046971569839,0
31038,2015,residence,872,8,15,18,0,9.1743119266055,17.2018348623853,20.6422018348624,0
31040,2000,occurrence,1193,11,16,21,0,9.22045264040235,13.4115674769489,17.6026823134954,0
31040,2000,residence,1248,17,26,31,1,13.6217948717949,20.8333333333333,24.8397435897436,80.1282051282051
31040,2005,occurrence,1059,5,9,10,0,4.72143531633617,8.4985835694051,9.44287063267233,0
31040,2005,residence,1290,13,20,21,0,10.077519379845,15.5038759689922,16.2790697674419,0
31040,2010,occurrence,971,5,9,15,0,5.14933058702369,9.26879505664264,15.4479917610711,0
31040,2010,residence,1101,9,16,23,0,8.17438692098093,14.5322434150772,20.8900999091735,0
31040,2015,occurrence,1128,8,8,8,1,7.09219858156028,7.09219858156028,7.09219858156028,88.6524822695036
31040,2015,residence,1095,15,19,20,1,13.6986301369863,17.351598173516,18.2648401826484,91.324200913242
31041,2000,occurrence,843,10,15,20,0,11.8623962040332,17.7935943060498,23.7247924080664,0
31041,2000,residence,864,11,21,28,0,12.7314814814815,24.3055555555556,32.4074074074074,0
31041,2005,occurrence,836,5,8,11,0,5.98086124401914,9.56937799043062,13.1578947368421,0
31041,2005,residence,754,9,12,14,0,11.9363395225464,15.9151193633952,18.5676392572944,0
31041,2010,occurrence,681,12,13,14,0,17.6211453744493,19.0895741556535,20.5580029368576,0
31041,2010,residence,710,14,15,16,0,19.7183098591549,21.1267605633803,22.5352112676056,0
31041,2015,occurrence,636,4,4,5,0,6.28930817610063,6.28930817610063,7.86163522012579,0
31041,2015,residence,710,6,9,9,0,8.45070422535211,12.6760563380282,12.6760563380282,0
31042,2000,occurrence,2119,53,65,72,1,25.011798017933,30.6748466257669,33.9782916470033,47.192071731949
31042,2000,residence,2211,55,68,75,1,24.8756218905473,30.7553143374039,33.921302578019,45.2284034373587
31042,2005,occurrence,1878,35,48,50,0,18.6368477103301,25.5591054313099,26.6240681576145,0
31042,2005,residence,1905,39,55,59,0,20.4724409448819,28.8713910761155,30.9711286089239,0
31042,2010,occurrence,1694,14,23,28,0,8.26446280991735,13.5773317591499,16.5289256198347,0
31042,2010,residence,1705,16,27,32,1,9.3841642228739,15.8357771260997,18.7683284457478,58.6510263929619
31042,2015,occurrence,1834,17,23,24,0,9.26935659760087,12.5408942202835,13.0861504907306,0
31042,2015,residence,1678,11,17,18,0,6.5554231227652,10.1311084624553,10.7270560190703,0
31044,2000,occurrence,2284,30,43,50,2,13.1348511383538,18.8266199649737,21.8914185639229,87.5656742556918
31044,2000,residence,2324,31,44,52,2,13.3390705679862,18.9328743545611,22.3752151462995,86.0585197934596
31044,2005,occurrence,2113,21,29,31,1,9.93847610033128,13.7245622337908,14.6710837671557,47.3260766682442
31044,2005,residence,2194,23,38,40,1,10.4831358249772,17.3199635369189,18.2315405651778,45.5788514129444
31044,2010,occurrence,1686,4,11,11,0,2.37247924080664,6.52431791221827,6.52431791221827,0
31044,2010,residence,1841,12,22,22,0,6.51819663226507,11.9500271591526,11.9500271591526,0
31044,2015,occurrence,1660,2,4,9,1,1.20481927710843,2.40963855421687,5.42168674698795,60.2409638554217
31044,2015,residence,1884,13,22,28,1,6.90021231422505,11.6772823779193,14.8619957537155,53.0785562632697
31045,2000,occurrence,1965,30,39,47,0,15.2671755725191,19.8473282442748,23.9185750636132,0
31045,2000,residence,1899,30,40,49,0,15.7977883096367,21.0637177461822,25.8030542390732,0
31045,2005,occurrence,2313,31,41,49,1,13.4025075659317,17.725897103329,21.1846087332469,43.2338953739732
31045,2005,residence,2200,32,42,48,1,14.5454545454545,19.0909090909091,21.8181818181818,45.4545454545455
31045,2010,occurrence,1992,17,23,26,1,8.53413654618474,11.5461847389558,13.0522088353414,50.2008032128514
31045,2010,residence,1927,22,32,34,1,11.41670991178,16.6061235080436,17.6440062272963,51.8941359626362
31045,2015,occurrence,2068,14,18,22,1,6.76982591876209,8.70406189555126,10.6382978723404,48.3558994197292
31045,2015,residence,1958,15,19,20,1,7.6608784473953,9.70377936670072,10.2145045965271,51.0725229826354
31046,2000,occurrence,856,12,14,19,0,14.018691588785,16.3551401869159,22.196261682243,0
31046,2000,residence,867,12,14,19,0,13.840830449827,16.1476355247982,21.9146482122261,0
31046,2005,occurrence,712,7,7,8,0,9.8314606741573,9.8314606741573,11.2359550561798,0
31046,2005,residence,700,12,16,17,0,17.1428571428571,22.8571428571429,24.2857142857143,0
31046,2010,occurrence,524,6,8,8,0,11.4503816793893,15.2671755725191,15.2671755725191,0
31046,2010,residence,593,10,12,12,0,16.8634064080944,20.2360876897133,20.2360876897133,0
31046,2015,occurrence,231,1,2,2,0,4.32900432900433,8.65800865800866,8.65800865800866,0
31046,2015,residence,519,3,5,5,0,5.78034682080925,9.63391136801541,9.63391136801541,0
31047,2000,occurrence,923,14,17,19,0,15.1679306608884,18.4182015167931,20.5850487540628,0
31047,2000,residence,958,16,19,24,0,16.7014613778706,19.8329853862213,25.0521920668058,0
31047,2005,occurrence,785,11,14,18,0,14.0127388535032,17.8343949044586,22.9299363057325,0
31047,2005,residence,902,17,21,25,0,18.8470066518847,23.2815964523282,27.7161862527716,0
31047,2010,occurrence,606,8,11,11,0,13.2013201320132,18.1518151815182,18.1518151815182,0
31047,2010,residence,843,10,15,16,0,11.8623962040332,17.7935943060498,18.9798339264531,0
31047,2015,occurrence,292,4,5,5,0,13.6986301369863,17.1232876712329,17.1232876712329,0
31047,2015,residence,866,11,13,13,1,12.70207852194,15.0115473441109,15.0115473441109,115.473441108545
31048,2000,occurrence,3162,73,95,100,2,23.0866540164453,30.0442757748261,31.6255534471853,63.2511068943707
31048,2000,residence,3219,76,99,106,2,23.609816713265,30.7548928238583,32.9294812053433,62.1310966138552
31048,2005,occurrence,3762,31,50,57,1,8.24029771398192,13.290802764487,15.1515151515152,26.581605528974
31048,2005,residence,3871,47,73,83,1,12.1415654869543,18.8581761818652,21.4414879876001,25.8331180573495
31048,2010,occurrence,3339,41,50,54,1,12.2791254866727,14.9745432764301,16.1725067385445,29.9490865528601
31048,2010,residence,3402,36,48,54,1,10.5820105820106,14.1093474426808,15.8730158730159,29.3944738389183
31048,2015,occurrence,3638,27,31,33,1,7.4216602528862,8.52116547553601,9.07091808686091,27.4876305662452
31048,2015,residence,3619,32,42,44,1,8.84222160817905,11.605415860735,12.1580547112462,27.6319425255596
31049,2000,occurrence,2466,39,52,58,0,15.8150851581509,21.0867802108678,23.5198702351987,0
31049,2000,residence,2738,55,78,87,0,20.0876552227904,28.4879474068663,31.7750182615048,0
31049,2005,occurrence,2922,23,33,38,0,7.87132101300479,11.2936344969199,13.0047912388775,0
31049,2005,residence,3340,37,55,62,0,11.0778443113772,16.4670658682635,18.562874251497,0
31049,2010,occurrence,3118,21,33,36,1,6.73508659397049,10.5837075048108,11.5458627325208,32.071840923669
31049,2010,residence,3345,37,55,57,1,11.0612855007474,16.4424514200299,17.0403587443946,29.8953662182362
31049,2015,occurrence,2532,12,18,19,1,4.739336492891,7.10900473933649,7.50394944707741,39.4944707740916
31049,2015,residence,2996,38,54,61,2,12.6835781041389,18.0240320427236,20.3604806408545,66.7556742323098
31050,2000,occurrence,676,6,11,12,0,8.87573964497041,16.2721893491124,17.7514792899408,0
31050,2000,residence,777,10,19,22,0,12.8700128700129,24.4530244530245,28.3140283140283,0
31050,2005,occurrence,549,4,7,10,0,7.28597449908925,12.7504553734062,18.2149362477231,0
31050,2005,residence,733,7,13,16,0,9.54979536152797,17.7353342428377,21.8281036834925,0
31050,2010,occurrence,323,3,3,4,0,9.28792569659443,9.28792569659443,12.3839009287926,0
31050,2010,residence,521,10,12,14,0,19.1938579654511,23.0326295585413,26.8714011516315,0
31050,2015,occurrence,292,5,6,6,0,17.1232876712329,20.5479452054795,20.5479452054795,0
31050,2015,residence,557,10,12,12,1,17.9533213644524,21.5439856373429,21.5439856373429,179.533213644524
31051,2000,occurrence,993,8,15,17,0,8.0563947633434,15.1057401812689,17.1198388721047,0
31051,2000,residence,1120,26,38,42,2,23.2142857142857,33.9285714285714,37.5,178.571428571429
31051,2005,occurrence,892,4,11,15,0,4.48430493273543,12.3318385650224,16.8161434977578,0
31051,2005,residence,1225,11,22,27,0,8.97959183673469,17.9591836734694,22.0408163265306,0
31051,2010,occurrence,612,3,3,10,0,4.90196078431373,4.90196078431373,16.3398692810458,0
31051,2010,residence,936,5,7,16,0,5.34188034188034,7.47863247863248,17.0940170940171,0
31051,2015,occurrence,147,3,5,7,1,20.4081632653061,34.0136054421769,47.6190476190476,680.272108843538
31051,2015,residence,810,8,10,11,1,9.87654320987654,12.3456790123457,13.5802469135802,123.456790123457
31052,2000,occurrence,3594,19,40,50,1,5.28658875904285,11.1296605453534,13.9120756816917,27.8241513633834
31052,2000,residence,3734,31,62,71,1,8.30208891269416,16.6041778253883,19.0144617032673,26.7809319764328
31052,2005,occurrence,4252,28,35,44,0,6.58513640639699,8.23142050799624,10.3480714957667,0
31052,2005,residence,4412,39,63,75,1,8.83952855847688,14.2792384406165,16.9990933816863,22.6654578422484
31052,2010,occurrence,3900,27,44,48,1,6.92307692307692,11.2820512820513,12.3076923076923,25.6410256410256
31052,2010,residence,3866,23,40,49,1,5.94930160372478,10.3466114847387,12.674599068805,25.8665287118469
31052,2015,occurrence,3538,32,42,50,6,9.04465799886942,11.8711136235161,14.1322781232335,169.587337478802
31052,2015,residence,3708,32,45,56,5,8.62998921251348,12.1359223300971,15.1024811218986,134.843581445523
31053,2000,occurrence,1740,4,9,14,0,2.29885057471264,5.17241379310345,8.04597701149425,0
31053,2000,residence,1750,14,23,27,0,8,13.1428571428571,15.4285714285714,0
31053,2005,occurrence,1686,2,3,4,0,1.18623962040332,1.77935943060498,2.37247924080664,0
31053,2005,residence,1826,16,25,27,1,8.76232201533406,13.6911281489595,14.7864184008762,54.7645125958379
31053,2010,occurrence,1544,16,19,25,0,10.3626943005181,12.3056994818653,16.1917098445596,0
31053,2010,residence,1655,19,25,32,1,11.4803625377644,15.1057401812689,19.3353474320242,60.4229607250755
31053,2015,occurrence,1309,13,14,15,1,9.93124522536287,10.6951871657754,11.4591291061879,76.3941940412529
31053,2015,residence,1603,21,27,32,2,13.1004366812227,16.8434185901435,19.9625701809108,124.766063630692
31055,2000,occurrence,2679,30,49,51,0,11.1982082866741,18.2904068682344,19.036954087346,0
31055,2000,residence,2632,35,58,63,0,13.2978723404255,22.0364741641337,23.936170212766,0
31055,2005,occurrence,2463,28,46,54,1,11.3682501015022,18.6764108810394,21.9244823386115,40.6008932196508
31055,2005,residence,2540,34,55,66,1,13.3858267716535,21.6535433070866,25.9842519685039,39.3700787401575
31055,2010,occurrence,1988,25,31,35,1,12.5754527162978,15.5935613682093,17.6056338028169,50.3018108651912
31055,2010,residence,1963,34,40,47,1,17.3204279164544,20.3769740193581,23.9429444727458,50.9424350483953
31055,2015,occurrence,2037,13,16,20,2,6.38193421698576,7.8546882670594,9.81836033382425,98.1836033382425
31055,2015,residence,1950,13,19,25,3,6.66666666666667,9.74358974358974,12.8205128205128,153.846153846154
31057,2000,occurrence,3076,53,68,72,1,17.2301690507152,22.1066319895969,23.407022106632,32.5097529258778
31057,2000,residence,3097,52,73,79,1,16.7904423635777,23.571197933484,25.508556667743,32.2893122376493
31057,2005,occurrence,3178,44,55,63,0,13.8451856513531,17.3064820641913,19.8237885462555,0
31057,2005,residence,3230,39,51,58,0,12.0743034055728,15.7894736842105,17.9566563467492,0
31057,2010,occurrence,3134,51,64,73,1,16.2731333758775,20.4211869814933,23.2929164007658,31.9081046585833
31057,2010,residence,2882,34,41,45,1,11.7973629424011,14.2262317834837,15.6141568355309,34.6981263011797
31057,2015,occurrence,3703,52,69,72,1,14.0426681069403,18.6335403726708,19.4436943019174,27.0051309748852
31057,2015,residence,3155,30,41,43,0,9.50871632329635,12.9952456418384,13.6291600633914,0
31058,2000,occurrence,4145,23,39,47,1,5.54885404101327,9.40892641737033,11.3389626055489,24.1254523522316
31058,2000,residence,4321,45,68,76,2,10.4142559592687,15.737097894006,17.5885211756538,46.2855820411942
31058,2005,occurrence,4122,23,37,47,0,5.57981562348375,8.97622513343037,11.4022319262494,0
31058,2005,residence,4366,43,64,78,1,9.84883188273019,14.6587265231333,17.8653229500687,22.9042601923958
31058,2010,occurrence,2925,9,16,25,1,3.07692307692308,5.47008547008547,8.54700854700855,34.1880341880342
31058,2010,residence,3360,24,38,53,2,7.14285714285714,11.3095238095238,15.7738095238095,59.5238095238095
31058,2015,occurrence,3225,16,20,26,0,4.96124031007752,6.2015503875969,8.06201550387597,0
31058,2015,residence,3651,30,45,54,0,8.21692686935086,12.3253903040263,14.7904683648316,0
31059,2000,occurrence,5983,103,164,185,1,17.2154437573124,27.410997827177,30.9209426709009,16.7140230653518
31059,2000,residence,5958,108,174,198,1,18.1268882175227,29.2044310171198,33.2326283987915,16.7841557569654
31059,2005,occurrence,5479,64,88,100,0,11.6809636795036,16.0613250593174,18.2515057492243,0
31059,2005,residence,5481,69,94,106,0,12.5889436234264,17.1501550811896,19.3395365809159,0
31059,2010,occurrence,4678,36,51,56,1,7.69559640872168,10.9020949123557,11.9709277469004,21.3766566908935
31059,2010,residence,4708,48,69,76,1,10.1954120645709,14.6559048428207,16.142735768904,21.2404418011895
31059,2015,occurrence,4690,27,35,40,1,5.75692963752665,7.46268656716418,8.52878464818763,21.3219616204691
31059,2015,residence,4803,40,54,62,1,8.3281282531751,11.2429731417864,12.9085987924214,20.8203206329378
31060,2000,occurrence,2839,40,70,87,1,14.0894681225784,24.6565692145122,30.644593166608,35.2236703064459
31060,2000,residence,2900,44,75,92,2,15.1724137931034,25.8620689655172,31.7241379310345,68.9655172413793
31060,2005,occurrence,2950,30,38,45,0,10.1694915254237,12.8813559322034,15.2542372881356,0
31060,2005,residence,3028,37,47,54,1,12.21928665786,15.5217965653897,17.8335535006605,33.0250990752972
31060,2010,occurrence,2257,8,17,20,0,3.54452813469207,7.53212228622065,8.86132033673017,0
31060,2010,residence,2374,20,34,40,0,8.424599831508,14.3218197135636,16.849199663016,0
31060,2015,occurrence,2296,15,20,26,0,6.53310104529617,8.71080139372822,11.3240418118467,0
31060,2015,residence,2277,12,20,26,0,5.27009222661397,8.78348704435661,11.4185331576636,0
31061,2000,occurrence,1944,29,49,53,0,14.917695473251,25.2057613168724,27.2633744855967,0
31061,2000,residence,1960,27,45,51,0,13.7755102040816,22.9591836734694,26.0204081632653,0
31061,2005,occurrence,1701,22,35,38,0,12.933568489124,20.5761316872428,22.3398001175779,0
31061,2005,residence,1704,15,28,32,0,8.80281690140845,16.4319248826291,18.7793427230047,0
31061,2010,occurrence,1277,27,34,37,0,21.1433046202036,26.6249021143305,28.974158183242,0
31061,2010,residence,1136,22,27,30,0,19.3661971830986,23.7676056338028,26.4084507042254,0
31061,2015,occurrence,1569,8,12,12,0,5.09878903760357,7.64818355640535,7.64818355640535,0
31061,2015,residence,1540,10,16,17,0,6.49350649350649,10.3896103896104,11.038961038961,0
31062,2000,occurrence,852,5,12,14,0,5.86854460093897,14.0845070422535,16.4319248826291,0
31062,2000,residence,822,5,15,19,0,6.08272506082725,18.2481751824818,23.1143552311436,0
31062,2005,occurrence,1055,3,12,13,0,2.8436018957346,11.3744075829384,12.3222748815166,0
31062,2005,residence,1100,11,26,30,0,10,23.6363636363636,27.2727272727273,0
31062,2010,occurrence,889,5,11,17,0,5.62429696287964,12.3734533183352,19.1226096737908,0
31062,2010,residence,914,13,24,31,0,14.2231947483589,26.2582056892779,33.9168490153173,0
31062,2015,occurrence,674,12,17,17,0,17.8041543026706,25.2225519287834,25.2225519287834,0
31062,2015,residence,780,15,21,25,0,19.2307692307692,26.9230769230769,32.0512820512821,0
31064,2000,occurrence,1119,10,14,16,3,8.93655049151028,12.5111706881144,14.2984807864164,268.096514745308
31064,2000,residence,1132,13,18,21,3,11.4840989399293,15.9010600706714,18.5512367491166,265.017667844523
31064,2005,occurrence,1148,18,19,24,1,15.6794425087108,16.5505226480836,20.9059233449477,87.1080139372822
31064,2005,residence,1232,23,27,34,1,18.6688311688312,21.9155844155844,27.5974025974026,81.1688311688312
31064,2010,occurrence,997,4,6,8,1,4.01203610832498,6.01805416248746,8.02407221664995,100.300902708124
31064,2010,residence,999,8,11,13,1,8.00800800800801,11.011011011011,13.013013013013,100.1001001001
31064,2015,occurrence,889,10,10,12,0,11.2485939257593,11.2485939257593,13.4983127109111,0
31064,2015,residence,891,11,12,15,0,12.3456790123457,13.4680134680135,16.8350168350168,0
31065,2000,occurrence,834,5,11,14,0,5.99520383693046,13.189448441247,16.7865707434053,0
31065,2000,residence,982,6,12,14,0,6.10997963340122,12.2199592668024,14.2566191446029,0
31065,2005,occurrence,976,12,19,21,2,12.2950819672131,19.4672131147541,21.516393442623,204.918032786885
31065,2005,residence,1210,21,31,35,2,17.3553719008264,25.6198347107438,28.9256198347107,165.289256198347
31065,2010,occurrence,810,3,5,6,1,3.7037037037037,6.17283950617284,7.40740740740741,123.456790123457
31065,2010,residence,979,12,19,23,1,12.2574055158325,19.4075587334014,23.4933605720123,102.145045965271
31065,2015,occurrence,940,5,7,9,1,5.31914893617021,7.4468085106383,9.57446808510638,106.382978723404
31065,2015,residence,1023,9,11,14,3,8.79765395894428,10.752688172043,13.6852394916911,293.255131964809
31066,2000,occurrence,1263,14,22,27,0,11.0847189231987,17.4188440221694,21.3776722090261,0
31066,2000,residence,1267,14,23,28,0,11.0497237569061,18.1531176006314,22.0994475138122,0
31066,2005,occurrence,1076,15,20,21,0,13.9405204460967,18.5873605947955,19.5167286245353,0
31066,2005,residence,1108,22,27,29,0,19.85559566787,24.3682310469314,26.173285198556,0
31066,2010,occurrence,869,4,7,9,0,4.6029919447641,8.05523590333717,10.3567318757192,0
31066,2010,residence,925,6,11,12,0,6.48648648648649,11.8918918918919,12.972972972973,0
31066,2015,occurrence,836,8,10,13,1,9.56937799043062,11.9617224880383,15.5502392344498,119.617224880383
31066,2015,residence,859,7,9,14,1,8.14901047729919,10.477299185099,16.2980209545984,116.414435389988
31067,2000,occurrence,968,2,9,13,0,2.06611570247934,9.29752066115702,13.4297520661157,0
31067,2000,residence,969,4,13,19,0,4.12796697626419,13.4158926728586,19.6078431372549,0
31067,2005,occurrence,1173,17,21,25,1,14.4927536231884,17.9028132992327,21.3128729752771,85.2514919011083
31067,2005,residence,1311,27,35,43,1,20.5949656750572,26.697177726926,32.7993897787948,76.27765064836
31067,2010,occurrence,688,4,6,8,0,5.81395348837209,8.72093023255814,11.6279069767442,0
31067,2010,residence,941,11,15,18,1,11.6896918172157,15.9404888416578,19.1285866099894,106.269925611052
31067,2015,occurrence,359,7,11,11,0,19.4986072423398,30.6406685236769,30.6406685236769,0
31067,2015,residence,847,15,21,23,1,17.7095631641086,24.7933884297521,27.1546635182999,118.063754427391
31068,2000,occurrence,750,11,19,21,0,14.6666666666667,25.3333333333333,28,0
31068,2000,residence,745,12,23,26,1,16.1073825503356,30.8724832214765,34.8993288590604,134.228187919463
31068,2005,occurrence,1104,20,35,40,1,18.1159420289855,31.7028985507246,36.231884057971,90.5797101449275
31068,2005,residence,1164,23,39,44,1,19.7594501718213,33.5051546391753,37.8006872852234,85.9106529209622
31068,2010,occurrence,627,8,11,12,0,12.7591706539075,17.5438596491228,19.1387559808612,0
31068,2010,residence,705,11,14,16,0,15.6028368794326,19.8581560283688,22.6950354609929,0
31068,2015,occurrence,735,6,8,10,0,8.16326530612245,10.8843537414966,13.6054421768707,0
31068,2015,residence,838,7,12,15,0,8.35322195704057,14.3198090692124,17.8997613365155,0
31070,2000,occurrence,2377,29,41,44,0,12.2002524190156,17.2486327303324,18.5107278081616,0
31070,2000,residence,2396,36,50,53,0,15.025041736227,20.8681135225376,22.1202003338898,0
31070,2005,occurrence,2254,14,23,26,2,6.2111801242236,10.2040816326531,11.5350488021295,88.7311446317658
31070,2005,residence,2356,28,38,41,2,11.8845500848896,16.1290322580645,17.402376910017,84.8896434634975
31070,2010,occurrence,1824,8,10,11,1,4.3859649122807,5.48245614035088,6.03070175438597,54.8245614035088
31070,2010,residence,2035,18,23,26,1,8.84520884520885,11.3022113022113,12.7764127764128,49.1400491400492
31070,2015,occurrence,2205,3,5,6,0,1.36054421768707,2.26757369614512,2.72108843537415,0
31070,2015,residence,2560,19,26,28,0,7.421875,10.15625,10.9375,0
31071,2000,occurrence,1773,22,28,31,1,12.4083474337281,15.7924421883813,17.4844895657078,56.4015792442188
31071,2000,residence,1803,31,38,41,1,17.1935662784248,21.0759844703272,22.7398779811425,55.4631170271769
31071,2005,occurrence,1761,4,7,13,0,2.27143668370244,3.97501419647927,7.38216922203294,0
31071,2005,residence,1929,14,19,26,0,7.25764644893727,9.84966303784344,13.4784862623121,0
31071,2010,occurrence,1679,6,10,14,0,3.57355568790947,5.95592614651578,8.3382966051221,0
31071,2010,residence,1980,16,23,27,0,8.08080808080808,11.6161616161616,13.6363636363636,0
31071,2015,occurrence,1639,3,5,7,0,1.83038438071995,3.05064063453325,4.27089688834655,0
31071,2015,residence,2137,17,23,26,0,7.95507721104352,10.7627515208236,12.1665886757136,0
31072,2000,occurrence,5009,68,91,114,2,13.5755639848273,18.1672988620483,22.7590337392693,39.9281293671392
31072,2000,residence,4924,61,81,105,2,12.3883021933388,16.4500406173842,21.3241267262388,40.6173842404549
31072,2005,occurrence,4933,70,95,104,1,14.1901479829718,19.2580579768903,21.082505574701,20.271639975674
31072,2005,residence,4758,61,87,95,1,12.8205128205128,18.2849936948298,19.9663724253888,21.0172341319882
31072,2010,occurrence,5181,45,68,78,1,8.68558193398958,13.1248793669176,15.0550086855819,19.3012931866435
31072,2010,residence,4865,31,47,56,1,6.37204522096608,9.66084275436793,11.5107913669065,20.5549845837616
31072,2015,occurrence,6022,77,92,100,3,12.7864496844902,15.2773165061441,16.6057788110262,49.8173364330787
31072,2015,residence,5569,51,64,71,3,9.15783803196265,11.4921889028551,12.7491470641049,53.8696354821332
31073,2000,occurrence,2589,29,35,41,0,11.201235998455,13.5187331015836,15.8362302047122,0
31073,2000,residence,2620,33,42,50,0,12.5954198473282,16.030534351145,19.0839694656489,0
31073,2005,occurrence,2335,14,20,23,0,5.99571734475375,8.56531049250535,9.85010706638116,0
31073,2005,residence,2346,22,30,34,0,9.37766410912191,12.7877237851662,14.4927536231884,0
31073,2010,occurrence,2103,8,10,11,1,3.80408939610081,4.75511174512601,5.23062291963861,47.5511174512601
31073,2010,residence,2238,17,23,26,1,7.59606791778374,10.2770330652368,11.6175156389634,44.6827524575514
31073,2015,occurrence,2073,10,12,14,1,4.82392667631452,5.78871201157742,6.75349734684033,48.2392667631452
31073,2015,residence,2229,19,26,30,2,8.52400179452669,11.6644235082997,13.4589502018843,89.7263346792284
31074,2000,occurrence,3170,42,56,67,2,13.2492113564669,17.6656151419558,21.1356466876972,63.0914826498423
31074,2000,residence,3143,42,58,69,2,13.3630289532294,18.4537066496977,21.9535475660197,63.6334712058543
31074,2005,occurrence,2618,21,27,32,0,8.02139037433155,10.3132161955691,12.2230710466005,0
31074,2005,residence,2467,27,35,41,0,10.9444669639238,14.1872719902716,16.6193757600324,0
31074,2010,occurrence,2442,11,11,14,1,4.50450450450451,4.50450450450451,5.73300573300573,40.950040950041
31074,2010,residence,2387,26,31,34,1,10.8923334729786,12.987012987013,14.2438206954336,41.8935902806871
31074,2015,occurrence,2414,12,18,21,0,4.97100248550124,7.45650372825186,8.69925434962718,0
31074,2015,residence,2383,23,34,38,0,9.65169953839698,14.2677297524129,15.9462861938733,0
31075,2000,occurrence,11636,134,195,219,4,11.5159848745273,16.7583361980062,18.8209006531454,34.3760742523204
31075,2000,residence,11623,126,184,210,4,10.8405747225329,15.8306805471909,18.0676245375549,34.4145229286759
31075,2005,occurrence,11150,116,168,208,2,10.4035874439462,15.067264573991,18.6547085201794,17.9372197309417
31075,2005,residence,11048,90,133,168,3,8.14627081824765,12.038377986966,15.2063721940623,27.1542360608255
31075,2010,occurrence,11211,116,154,172,5,10.3469806440103,13.7365087860137,15.3420747480153,44.5990545000446
31075,2010,residence,10951,90,123,140,5,8.21842754086385,11.2318509725139,12.7842206191215,45.6579307825769
31075,2015,occurrence,12669,109,142,164,4,8.60367826979241,11.2084615991791,12.9449838187702,31.5731312652932
31075,2015,residence,12425,86,115,133,3,6.9215291750503,9.25553319919517,10.7042253521127,24.1448692152918
31076,2000,occurrence,799,9,14,15,1,11.2640801001252,17.5219023779725,18.7734668335419,125.156445556946
31076,2000,residence,703,9,17,19,1,12.8022759601707,24.1820768136558,27.027027027027,142.247510668563
31076,2005,occurrence,1249,12,14,15,0,9.60768614891914,11.208967173739,12.0096076861489,0
31076,2005,residence,1180,14,21,28,0,11.864406779661,17.7966101694915,23.728813559322,0
31076,2010,occurrence,940,10,12,14,1,10.6382978723404,12.7659574468085,14.8936170212766,106.382978723404
31076,2010,residence,929,15,19,21,1,16.1463939720129,20.4520990312164,22.6049515608181,107.642626480086
31076,2015,occurrence,994,10,11,13,1,10.0603621730382,11.0663983903421,13.0784708249497,100.603621730382
31076,2015,residence,902,13,16,18,2,14.4124168514412,17.7383592017738,19.9556541019956,221.729490022173
31077,2000,occurrence,829,8,8,12,0,9.65018094089264,9.65018094089264,14.475271411339,0
31077,2000,residence,872,10,12,14,0,11.4678899082569,13.7614678899083,16.0550458715596,0
31077,2005,occurrence,1180,7,8,11,0,5.93220338983051,6.77966101694915,9.32203389830508,0
31077,2005,residence,1198,9,11,14,0,7.51252086811352,9.18196994991653,11.686143572621,0
31077,2010,occurrence,820,2,4,5,0,2.4390243902439,4.87804878048781,6.09756097560976,0
31077,2010,residence,894,6,11,14,0,6.71140939597315,12.3042505592841,15.6599552572707,0
31077,2015,occurrence,842,8,8,10,0,9.50118764845606,9.50118764845606,11.8764845605701,0
31077,2015,residence,1073,16,18,21,0,14.9114631873253,16.7753960857409,19.5712954333644,0
31078,2000,occurrence,1587,20,21,24,1,12.6023944549464,13.2325141776938,15.1228733459357,63.0119722747322
31078,2000,residence,1664,27,29,33,1,16.2259615384615,17.4278846153846,19.8317307692308,60.0961538461539
31078,2005,occurrence,1341,9,11,12,0,6.71140939597315,8.20283370618941,8.94854586129754,0
31078,2005,residence,1439,22,31,34,0,15.2883947185546,21.5427380125087,23.6275191104934,0
31078,2010,occurrence,1383,5,6,9,0,3.61532899493854,4.33839479392625,6.50759219088937,0
31078,2010,residence,1515,19,25,28,0,12.5412541254125,16.5016501650165,18.4818481848185,0
31078,2015,occurrence,1502,1,5,8,0,0.66577896138482,3.3288948069241,5.32623169107856,0
31078,2015,residence,1662,12,18,26,1,7.2202166064982,10.8303249097473,15.6438026474128,60.1684717208183
31079,2000,occurrence,2651,53,78,85,0,19.992455677103,29.422859298378,32.063372312335,0
31079,2000,residence,2658,56,87,95,1,21.0684725357412,32.7313769751693,35.7411587659895,37.6222723852521
31079,2005,occurrence,2297,32,42,45,1,13.9312146277754,18.2847191989552,19.5907705703091,43.535045711798
31079,2005,residence,2313,35,48,54,1,15.1318633808906,20.7522697795071,23.3463035019455,43.2338953739732
31079,2010,occurrence,2013,13,16,18,0,6.45802285146548,7.94833581718828,8.94187779433681,0
31079,2010,residence,2131,20,27,34,1,9.38526513374003,12.670107930549,15.954950727358,46.9263256687001
31079,2015,occurrence,2051,9,9,11,0,4.38810336421258,4.38810336421258,5.36323744514871,0
31079,2015,residence,2313,20,24,32,0,8.64677907479464,10.3761348897536,13.8348465196714,0
31080,2000,occurrence,939,8,19,21,0,8.51970181043664,20.234291799787,22.3642172523962,0
31080,2000,residence,1001,15,35,38,0,14.985014985015,34.965034965035,37.962037962038,0
31080,2005,occurrence,741,4,6,9,0,5.39811066126856,8.09716599190283,12.1457489878543,0
31080,2005,residence,861,15,19,25,0,17.4216027874564,22.0673635307782,29.0360046457607,0
31080,2010,occurrence,703,7,7,8,0,9.95732574679943,9.95732574679943,11.3798008534851,0
31080,2010,residence,767,9,10,12,0,11.7340286831812,13.0378096479791,15.645371577575,0
31080,2015,occurrence,675,1,1,2,0,1.48148148148148,1.48148148148148,2.96296296296296,0
31080,2015,residence,675,2,5,6,0,2.96296296296296,7.40740740740741,8.88888888888889,0
31081,2000,occurrence,693,7,18,20,0,10.1010101010101,25.974025974026,28.8600288600289,0
31081,2000,residence,726,8,22,26,0,11.0192837465565,30.3030303030303,35.8126721763085,0
31081,2005,occurrence,790,8,14,18,0,10.126582278481,17.7215189873418,22.7848101265823,0
31081,2005,residence,786,9,16,21,1,11.4503816793893,20.3562340966921,26.7175572519084,127.226463104326
31081,2010,occurrence,567,1,1,1,0,1.7636684303351,1.7636684303351,1.7636684303351,0
31081,2010,residence,554,1,2,2,0,1.80505415162455,3.6101083032491,3.6101083032491,0
31081,2015,occurrence,465,4,4,4,1,8.60215053763441,8.60215053763441,8.60215053763441,215.05376344086
31081,2015,residence,486,4,4,4,1,8.23045267489712,8.23045267489712,8.23045267489712,205.761316872428
31082,2000,occurrence,1286,11,12,13,0,8.55365474339036,9.33125972006221,10.1088646967341,0
31082,2000,residence,1335,19,21,23,0,14.2322097378277,15.7303370786517,17.2284644194757,0
31082,2005,occurrence,1057,4,6,6,0,3.78429517502365,5.67644276253548,5.67644276253548,0
31082,2005,residence,1191,9,11,16,0,7.55667506297229,9.23593618807725,13.4340890008396,0
31082,2010,occurrence,895,1,4,6,0,1.11731843575419,4.46927374301676,6.70391061452514,0
31082,2010,residence,1076,8,15,19,0,7.43494423791822,13.9405204460967,17.6579925650558,0
31082,2015,occurrence,1041,2,5,8,0,1.92122958693564,4.8030739673391,7.68491834774256,0
31082,2015,residence,1298,8,14,18,1,6.1633281972265,10.7858243451464,13.8674884437596,77.0416024653313
31083,2000,occurrence,1012,3,5,8,0,2.96442687747036,4.94071146245059,7.90513833992095,0
31083,2000,residence,1162,14,17,22,1,12.0481927710843,14.6299483648881,18.9328743545611,86.0585197934596
31083,2005,occurrence,1131,3,7,8,0,2.6525198938992,6.18921308576481,7.07338638373121,0
31083,2005,residence,1270,8,16,18,1,6.2992125984252,12.5984251968504,14.1732283464567,78.740157480315
31083,2010,occurrence,774,7,9,10,0,9.04392764857881,11.6279069767442,12.9198966408269,0
31083,2010,residence,945,12,15,16,0,12.6984126984127,15.8730158730159,16.9312169312169,0
31083,2015,occurrence,757,3,3,5,2,3.96301188903567,3.96301188903567,6.60501981505945,264.200792602378
31083,2015,residence,973,11,14,16,2,11.3052415210689,14.3884892086331,16.4439876670093,205.549845837616
31084,2000,occurrence,7106,172,246,275,3,24.2048972699128,34.618632141852,38.6996904024768,42.2178440754292
31084,2000,residence,6387,105,137,149,1,16.4396430248943,21.4498199467669,23.3286362924691,15.6568028808517
31084,2005,occurrence,7803,136,215,240,4,17.4291938997821,27.5535050621556,30.7574009996155,51.2623349993592
31084,2005,residence,6296,69,97,109,3,10.9593392630241,15.4066073697586,17.3125794155019,47.6493011435832
31084,2010,occurrence,7419,93,127,161,3,12.5353821269713,17.1182100013479,21.7010378757245,40.4367165386171
31084,2010,residence,6159,46,67,87,2,7.46874492612437,10.8783893489203,14.125669751583,32.4728040266277
31084,2015,occurrence,8715,104,149,180,7,11.9334480780264,17.096959265634,20.6540447504303,80.3212851405623
31084,2015,residence,6694,51,73,90,4,7.61876307140723,10.9052883178966,13.4448760083657,59.7550044816253
31085,2000,occurrence,1821,13,19,21,2,7.1389346512905,10.4338275672707,11.5321252059308,109.829763866008
31085,2000,residence,1960,15,27,30,2,7.6530612244898,13.7755102040816,15.3061224489796,102.040816326531
31085,2005,occurrence,1918,19,26,28,0,9.90615224191867,13.555787278415,14.5985401459854,0
31085,2005,residence,2058,24,33,36,0,11.6618075801749,16.0349854227405,17.4927113702624,0
31085,2010,occurrence,1612,12,14,17,2,7.44416873449132,8.6848635235732,10.545905707196,124.069478908189
31085,2010,residence,1803,18,22,27,2,9.98336106489185,12.2018857459789,14.9750415973378,110.926234054354
31085,2015,occurrence,1791,9,11,12,1,5.0251256281407,6.14182021217197,6.70016750418761,55.8347292015634
31085,2015,residence,1717,16,20,21,1,9.3185789167152,11.648223645894,12.2306348281887,58.24111822947
31086,2000,occurrence,4547,80,95,104,4,17.5940180338685,20.8928964152188,22.872223444029,87.9700901693424
31086,2000,residence,4371,66,79,89,3,15.0995195607413,18.0736673530085,20.3614733470602,68.6341798215511
31086,2005,occurrence,4207,57,78,86,1,13.5488471594961,18.540527691942,20.4421202757309,23.7699072973615
31086,2005,residence,3955,55,71,79,1,13.9064475347661,17.9519595448799,19.9747155499368,25.2844500632111
31086,2010,occurrence,4086,34,45,49,0,8.3210964268233,11.0132158590308,11.9921683798336,0
31086,2010,residence,3802,43,57,61,0,11.3098369279327,14.9921094160968,16.044187269858,0
31086,2015,occurrence,4461,32,41,51,1,7.17327953373683,9.19076440260031,11.4324142568931,22.4164985429276
31086,2015,residence,4054,28,37,49,2,6.90675875678342,9.1267883571781,12.086827824371,49.3339911198816
31087,2000,occurrence,1669,14,19,20,0,8.38825644098263,11.3840623127621,11.983223487118,0
31087,2000,residence,1730,17,24,26,0,9.82658959537572,13.8728323699422,15.028901734104,0
31087,2005,occurrence,1380,11,11,11,0,7.97101449275362,7.97101449275362,7.97101449275362,0
31087,2005,residence,1526,19,21,22,0,12.4508519003932,13.7614678899083,14.4167758846658,0
31087,2010,occurrence,1325,8,8,10,1,6.0377358490566,6.0377358490566,7.54716981132076,75.4716981132076
31087,2010,residence,1465,11,12,15,1,7.50853242320819,8.19112627986348,10.2389078498294,68.259385665529
31087,2015,occurrence,1375,6,6,7,0,4.36363636363636,4.36363636363636,5.09090909090909,0
31087,2015,residence,1563,9,11,15,0,5.75815738963532,7.03774792066539,9.59692898272553,0
31088,2000,occurrence,1664,27,34,37,0,16.2259615384615,20.4326923076923,22.2355769230769,0
31088,2000,residence,1609,27,35,39,0,16.780609073959,21.7526413921691,24.2386575512741,0
31088,2005,occurrence,1195,14,15,19,0,11.7154811715481,12.5523012552301,15.8995815899582,0
31088,2005,residence,1211,16,20,24,0,13.2122213047069,16.5152766308836,19.8183319570603,0
31088,2010,occurrence,1002,3,4,5,0,2.9940119760479,3.99201596806387,4.99001996007984,0
31088,2010,residence,1091,7,8,9,0,6.41613198900092,7.3327222731439,8.24931255728689,0
31088,2015,occurrence,981,3,4,5,0,3.05810397553517,4.07747196738022,5.09683995922528,0
31088,2015,residence,1091,9,14,15,1,8.24931255728689,12.8322639780018,13.7488542621448,91.6590284142988
31089,2000,occurrence,1262,16,20,22,0,12.6782884310618,15.8478605388273,17.43264659271,0
31089,2000,residence,1390,21,27,31,0,15.1079136690647,19.4244604316547,22.3021582733813,0
31089,2005,occurrence,1066,4,4,6,0,3.75234521575985,3.75234521575985,5.62851782363978,0
31089,2005,residence,1200,10,12,13,0,8.33333333333333,10,10.8333333333333,0
31089,2010,occurrence,1035,5,6,7,0,4.83091787439614,5.79710144927536,6.76328502415459,0
31089,2010,residence,1121,10,15,16,0,8.92060660124889,13.3809099018733,14.2729705619982,0
31089,2015,occurrence,990,5,6,7,1,5.05050505050505,6.06060606060606,7.07070707070707,101.010101010101
31089,2015,residence,1023,9,12,14,1,8.79765395894428,11.7302052785924,13.6852394916911,97.7517106549365
31090,2000,occurrence,701,3,4,4,0,4.27960057061341,5.70613409415121,5.70613409415121,0
31090,2000,residence,995,19,26,29,1,19.0954773869347,26.1306532663317,29.1457286432161,100.502512562814
31090,2005,occurrence,474,2,2,3,0,4.21940928270042,4.21940928270042,6.32911392405063,0
31090,2005,residence,780,12,14,15,1,15.3846153846154,17.948717948718,19.2307692307692,128.205128205128
31090,2010,occurrence,336,0,2,2,0,0,5.95238095238095,5.95238095238095,0
31090,2010,residence,684,8,11,11,1,11.6959064327485,16.0818713450292,16.0818713450292,146.198830409357
31090,2015,occurrence,335,1,5,6,0,2.98507462686567,14.9253731343284,17.910447761194,0
31090,2015,residence,728,7,12,13,0,9.61538461538461,16.4835164835165,17.8571428571429,0
31091,2000,occurrence,623,9,11,11,1,14.446227929374,17.6565008025682,17.6565008025682,160.513643659711
31091,2000,residence,738,10,14,15,1,13.550135501355,18.970189701897,20.3252032520325,135.50135501355
31091,2005,occurrence,501,1,1,2,0,1.99600798403194,1.99600798403194,3.99201596806387,0
31091,2005,residence,611,6,6,9,0,9.81996726677578,9.81996726677578,14.7299509001637,0
31091,2010,occurrence,399,0,0,1,0,0,0,2.5062656641604,0
31091,2010,residence,521,1,3,5,0,1.91938579654511,5.75815738963532,9.59692898272553,0
31091,2015,occurrence,377,2,2,2,0,5.30503978779841,5.30503978779841,5.30503978779841,0
31091,2015,residence,521,5,8,8,0,9.59692898272553,15.3550863723608,15.3550863723608,0
31092,2000,occurrence,3150,62,75,84,1,19.6825396825397,23.8095238095238,26.6666666666667,31.7460317460318
31092,2000,residence,3045,66,80,88,2,21.6748768472906,26.2725779967159,28.8998357963875,65.6814449917898
31092,2005,occurrence,2652,29,42,49,1,10.9351432880845,15.8371040723982,18.4766214177979,37.7073906485671
31092,2005,residence,2559,21,33,39,1,8.2063305978898,12.8956623681125,15.2403282532239,39.0777647518562
31092,2010,occurrence,2477,21,34,37,1,8.47799757771498,13.7262817924909,14.9374243035931,40.371417036738
31092,2010,residence,2344,17,28,31,2,7.25255972696246,11.9453924914676,13.2252559726962,85.3242320819113
31092,2015,occurrence,2886,39,60,67,5,13.5135135135135,20.7900207900208,23.2155232155232,173.250173250173
31092,2015,residence,2571,20,31,36,4,7.77907429015947,12.0575651497472,14.002333722287,155.581485803189
31093,2000,occurrence,991,11,19,25,0,11.0998990918264,19.1725529767911,25.2270433905146,0
31093,2000,residence,1052,11,18,23,1,10.4562737642586,17.1102661596958,21.8631178707224,95.0570342205323
31093,2005,occurrence,863,7,10,12,0,8.11123986095018,11.5874855156431,13.9049826187717,0
31093,2005,residence,938,10,15,18,0,10.6609808102345,15.9914712153518,19.1897654584222,0
31093,2010,occurrence,731,3,3,3,0,4.10396716826265,4.10396716826265,4.10396716826265,0
31093,2010,residence,724,8,9,10,0,11.0497237569061,12.4309392265193,13.8121546961326,0
31093,2015,occurrence,650,0,0,1,0,0,0,1.53846153846154,0
31093,2015,residence,793,7,8,8,1,8.82723833543506,10.0882723833544,10.0882723833544,126.103404791929
31094,2000,occurrence,1909,54,84,93,1,28.2870612886328,44.0020953378732,48.7166055526454,52.3834468308015
31094,2000,residence,2060,57,89,102,1,27.6699029126214,43.2038834951456,49.5145631067961,48.5436893203884
31094,2005,occurrence,2694,22,36,42,0,8.16629547141797,13.3630289532294,15.5902004454343,0
31094,2005,residence,2828,26,42,49,1,9.19377652050919,14.8514851485149,17.3267326732673,35.3606789250354
31094,2010,occurrence,2071,17,24,27,1,8.20859488169966,11.5886045388701,13.0371801062289,48.2858522452921
31094,2010,residence,2184,27,36,42,1,12.3626373626374,16.4835164835165,19.2307692307692,45.7875457875458
31094,2015,occurrence,1915,20,25,29,1,10.443864229765,13.0548302872063,15.1436031331593,52.2193211488251
31094,2015,residence,1998,31,38,42,1,15.5155155155155,19.019019019019,21.021021021021,50.0500500500501
31095,2000,occurrence,911,8,13,14,0,8.78155872667399,14.2700329308452,15.3677277716795,0
31095,2000,residence,1006,12,19,20,0,11.9284294234592,18.8866799204771,19.8807157057654,0
31095,2005,occurrence,840,6,9,11,0,7.14285714285714,10.7142857142857,13.0952380952381,0
31095,2005,residence,980,11,14,16,0,11.2244897959184,14.2857142857143,16.3265306122449,0
31095,2010,occurrence,420,2,3,3,0,4.76190476190476,7.14285714285714,7.14285714285714,0
31095,2010,residence,644,3,6,7,0,4.6583850931677,9.3167701863354,10.8695652173913,0
31095,2015,occurrence,382,1,1,1,0,2.61780104712042,2.61780104712042,2.61780104712042,0
31095,2015,residence,686,9,11,12,0,13.1195335276968,16.0349854227405,17.4927113702624,0
31096,2000,occurrence,671,5,13,17,1,7.45156482861401,19.3740685543964,25.3353204172876,149.03129657228
31096,2000,residence,820,8,16,21,1,9.75609756097561,19.5121951219512,25.609756097561,121.951219512195
31096,2005,occurrence,678,3,8,10,1,4.42477876106195,11.7994100294985,14.7492625368732,147.492625368732
31096,2005,residence,805,9,16,19,1,11.1801242236025,19.8757763975155,23.6024844720497,124.223602484472
31096,2010,occurrence,538,4,6,6,0,7.43494423791822,11.1524163568773,11.1524163568773,0
31096,2010,residence,636,8,11,11,0,12.5786163522013,17.2955974842767,17.2955974842767,0
31096,2015,occurrence,519,5,5,6,0,9.63391136801541,9.63391136801541,11.5606936416185,0
31096,2015,residence,626,7,9,13,0,11.1821086261981,14.3769968051118,20.7667731629393,0
31097,2000,occurrence,8352,162,223,252,10,19.3965517241379,26.7001915708812,30.1724137931035,119.731800766284
31097,2000,residence,8148,145,197,215,10,17.7957781050565,24.1777123220422,26.3868433971527,122.729504172803
31097,2005,occurrence,7410,133,176,201,5,17.948717948718,23.7516869095817,27.1255060728745,67.476383265857
31097,2005,residence,7047,95,127,145,4,13.4809138640556,18.0218532708954,20.5761316872428,56.7617425854974
31097,2010,occurrence,7449,110,158,177,7,14.7670828299101,21.2109007920526,23.7615787354007,93.9723452812458
31097,2010,residence,6735,89,123,138,6,13.2145508537491,18.2628062360802,20.4899777282851,89.086859688196
31097,2015,occurrence,8718,93,123,143,5,10.6675843083276,14.1087405368204,16.4028446891489,57.3526038082129
31097,2015,residence,7268,63,83,102,4,8.66813428728674,11.4199229499174,14.0341221794166,55.0357732526142
31098,2000,occurrence,1142,7,11,14,0,6.12959719789842,9.6322241681261,12.2591943957968,0
31098,2000,residence,1059,7,12,16,0,6.61000944287063,11.3314447592068,15.1085930122757,0
31098,2005,occurrence,1294,10,14,20,0,7.72797527047914,10.8191653786708,15.4559505409583,0
31098,2005,residence,1196,9,17,23,0,7.52508361204013,14.2140468227425,19.2307692307692,0
31098,2010,occurrence,1093,8,11,11,0,7.31930466605672,10.064043915828,10.064043915828,0
31098,2010,residence,1032,11,16,17,0,10.6589147286822,15.5038759689922,16.4728682170543,0
31098,2015,occurrence,795,3,5,5,0,3.77358490566038,6.28930817610063,6.28930817610063,0
31098,2015,residence,882,6,8,9,0,6.80272108843537,9.0702947845805,10.2040816326531,0
31099,2000,occurrence,4924,33,62,84,3,6.70186839967506,12.591389114541,17.0593013809911,60.9260763606824
31099,2000,residence,4859,27,48,65,4,5.55669890924058,9.87857583864993,13.3772381148384,82.3214653220827
31099,2005,occurrence,5215,127,171,196,7,24.352828379674,32.7900287631831,37.5838926174497,134.228187919463
31099,2005,residence,4928,89,123,141,7,18.0600649350649,24.9594155844156,28.612012987013,142.045454545455
31099,2010,occurrence,4215,86,119,143,4,20.4033214709371,28.2325029655991,33.926453143535,94.8991696322657
31099,2010,residence,3833,52,78,96,3,13.5663970780068,20.3495956170102,25.0456561440125,78.2676754500391
31099,2015,occurrence,4349,56,79,89,6,12.8765233386986,18.1650954242355,20.4644745918602,137.962750057484
31099,2015,residence,3594,29,48,57,3,8.06900389538119,13.355592654424,15.8597662771285,83.4724540901503
32001,2000,occurrence,9023,99,149,170,4,10.9719605452732,16.5133547600576,18.8407403302671,44.3311537182755
32001,2000,residence,9193,121,189,215,4,13.1621886217774,20.5591210703796,23.3873599477864,43.5113673447188
32001,2005,occurrence,8252,50,72,87,2,6.05913717886573,8.72515753756665,10.5428986912264,24.2365487154629
32001,2005,residence,8453,74,116,140,3,8.75428841831303,13.7229386016799,16.5621672778895,35.4903584526204
32001,2010,occurrence,8413,62,76,91,7,7.36954712944253,9.033638416736,10.8165933674076,83.2045643646737
32001,2010,residence,8235,70,91,113,8,8.5003035822708,11.050394656952,13.7219186399514,97.1463266545234
32001,2015,occurrence,8957,93,110,122,4,10.3829407167578,12.2808976219716,13.6206319080049,44.6578095344423
32001,2015,residence,9093,86,115,135,5,9.45782470031893,12.6470911690311,14.8465852853844,54.987352908831
32002,2000,occurrence,32207,409,616,722,11,12.6991026795417,19.1262768963269,22.4174868817338,34.154065886298
32002,2000,residence,32163,365,539,629,11,11.3484438640674,16.75838696639,19.5566333986258,34.2007897273264
32002,2005,occurrence,29337,355,546,625,21,12.1007601322562,18.6113099498926,21.3041551624229,71.5819613457409
32002,2005,residence,28813,285,432,494,17,9.89136847950578,14.9932322215667,17.14503869781,59.0011453163503
32002,2010,occurrence,29687,263,379,445,23,8.85909657425809,12.7665308047293,14.9897261427561,77.4749890524472
32002,2010,residence,29577,231,333,393,22,7.81012273050005,11.2587483517598,13.2873516583832,74.3821212428576
32002,2015,occurrence,33118,257,402,468,21,7.76013044265958,12.1384141554442,14.1312881212634,63.4096261851561
32002,2015,residence,32630,233,352,407,19,7.1406680968434,10.7876187557462,12.4731841863316,58.2286239656758
32003,2000,occurrence,6660,85,128,151,6,12.7627627627628,19.2192192192192,22.6726726726727,90.0900900900901
32003,2000,residence,6573,80,133,158,5,12.1710025863381,20.234291799787,24.0377301080177,76.0687661646128
32003,2005,occurrence,6232,50,65,79,3,8.02310654685494,10.4300385109114,12.6765083440308,48.1386392811297
32003,2005,residence,6296,74,98,121,3,11.7534942820839,15.5654383735705,19.2185514612452,47.6493011435832
32003,2010,occurrence,5719,44,55,68,3,7.69365273649239,9.61706592061549,11.890190592761,52.4567232033572
32003,2010,residence,5768,61,84,99,3,10.5755894590846,14.5631067961165,17.1636615811373,52.0110957004161
32003,2015,occurrence,5622,24,35,44,1,4.26894343649947,6.22554251156172,7.82639630024902,17.7872643187478
32003,2015,residence,6167,56,75,88,2,9.08059023836549,12.1615047835252,14.2694989460029,32.4306794227339
32004,2000,occurrence,10257,134,205,232,6,13.0642488056937,19.9863507848299,22.6186994247831,58.4966364434045
32004,2000,residence,10446,161,239,271,6,15.4125981236837,22.8795711277044,25.9429446678154,57.4382538770821
32004,2005,occurrence,8513,95,140,158,4,11.1594032655938,16.4454363914014,18.5598496417244,46.9869611182897
32004,2005,residence,8832,114,172,192,5,12.9076086956522,19.4746376811594,21.7391304347826,56.6123188405797
32004,2010,occurrence,7796,71,109,130,0,9.10723447922011,13.9815289892252,16.6752180605439,0
32004,2010,residence,8270,76,108,128,0,9.18984280532043,13.0592503022975,15.4776299879081,0
32004,2015,occurrence,8702,71,104,123,6,8.15904389795449,11.9512755688348,14.1346816823719,68.9496667432774
32004,2015,residence,9051,71,108,129,6,7.84443707877583,11.9323831620815,14.2525687769307,66.2910175671197
33001,2000,occurrence,3739,32,45,51,1,8.55843808504948,12.0353035571008,13.6400106980476,26.7451190157796
33001,2000,residence,3953,49,70,76,1,12.3956488742727,17.7080698203896,19.225904376423,25.2972426005565
33001,2005,occurrence,3350,20,27,44,0,5.97014925373134,8.05970149253731,13.134328358209,0
33001,2005,residence,3549,28,38,58,0,7.88954635108481,10.7072414764722,16.3426317272471,0
33001,2010,occurrence,3359,12,23,27,4,3.5724918130396,6.84727597499256,8.03810657933909,119.083060434653
33001,2010,residence,3550,21,37,42,3,5.91549295774648,10.4225352112676,11.830985915493,84.5070422535211
33001,2015,occurrence,3639,16,22,25,0,4.39681231107447,6.0456169277274,6.87001923605386,0
33001,2015,residence,4057,36,49,53,1,8.87355188562978,12.0778900665516,13.0638402760661,24.6487552378605
33002,2000,occurrence,8022,131,174,200,8,16.3300922463226,21.6903515332835,24.931438544004,99.725754176016
33002,2000,residence,8755,139,195,224,9,15.8766419189035,22.2729868646488,25.5853797829812,102.798400913764
33002,2005,occurrence,8822,73,99,118,3,8.27476762638857,11.2219451371571,13.3756517796418,34.0058943550215
33002,2005,residence,9277,92,133,153,4,9.91699902985879,14.3365312062089,16.492400560526,43.1173870863426
33002,2010,occurrence,8869,75,93,119,10,8.45642124253016,10.4859623407374,13.4175217048145,112.752283233736
33002,2010,residence,9672,90,115,146,10,9.30521091811414,11.8899917287014,15.0951199338296,103.391232423491
33002,2015,occurrence,10377,76,109,134,5,7.32388937072372,10.5039992290643,12.9131733641708,48.1834827021297
33002,2015,residence,11745,92,139,169,6,7.83312047679864,11.8348233290762,14.3891017454236,51.0855683269476
33003,2000,occurrence,7824,94,123,132,11,12.0143149284254,15.7208588957055,16.8711656441718,140.593047034765
33003,2000,residence,5140,85,116,124,10,16.5369649805448,22.568093385214,24.124513618677,194.552529182879
33003,2005,occurrence,6826,60,76,84,5,8.78992089071198,11.1338997949018,12.3058892469968,73.2493407559332
33003,2005,residence,4498,53,72,80,4,11.7830146731881,16.0071142730102,17.7856825255669,88.9284126278346
33003,2010,occurrence,6023,44,52,56,5,7.30532956998174,8.63357130997842,9.29769217997675,83.0151087497925
33003,2010,residence,4157,47,57,62,5,11.3062304546548,13.7118114024537,14.9146018763531,120.279047389945
33003,2015,occurrence,5317,34,46,53,3,6.39458341169833,8.65149520406244,9.96802708294151,56.4227948091029
33003,2015,residence,4372,42,63,71,1,9.60658737419945,14.4098810612992,16.2397072278134,22.8728270814273
33004,2000,occurrence,13825,264,353,382,15,19.0958408679928,25.5334538878843,27.6311030741411,108.499095840868
33004,2000,residence,13593,246,338,370,14,18.0975502096667,24.865739718973,27.2198925917752,102.994188185095
33004,2005,occurrence,11333,127,169,191,15,11.2062119474102,14.9122033000971,16.8534368657902,132.35683402453
33004,2005,residence,11278,125,172,201,15,11.0835254477744,15.2509310161376,17.8223089200213,133.002305373293
33004,2010,occurrence,10861,96,149,171,9,8.83896510450235,13.718810422613,15.7444065923948,82.8652978547095
33004,2010,residence,10965,97,154,177,9,8.84632922936617,14.0446876424989,16.1422708618331,82.0793433652531
33004,2015,occurrence,11625,84,110,123,4,7.2258064516129,9.46236559139785,10.5806451612903,34.4086021505376
33004,2015,residence,11601,74,100,116,6,6.3787604516852,8.61994655633135,9.99913800534437,51.7196793379881
33005,2000,occurrence,161099,2149,3252,3761,111,13.3396234613499,20.1863450424894,23.3458928981558,68.9017312335893
33005,2000,residence,164729,2057,3094,3575,105,12.4871759070959,18.7823637610864,21.7023110684822,63.7410534878497
33005,2005,occurrence,136131,1605,2393,2790,83,11.790113934372,17.5786558535528,20.4949644092822,60.9706826512697
33005,2005,residence,139724,1495,2211,2571,83,10.6996650539635,15.82405313332,18.4005611061808,59.4028227076236
33005,2010,occurrence,133587,1324,2032,2407,104,9.91114404844783,15.2110609565302,18.0182203358111,77.8518867853908
33005,2010,residence,135326,1218,1878,2225,104,9.00048771115676,13.8775992787787,16.4417776332708,76.851455004951
33005,2015,occurrence,146867,1332,2046,2352,103,9.06943016470684,13.930971559302,16.0144892998427,70.1314795018622
33005,2015,residence,147969,1247,1899,2175,100,8.42744088288763,12.833769235448,14.6990247957342,67.5817231987781
33006,2000,occurrence,30854,319,444,483,14,10.33901601089,14.390354573151,15.6543722045764,45.3749918973229
33006,2000,residence,29512,342,483,546,16,11.5885063702901,16.3662239089184,18.5009487666034,54.2152344808891
33006,2005,occurrence,25452,243,317,371,6,9.54738330975955,12.4548169102625,14.5764576457646,23.5737859500236
33006,2005,residence,24075,273,368,436,7,11.3395638629284,15.2855659397715,18.1100726895119,29.0758047767394
33006,2010,occurrence,23418,185,279,336,16,7.89990605517124,11.9139123750961,14.3479374839867,68.323511828508
33006,2010,residence,23255,225,321,382,14,9.67533863685229,13.8034831219093,16.4265749301226,60.2021070737476
33006,2015,occurrence,26356,152,250,296,13,5.76718773713765,9.48550614660798,11.2308392775839,49.3246319623615
33006,2015,residence,25762,187,298,355,14,7.25875320239112,11.5674248893719,13.7799860259297,54.3436068628212
33007,2000,occurrence,5645,94,115,134,3,16.651904340124,20.3720106288751,23.7378210806023,53.1443755535873
33007,2000,residence,5228,80,99,118,3,15.3022188217292,18.9364957918898,22.5707727620505,57.3833205814843
33007,2005,occurrence,4858,49,71,81,0,10.0864553314121,14.615067929189,16.6735282009057,0
33007,2005,residence,4636,53,74,85,0,11.4322691975841,15.9620362381363,18.334771354616,0
33007,2010,occurrence,4388,25,43,50,2,5.69735642661805,9.79945305378305,11.3947128532361,45.5788514129444
33007,2010,residence,4113,29,50,57,2,7.05081449063944,12.156576707999,13.8584974471189,48.6263068319961
33007,2015,occurrence,4397,32,36,41,5,7.27768933363657,8.18740050034114,9.32453945872186,113.713895838071
33007,2015,residence,4194,39,48,56,6,9.29899856938484,11.444921316166,13.3524082021936,143.061516452074
33008,2000,occurrence,13658,237,324,374,11,17.3524674183629,23.7223605213062,27.383218626446,80.5388783130766
33008,2000,residence,13199,237,320,365,11,17.9559057504356,24.2442609288583,27.6536101219789,83.3396469429502
33008,2005,occurrence,13342,183,240,274,8,13.7160845450457,17.98830760006,20.5366511767351,59.9610253335332
33008,2005,residence,13166,176,235,269,7,13.3677654564788,17.849005012912,20.4314142488227,53.1672489746316
33008,2010,occurrence,12795,140,190,218,13,10.9417741305197,14.8495506057054,17.0379054318093,101.602188354826
33008,2010,residence,12425,133,191,219,12,10.7042253521127,15.3722334004024,17.625754527163,96.579476861167
33008,2015,occurrence,15854,172,235,253,16,10.848997098524,14.8227576636811,15.9581178251545,100.920903242084
33008,2015,residence,14941,159,224,244,13,10.6418579747005,14.9923030586975,16.3309015460813,87.0089016799411
33009,2000,occurrence,14993,223,303,335,14,14.8736076835857,20.2094310678317,22.34376042153,93.3769092243047
33009,2000,residence,14921,236,324,360,16,15.8166342738422,21.7143623081563,24.1270692312848,107.23141880571
33009,2005,occurrence,13172,142,187,214,13,10.780443364713,14.1967810507136,16.246583662314,98.6941998177953
33009,2005,residence,12876,160,217,252,14,12.426219322771,16.8530599565082,19.5712954333644,108.729419074247
33009,2010,occurrence,12137,112,151,161,11,9.22798055532669,12.4412952129851,13.2652220482821,90.6319518826728
33009,2010,residence,11783,134,183,205,13,11.3723160485445,15.5308495289824,17.3979461936688,110.328439276924
33009,2015,occurrence,12637,91,122,130,6,7.20107620479544,9.65419007675872,10.2872517211363,47.4796233283216
33009,2015,residence,12305,109,150,166,8,8.85818772856562,12.1901665989435,13.4904510361642,65.0142218610321
35011,2000,occurrence,44080,668,953,1058,19,15.1542649727768,21.6197822141561,24.0018148820327,43.1034482758621
35011,2000,residence,49975,744,1106,1253,21,14.8874437218609,22.1310655327664,25.0725362681341,42.0210105052526
35011,2005,occurrence,40399,357,554,655,16,8.83685239733657,13.7132107230377,16.2132726057576,39.6049407163544
35011,2005,residence,45376,429,668,785,18,9.45433709449929,14.7214386459803,17.2998942172073,39.6685472496474
35011,2010,occurrence,38363,317,457,527,28,8.26317024216042,11.9125198759221,13.737194692803,72.986992675234
35011,2010,residence,43568,369,545,636,27,8.46951891296364,12.5091810503122,14.5978699963276,61.9720896070511
35011,2015,occurrence,41692,298,436,490,25,7.14765422623045,10.4576417538137,11.7528542646071,59.9635421663629
35011,2015,residence,47924,367,538,611,27,7.65795843418746,11.2261080043402,12.7493531424756,56.3392037392538
35012,2000,occurrence,6883,92,134,152,6,13.3662647101555,19.4682551213134,22.0833938689525,87.1712915879704
35012,2000,residence,8826,119,185,211,7,13.4828914570587,20.9607976433265,23.9066394742805,79.3111262179923
35012,2005,occurrence,7153,88,120,144,6,12.3025304068223,16.776177827485,20.131413392982,83.8808891374249
35012,2005,residence,8583,97,140,169,7,11.301409763486,16.3113130607014,19.6900850518467,81.5565653035069
35012,2010,occurrence,6374,46,71,88,6,7.21681832444305,11.139002196423,13.8060872293693,94.132412927518
35012,2010,residence,8443,68,106,127,6,8.05400923842236,12.5547791069525,15.0420466658771,71.0647873978444
35012,2015,occurrence,7634,57,84,91,3,7.4665968037726,11.0034058160859,11.9203563007598,39.2978779145926
35012,2015,residence,9383,80,115,131,3,8.52605776404135,12.2562080358094,13.9614195886177,31.9727166151551
35013,2000,occurrence,17853,173,294,338,3,9.69024813756792,16.467820534364,18.9323923150171,16.803898504453
35013,2000,residence,20102,215,358,411,5,10.6954531887374,17.8091732165954,20.4457267933539,24.8731469505522
35013,2005,occurrence,13904,105,187,229,4,7.5517836593786,13.4493670886076,16.470080552359,28.7686996547756
35013,2005,residence,17812,165,277,327,4,9.26341792050303,15.5513137210869,18.3584100606333,22.456770716371
35013,2010,occurrence,13814,99,129,153,3,7.16664253655712,9.33835239611988,11.0757202837701,21.7170985956276
35013,2010,residence,17788,137,192,231,2,7.70182145266472,10.793793568698,12.9862828873398,11.2435349673937
35013,2015,occurrence,14401,99,139,162,5,6.87452260259704,9.65210749253524,11.2492188042497,34.7198111242275
35013,2015,residence,19040,138,214,245,7,7.24789915966387,11.2394957983193,12.8676470588235,36.7647058823529
35014,2000,occurrence,28329,319,474,523,7,11.2605457305235,16.7319707720004,18.4616470754351,24.7096614776378
35014,2000,residence,33803,384,585,660,11,11.359938467,17.3061562583203,19.5248942401562,32.5414904002603
35014,2005,occurrence,25699,239,346,379,8,9.29997276158605,13.4635588933422,14.7476555507996,31.1296159383634
35014,2005,residence,30686,286,425,481,8,9.32021117121815,13.849964153034,15.6749006061396,26.0705207586522
35014,2010,occurrence,25609,172,278,319,6,6.7163887695732,10.8555585926823,12.4565582412433,23.4292631496739
35014,2010,residence,30125,206,340,399,8,6.83817427385892,11.2863070539419,13.2448132780083,26.5560165975104
35014,2015,occurrence,26650,193,286,324,3,7.24202626641651,10.7317073170732,12.1575984990619,11.2570356472796
35014,2015,residence,32824,243,371,420,5,7.40311966853522,11.3027053375579,12.7955154764806,15.2327565196198
35015,2000,occurrence,45915,458,643,718,15,9.97495371882827,14.0041380812371,15.6375912011325,32.6690623979092
35015,2000,residence,44326,477,697,810,15,10.7611785408113,15.7244055407661,18.2736994089248,33.8401840906015
35015,2005,occurrence,37321,296,444,500,7,7.93119155435278,11.8967873315292,13.3972830310013,18.7561962434018
35015,2005,residence,38095,313,478,553,9,8.21630135188345,12.5475784223651,14.5163407271295,23.6251476571729
35015,2010,occurrence,34179,302,428,481,9,8.83583486936423,12.5223090201586,14.0729687820006,26.3319582199596
35015,2010,residence,35840,332,480,544,12,9.26339285714286,13.3928571428571,15.1785714285714,33.4821428571429
35015,2015,occurrence,33609,235,347,382,21,6.99217471510607,10.3246154303907,11.3660031539171,62.4832634115862
35015,2015,residence,36797,262,386,426,23,7.1201456640487,10.4899855966519,11.5770307362013,62.5050955240916
35016,2000,occurrence,217600,2440,3887,4565,75,11.2132352941176,17.8630514705882,20.9788602941177,34.4669117647059
35016,2000,residence,203922,2139,3285,3776,66,10.4893047341631,16.1091005384412,18.5168839065917,32.3653161502928
35016,2005,occurrence,194653,1778,2768,3248,49,9.13420291493067,14.220176416495,16.686102962708,25.1730001592578
35016,2005,residence,179025,1522,2312,2689,40,8.50160592096076,12.9143974305265,15.0202485686357,22.3432481496998
35016,2010,occurrence,191575,1558,2403,2808,94,8.13258514941929,12.5433903171082,14.6574448649354,49.0669450606812
35016,2010,residence,174265,1348,2012,2303,92,7.73534559435343,11.5456345221358,13.2155051215103,52.7931598427682
35016,2015,occurrence,198472,1575,2359,2703,98,7.93562819944375,11.8858075698335,13.6190495384739,49.3772421298722
35016,2015,residence,176313,1324,1914,2155,89,7.50937253634162,10.8556941348624,12.2225814318853,50.478410553958
35021,2000,occurrence,4232,50,75,89,0,11.8147448015123,17.7221172022684,21.0302457466919,0
35021,2000,residence,3831,48,73,86,0,12.5293657008614,19.0550770033934,22.44844688071,0
35021,2005,occurrence,3753,87,108,121,0,23.1814548361311,28.7769784172662,32.2408739674927,0
35021,2005,residence,3400,45,59,69,0,13.2352941176471,17.3529411764706,20.2941176470588,0
35021,2010,occurrence,3703,49,67,74,1,13.2325141776938,18.0934377531731,19.9837969214151,27.0051309748852
35021,2010,residence,3448,27,37,42,1,7.83062645011601,10.7308584686775,12.1809744779582,29.0023201856149
35021,2015,occurrence,3950,53,81,87,0,13.4177215189873,20.5063291139241,22.0253164556962,0
35021,2015,residence,3827,27,51,56,0,7.05513457015939,13.32636529919,14.6328717010713,0
35022,2000,occurrence,2517,25,36,42,0,9.93245927691697,14.3027413587604,16.6865315852205,0
35022,2000,residence,2553,28,39,45,0,10.9674892283588,15.2761457109283,17.6263219741481,0
35022,2005,occurrence,2273,15,22,26,0,6.5992080950286,9.67883853937528,11.4386273647162,0
35022,2005,residence,2214,28,40,44,0,12.646793134598,18.06684733514,19.873532068654,0
35022,2010,occurrence,2344,4,12,17,0,1.70648464163823,5.11945392491468,7.25255972696246,0
35022,2010,residence,2356,11,26,32,0,4.66893039049236,11.0356536502547,13.5823429541596,0
35022,2015,occurrence,2211,7,8,8,0,3.16598824061511,3.61827227498869,3.61827227498869,0
35022,2015,residence,2296,14,20,22,0,6.09756097560976,8.71080139372822,9.58188153310105,0
35023,2000,occurrence,2894,21,32,34,1,7.25639253628196,11.0573600552868,11.7484450587422,34.5542501727713
35023,2000,residence,3294,29,47,51,1,8.80388585306618,14.2683667273831,15.4826958105647,30.3582270795386
35023,2005,occurrence,2601,24,30,36,0,9.22722029988466,11.5340253748558,13.840830449827,0
35023,2005,residence,3082,59,69,79,0,19.1434133679429,22.3880597014925,25.6327060350422,0
35023,2010,occurrence,2677,10,14,14,1,3.73552484124019,5.22973477773627,5.22973477773627,37.3552484124019
35023,2010,residence,2989,31,44,49,1,10.3713616594179,14.7206423553028,16.3934426229508,33.4560053529609
35023,2015,occurrence,3336,7,14,17,1,2.09832134292566,4.19664268585132,5.09592326139089,29.9760191846523
35023,2015,residence,3467,31,43,49,1,8.9414479376983,12.4026535910009,14.1332564176522,28.8433804441881
35031,2000,occurrence,3880,48,67,83,1,12.3711340206186,17.2680412371134,21.3917525773196,25.7731958762887
35031,2000,residence,3789,43,60,75,1,11.3486408023225,15.8353127474268,19.7941409342835,26.3921879123779
35031,2005,occurrence,3701,31,42,51,1,8.37611456363145,11.3482842475007,13.7800594433937,27.0197243988111
35031,2005,residence,3597,16,28,39,1,4.44815123714206,7.78426466499861,10.8423686405338,27.8009452321379
35031,2010,occurrence,3871,41,49,53,2,10.5915784035133,12.6582278481013,13.6915525703952,51.6662361146991
35031,2010,residence,3681,32,41,47,1,8.693289866884,11.1382776419451,12.7682694919859,27.1665308340125
35031,2015,occurrence,4133,44,52,56,2,10.6460198403097,12.5816598112751,13.5494797967578,48.390999274135
35031,2015,residence,4068,39,48,51,2,9.58702064896755,11.7994100294985,12.5368731563422,49.1642084562439
35032,2000,occurrence,1760,12,21,24,0,6.81818181818182,11.9318181818182,13.6363636363636,0
35032,2000,residence,1772,18,31,39,0,10.1580135440181,17.4943566591422,22.0090293453725,0
35032,2005,occurrence,1630,14,20,25,2,8.58895705521472,12.2699386503067,15.3374233128834,122.699386503067
35032,2005,residence,1674,23,31,39,1,13.7395459976105,18.5185185185185,23.2974910394265,59.7371565113501
35032,2010,occurrence,1523,5,14,14,0,3.28299409061064,9.19238345370978,9.19238345370978,0
35032,2010,residence,1632,14,26,26,0,8.57843137254902,15.9313725490196,15.9313725490196,0
35032,2015,occurrence,1437,4,6,6,1,2.78357689631176,4.17536534446764,4.17536534446764,69.589422407794
35032,2015,residence,1720,15,19,25,1,8.72093023255814,11.046511627907,14.5348837209302,58.1395348837209
35033,2000,occurrence,2081,18,23,27,1,8.64968765016819,11.0523786641038,12.9745314752523,48.0538202787122
35033,2000,residence,2212,27,37,45,1,12.2061482820976,16.7269439421338,20.3435804701628,45.2079566003617
35033,2005,occurrence,2009,9,12,13,0,4.47984071677451,5.97312095569935,6.47088103534097,0
35033,2005,residence,2122,24,29,33,0,11.3100848256362,13.6663524976437,15.5513666352498,0
35033,2010,occurrence,1707,18,22,23,1,10.5448154657293,12.888107791447,13.4739308728764,58.5823081429408
35033,2010,residence,1828,20,26,28,2,10.9409190371991,14.2231947483589,15.3172866520788,109.409190371991
35033,2015,occurrence,2023,30,34,37,2,14.8294611962432,16.8067226890756,18.2896688087,98.8630746416214
35033,2015,residence,1990,27,34,36,2,13.5678391959799,17.0854271356784,18.0904522613065,100.502512562814
35034,2000,occurrence,4786,32,47,57,1,6.68616798997075,9.82030923526954,11.9097367321354,20.8942749686586
35034,2000,residence,4889,31,52,64,1,6.34076498261403,10.6361219063203,13.0906115770096,20.4540805890775
35034,2005,occurrence,4649,36,51,58,1,7.74360077436008,10.9701010970101,12.4758012475801,21.5100021510002
35034,2005,residence,4702,32,50,57,1,6.80561463207146,10.6337728626117,12.1225010633773,21.2675457252233
35034,2010,occurrence,4541,28,43,52,3,6.16604272186743,9.46927989429641,11.4512221977538,66.0647434485796
35034,2010,residence,4635,25,38,47,3,5.39374325782093,8.19848975188781,10.1402373247033,64.7249190938511
35034,2015,occurrence,5159,25,37,44,4,4.84590036828843,7.17193254506687,8.52878464818763,77.5344058926148
35034,2015,residence,5021,33,49,57,4,6.57239593706433,9.75901214897431,11.3523202549293,79.6654052977495
35041,2000,occurrence,27829,437,629,694,14,15.7030435876244,22.6023213194869,24.9380143016278,50.307233461497
35041,2000,residence,27803,435,624,691,14,15.6457936193936,22.4436211919577,24.8534330827609,50.3542783152897
35041,2005,occurrence,25469,323,470,525,10,12.6820841022419,18.4538065884016,20.6132945934273,39.2634182731949
35041,2005,residence,25555,332,485,539,11,12.9915867736255,18.9786734494228,21.0917628644101,43.0444140090002
35041,2010,occurrence,24411,250,371,421,24,10.2412846667486,15.1980664454549,17.2463233788046,98.3163328007865
35041,2010,residence,24360,250,369,424,24,10.2627257799672,15.1477832512315,17.4055829228243,98.5221674876847
35041,2015,occurrence,25159,261,367,398,24,10.3740212250089,14.5872252474264,15.8193886879447,95.3932986207719
35041,2015,residence,25287,263,376,410,22,10.4006010993791,14.8693004310515,16.2138648317317,87.0012259263653
35051,2000,occurrence,3547,48,67,81,2,13.5325627290668,18.8892021426558,22.8361996053003,56.3856780377784
35051,2000,residence,3742,56,80,93,2,14.9652592196686,21.3789417423838,24.8530197755211,53.4473543559594
35051,2005,occurrence,3569,22,33,46,2,6.16419165032222,9.24628747548333,12.8887643597646,56.0381059120202
35051,2005,residence,3667,25,39,51,0,6.81756203981456,10.6353967821107,13.9078265612217,0
35051,2010,occurrence,3284,19,33,43,0,5.78562728380024,10.0487210718636,13.0937880633374,0
35051,2010,residence,3365,19,30,36,0,5.64635958395245,8.91530460624071,10.6983655274889,0
35051,2015,occurrence,3639,19,33,44,2,5.22121461940093,9.0684253915911,12.0912338554548,54.9601538884309
35051,2015,residence,3687,18,33,38,2,4.8820179007323,8.95036615134256,10.3064822348793,54.24464334147
35052,2000,occurrence,2077,9,11,16,1,4.33317284545017,5.29610014443909,7.70341839191141,48.1463649494463
35052,2000,residence,2053,15,20,27,1,7.30638090599123,9.74184120798831,13.1514856307842,48.7092060399416
35052,2005,occurrence,1761,2,4,7,2,1.13571834185122,2.27143668370244,3.97501419647927,113.571834185122
35052,2005,residence,1932,12,16,22,3,6.2111801242236,8.2815734989648,11.3871635610766,155.27950310559
35052,2010,occurrence,1506,4,5,5,1,2.65604249667995,3.32005312084993,3.32005312084993,66.4010624169987
35052,2010,residence,1637,8,12,14,1,4.88698839340257,7.33048259010385,8.55222968845449,61.0873549175321
35052,2015,occurrence,1558,4,7,8,0,2.56739409499358,4.49293966623877,5.13478818998716,0
35052,2015,residence,1753,16,22,24,0,9.12721049629207,12.5499144324016,13.6908157444381,0
35061,2000,occurrence,4309,36,60,65,2,8.35460663727083,13.9243443954514,15.0847064284057,46.4144813181713
35061,2000,residence,4426,45,86,94,2,10.1671938544962,19.4306371441482,21.2381382738364,45.1875282422052
35061,2005,occurrence,4099,24,37,40,1,5.85508660648939,9.02659185167114,9.75847767748231,24.3961941937058
35061,2005,residence,4233,41,58,65,1,9.68580203165604,13.7018662886841,15.355539806284,23.623907394283
35061,2010,occurrence,3609,17,31,32,1,4.71044610695484,8.5896370185647,8.86672208367969,27.708506511499
35061,2010,residence,3846,32,54,57,1,8.32033281331253,14.0405616224649,14.8205928237129,26.0010400416017
35061,2015,occurrence,3816,10,13,16,1,2.62054507337526,3.40670859538784,4.19287211740042,26.2054507337526
35061,2015,residence,4051,29,47,54,1,7.15872624043446,11.6020735620834,13.3300419649469,24.6852628980499
35062,2000,occurrence,9046,105,154,169,3,11.6073402608888,17.0240990493036,18.6822905151448,33.1638293168251
35062,2000,residence,9127,110,155,173,3,12.0521529527775,16.9825791607319,18.9547496439137,32.8695080530295
35062,2005,occurrence,7901,76,101,117,1,9.61903556511834,12.7831920010125,14.8082521199848,12.6566257435768
35062,2005,residence,7900,83,109,123,1,10.506329113924,13.7974683544304,15.5696202531646,12.6582278481013
35062,2010,occurrence,7558,57,79,96,2,7.54167769251125,10.4525006615507,12.7017729558084,26.4620269912675
35062,2010,residence,7539,68,88,104,2,9.01976389441571,11.6726356280674,13.7949330149887,26.5287173365168
35062,2015,occurrence,8376,63,95,114,7,7.52148997134671,11.341929321872,13.6103151862464,83.5721107927412
35062,2015,residence,8358,66,93,110,6,7.89662598707825,11.127063890883,13.1610433117971,71.7875089734386
35063,2000,occurrence,4437,61,111,133,1,13.7480279468109,25.0169033130494,29.9752084741943,22.5377507324769
35063,2000,residence,4216,41,65,79,1,9.72485768500949,15.4174573055028,18.7381404174573,23.719165085389
35063,2005,occurrence,4206,49,70,82,2,11.6500237755587,16.642891107941,19.4959581550166,47.5511174512601
35063,2005,residence,3923,29,43,51,1,7.39230180983941,10.9609992352791,13.000254906959,25.490695895998
35063,2010,occurrence,4018,53,80,92,4,13.1906421105027,19.9104031856645,22.8969636635142,99.5520159283226
35063,2010,residence,3755,27,43,54,2,7.19041278295606,11.4513981358189,14.3808255659121,53.2623169107856
35063,2015,occurrence,4297,60,90,97,1,13.9632301605771,20.9448452408657,22.5738887595997,23.2720502676286
35063,2015,residence,4016,35,51,55,1,8.71513944223108,12.699203187251,13.695219123506,24.9003984063745
35064,2000,occurrence,4531,76,90,110,2,16.7733392187155,19.8631648642684,24.2772015007725,44.1403663650408
35064,2000,residence,4532,69,86,95,2,15.22506619594,18.9761694616064,20.9620476610768,44.1306266548985
35064,2005,occurrence,4293,39,54,66,2,9.08455625436758,12.5786163522013,15.3738644304682,46.5874679711158
35064,2005,residence,4345,44,60,63,2,10.126582278481,13.8089758342923,14.4994246260069,46.029919447641
35064,2010,occurrence,4116,41,48,62,0,9.96112730806608,11.6618075801749,15.0631681243926,0
35064,2010,residence,4162,41,52,65,1,9.85103315713599,12.4939932724652,15.6174915905815,24.0269101393561
35064,2015,occurrence,4063,33,43,55,2,8.12207728279596,10.5833128230372,13.5367954713266,49.224710804824
35064,2015,residence,4134,40,54,62,2,9.67585873246251,13.0624092888244,14.9975810353169,48.3792936623125
35065,2000,occurrence,2541,46,61,63,1,18.1031090121999,24.0062967335695,24.7933884297521,39.3545848091303
35065,2000,residence,2323,43,59,61,1,18.5105467068446,25.3981919931124,26.2591476538958,43.0477830391735
35065,2005,occurrence,2159,22,28,30,0,10.1899027327466,12.9689671144048,13.8953219082909,0
35065,2005,residence,2103,20,27,30,0,9.51022349025202,12.8388017118402,14.265335235378,0
35065,2010,occurrence,2110,12,18,20,0,5.68720379146919,8.53080568720379,9.47867298578199,0
35065,2010,residence,2084,20,27,29,0,9.59692898272553,12.9558541266795,13.915547024952,0
35065,2015,occurrence,2125,15,17,17,0,7.05882352941176,8,8,0
35065,2015,residence,2023,14,15,15,1,6.9204152249135,7.4147305981216,7.4147305981216,49.4315373208107
35071,2000,occurrence,6711,98,139,164,3,14.6028907763374,20.7122634480703,24.4374906869319,44.7027268663389
35071,2000,residence,6420,89,132,159,3,13.8629283489097,20.5607476635514,24.7663551401869,46.7289719626168
35071,2005,occurrence,5943,67,91,108,2,11.273767457513,15.3121319199058,18.1726400807673,33.6530371866061
35071,2005,residence,5875,68,91,107,3,11.5744680851064,15.4893617021277,18.2127659574468,51.0638297872341
35071,2010,occurrence,5954,67,85,98,1,11.2529392005375,14.2761168962042,16.4595230097414,16.7954316425932
35071,2010,residence,5776,68,92,103,2,11.7728531855956,15.9279778393352,17.8324099722992,34.6260387811634
35071,2015,occurrence,6470,61,83,87,4,9.42812982998454,12.8284389489954,13.4466769706337,61.8238021638331
35071,2015,residence,6188,60,81,86,3,9.6961861667744,13.0898513251454,13.8978668390433,48.480930833872
35072,2000,occurrence,39462,372,560,670,7,9.42679032993766,14.190867163347,16.9783589275759,17.7385839541838
35072,2000,residence,39424,362,545,637,7,9.18222402597403,13.8240665584416,16.1576704545455,17.7556818181818
35072,2005,occurrence,36910,284,413,493,13,7.69439176374966,11.1893795719317,13.3568138715795,35.2208073692766
35072,2005,residence,36560,270,393,457,12,7.38512035010941,10.7494529540481,12.5,32.8227571115974
35072,2010,occurrence,38906,298,457,529,13,7.65948696859096,11.7462602169331,13.5968745180692,33.413869326068
35072,2010,residence,38670,272,404,461,11,7.03387638996638,10.4473752262736,11.9213860874063,28.4458236358935
35072,2015,occurrence,42357,265,378,448,16,6.2563448780603,8.92414476945959,10.5767641712114,37.7741577543263
35072,2015,residence,42466,257,367,426,19,6.05190034380446,8.64220788395422,10.0315546554891,44.741675693496
35073,2000,occurrence,11859,135,190,212,4,11.3837591702504,16.0215869803525,17.8767181043933,33.7296568007421
35073,2000,residence,10523,116,166,184,2,11.023472393804,15.7749691152713,17.4855079349995,19.0059868858691
35073,2005,occurrence,10733,86,120,150,3,8.01267120096897,11.1804714432125,13.9755893040157,27.9511786080313
35073,2005,residence,9936,81,113,139,3,8.15217391304348,11.3727858293076,13.9895330112721,30.1932367149758
35073,2010,occurrence,11309,98,156,178,6,8.66566451498806,13.7943231054912,15.7396763639579,53.0550888672739
35073,2010,residence,10478,82,123,140,6,7.82592097728574,11.7388814659286,13.3613284978049,57.262836419164
35073,2015,occurrence,12633,86,131,147,9,6.80756748199161,10.3696667458244,11.6361909285205,71.2419852766564
35073,2015,residence,11850,77,113,126,7,6.49789029535865,9.53586497890295,10.6329113924051,59.0717299578059
35074,2000,occurrence,1738,14,20,24,3,8.05523590333717,11.5074798619102,13.8089758342923,172.612197928654
35074,2000,residence,1697,18,26,32,3,10.6069534472599,15.3211549793754,18.856806128462,176.782557454331
35074,2005,occurrence,1621,8,10,12,1,4.93522516964837,6.16903146206046,7.40283775447255,61.6903146206046
35074,2005,residence,1574,10,12,16,1,6.35324015247776,7.62388818297332,10.1651842439644,63.5324015247776
35074,2010,occurrence,1483,6,9,10,0,4.04585300067431,6.06877950101146,6.74308833445718,0
35074,2010,residence,1450,9,15,19,0,6.20689655172414,10.3448275862069,13.1034482758621,0
35074,2015,occurrence,1951,4,4,5,1,2.05023065094823,2.05023065094823,2.56278831368529,51.2557662737058
35074,2015,residence,1625,8,8,10,1,4.92307692307692,4.92307692307692,6.15384615384615,61.5384615384615
35081,2000,occurrence,6605,103,139,157,4,15.5942467827403,21.0446631339894,23.7698713096139,60.560181680545
35081,2000,residence,6491,81,118,138,4,12.4788168232938,18.1790171006008,21.2602064396857,61.6237867816977
35081,2005,occurrence,6082,58,81,101,1,9.53633673133838,13.3179875041105,16.6063794804341,16.4419598816179
35081,2005,residence,6014,49,72,91,1,8.14765547056867,11.9720651812438,15.1313601596275,16.627868307283
35081,2010,occurrence,5565,52,63,76,2,9.34411500449236,11.3207547169811,13.6567834681042,35.9389038634322
35081,2010,residence,5469,46,57,71,2,8.41104406655696,10.4223806911684,12.9822636679466,36.5697568111172
35081,2015,occurrence,6040,47,68,75,1,7.78145695364238,11.2582781456954,12.4172185430464,16.5562913907285
35081,2015,residence,5887,40,58,65,1,6.79463224052998,9.85221674876847,11.0412773908612,16.986580601325
35082,2000,occurrence,2017,22,29,31,0,10.9072880515617,14.3777887952405,15.3693604362915,0
35082,2000,residence,2086,34,47,50,0,16.2991371045062,22.5311601150527,23.9693192713327,0
35082,2005,occurrence,2124,12,18,23,0,5.64971751412429,8.47457627118644,10.8286252354049,0
35082,2005,residence,2184,17,28,36,0,7.78388278388278,12.8205128205128,16.4835164835165,0
35082,2010,occurrence,1977,9,13,15,1,4.55235204855842,6.5756196256955,7.58725341426404,50.5816894284269
35082,2010,residence,2064,21,29,31,1,10.1744186046512,14.0503875968992,15.0193798449612,48.4496124031008
35082,2015,occurrence,1874,3,3,7,0,1.6008537886873,1.6008537886873,3.73532550693703,0
35082,2015,residence,1963,12,15,19,3,6.11309220580744,7.6413652572593,9.67906265919511,152.827305145186
35083,2000,occurrence,1665,10,15,18,1,6.00600600600601,9.00900900900901,10.8108108108108,60.0600600600601
35083,2000,residence,1723,29,36,42,1,16.8311085316309,20.8937899013349,24.376088218224,58.0383052814858
35083,2005,occurrence,1689,13,16,16,1,7.69686204854944,9.47306098283008,9.47306098283008,59.206631142688
35083,2005,residence,1803,25,32,32,1,13.8657792567942,17.7481974486966,17.7481974486966,55.4631170271769
35083,2010,occurrence,1422,3,4,6,0,2.10970464135021,2.81293952180028,4.21940928270042,0
35083,2010,residence,1542,9,13,15,1,5.83657587548638,8.43060959792477,9.72762645914397,64.8508430609598
35083,2015,occurrence,1373,7,11,13,0,5.09832483612527,8.01165331391114,9.46831755280408,0
35083,2015,residence,1496,20,25,29,0,13.3689839572193,16.7112299465241,19.3850267379679,0
35091,2000,occurrence,1676,20,26,27,1,11.9331742243437,15.5131264916468,16.109785202864,59.6658711217184
35091,2000,residence,1650,21,28,29,1,12.7272727272727,16.969696969697,17.5757575757576,60.6060606060606
35091,2005,occurrence,1400,10,12,15,1,7.14285714285714,8.57142857142857,10.7142857142857,71.4285714285714
35091,2005,residence,1473,18,24,29,2,12.2199592668024,16.2932790224033,19.6877121520706,135.777325186694
35091,2010,occurrence,1237,3,4,4,0,2.42522231204527,3.23362974939369,3.23362974939369,0
35091,2010,residence,1363,11,11,12,0,8.07043286867205,8.07043286867205,8.80410858400587,0
35091,2015,occurrence,1050,4,4,4,0,3.80952380952381,3.80952380952381,3.80952380952381,0
35091,2015,residence,1221,13,16,17,0,10.6470106470106,13.1040131040131,13.9230139230139,0
35092,2000,occurrence,3540,36,47,51,0,10.1694915254237,13.2768361581921,14.406779661017,0
35092,2000,residence,3451,34,47,52,1,9.85221674876847,13.6192407997682,15.0680962039988,28.9771080846132
35092,2005,occurrence,3235,43,49,54,0,13.2921174652241,15.1468315301391,16.6924265842349,0
35092,2005,residence,3063,36,48,57,0,11.7531831537708,15.6709108716944,18.6092066601371,0
35092,2010,occurrence,3302,27,41,41,2,8.17686250757117,12.4167171411266,12.4167171411266,60.5693519079346
35092,2010,residence,3042,19,31,32,1,6.24589086127548,10.1906640368179,10.5193951347798,32.8731097961867
35092,2015,occurrence,3240,24,34,36,0,7.40740740740741,10.4938271604938,11.1111111111111,0
35092,2015,residence,3076,18,26,28,0,5.851755526658,8.45253576072822,9.10273081924577,0
35093,2000,occurrence,5465,82,115,129,2,15.0045745654163,21.0430009149131,23.6047575480329,36.5965233302836
35093,2000,residence,5615,79,112,125,2,14.0694568121104,19.946571682992,22.2617987533393,35.6188780053428
35093,2005,occurrence,4986,46,80,93,4,9.22583233052547,16.0449257922182,18.6522262334537,80.2246289610911
35093,2005,residence,4927,33,58,67,3,6.69778770042622,11.7718692916582,13.5985386645017,60.8889790947838
35093,2010,occurrence,4691,37,62,75,1,7.88744404178214,13.2167981240674,15.9880622468557,21.3174163291409
35093,2010,residence,4616,33,56,64,1,7.14904679376083,12.1317157712305,13.8648180242634,21.6637781629116
35093,2015,occurrence,4960,43,60,66,1,8.66935483870968,12.0967741935484,13.3064516129032,20.1612903225806
35093,2015,residence,4872,38,57,63,1,7.79967159277504,11.6995073891626,12.9310344827586,20.5254515599343
35094,2000,occurrence,3537,34,60,66,4,9.61266610121572,16.9635284139101,18.6598812553011,113.090189426067
35094,2000,residence,3608,39,60,68,3,10.8093126385809,16.629711751663,18.8470066518847,83.1485587583149
35094,2005,occurrence,3214,17,30,36,4,5.28935905413815,9.33416303671437,11.2009956440573,124.455507156192
35094,2005,residence,3346,22,33,40,5,6.57501494321578,9.86252241482367,11.9545726240287,149.432157800359
35094,2010,occurrence,3002,22,31,34,0,7.32844770153231,10.3264490339774,11.325782811459,0
35094,2010,residence,3123,22,35,39,1,7.04450848543068,11.2071725904579,12.4879923150817,32.020493115594
35094,2015,occurrence,3039,17,21,24,1,5.59394537676867,6.9101678183613,7.89733464955578,32.9055610398157
35094,2015,residence,3015,19,27,33,1,6.30182421227197,8.95522388059701,10.9452736318408,33.167495854063
35095,2000,occurrence,1856,24,30,33,1,12.9310344827586,16.1637931034483,17.7801724137931,53.8793103448276
35095,2000,residence,1865,28,36,39,1,15.0134048257373,19.3029490616622,20.9115281501341,53.6193029490617
35095,2005,occurrence,1580,14,20,21,1,8.86075949367089,12.6582278481013,13.2911392405063,63.2911392405063
35095,2005,residence,1662,17,27,29,1,10.2286401925391,16.2454873646209,17.4488567990373,60.1684717208183
35095,2010,occurrence,1278,9,11,14,0,7.04225352112676,8.60719874804382,10.9546165884194,0
35095,2010,residence,1397,12,16,23,0,8.58983536148891,11.4531138153185,16.4638511095204,0
35095,2015,occurrence,1420,10,11,11,3,7.04225352112676,7.74647887323944,7.74647887323944,211.267605633803
35095,2015,residence,1592,16,20,22,3,10.0502512562814,12.5628140703518,13.8190954773869,188.442211055276
35101,2000,occurrence,4545,45,63,73,2,9.9009900990099,13.8613861386139,16.0616061606161,44.004400440044
35101,2000,residence,4503,47,67,79,2,10.4374861203642,14.8789695758383,17.5438596491228,44.4148345547413
35101,2005,occurrence,4208,34,50,57,2,8.07984790874525,11.8821292775665,13.5456273764259,47.5285171102662
35101,2005,residence,4229,36,57,64,2,8.51265074485694,13.4783636793568,15.1336013241901,47.2925041380941
35101,2010,occurrence,3975,22,28,34,4,5.53459119496855,7.04402515723271,8.55345911949686,100.62893081761
35101,2010,residence,4068,28,45,50,4,6.88298918387414,11.0619469026549,12.291052114061,98.3284169124877
35101,2015,occurrence,4068,21,31,38,3,5.16224188790561,7.6204523107178,9.34119960668633,73.7463126843658
35101,2015,residence,4192,28,39,47,3,6.6793893129771,9.30343511450382,11.2118320610687,71.5648854961832
35102,2000,occurrence,4781,39,60,74,4,8.15728927002719,12.5496758000418,15.4779334867183,83.6645053336122
35102,2000,residence,4761,39,61,77,4,8.19155639571519,12.8124343625289,16.1730728838479,84.0159630329763
35102,2005,occurrence,4522,23,39,56,1,5.08624502432552,8.62450243255197,12.3839009287926,22.1141088014153
35102,2005,residence,4585,28,44,61,1,6.10687022900763,9.59651035986914,13.3042529989095,21.8102508178844
35102,2010,occurrence,4296,36,47,55,1,8.37988826815642,10.9404096834264,12.8026070763501,23.2774674115456
35102,2010,residence,4302,40,55,65,1,9.29800092980009,12.7847512784751,15.1092515109252,23.2450023245002
35102,2015,occurrence,4441,34,48,56,0,7.65593334834497,10.8083764917811,12.6097725737447,0
35102,2015,residence,4431,31,43,48,0,6.99616339426766,9.70435567591966,10.832769126608,0
35103,2000,occurrence,7906,86,122,134,1,10.8778143182393,15.4313179863395,16.9491525423729,12.6486213002783
35103,2000,residence,7825,87,126,141,1,11.1182108626198,16.1022364217252,18.0191693290735,12.779552715655
35103,2005,occurrence,7323,64,91,104,4,8.73958760071009,12.4266011197597,14.2018298511539,54.6224225044381
35103,2005,residence,7395,61,89,107,4,8.24881676808655,12.0351588911427,14.4692359702502,54.0906017579446
35103,2010,occurrence,6957,48,81,100,4,6.89952565761104,11.6429495472186,14.3740117866897,57.4960471467587
35103,2010,residence,6987,47,81,99,4,6.7267783025619,11.5929583512237,14.1691713181623,57.24917704308
35103,2015,occurrence,7808,81,101,111,3,10.3739754098361,12.9354508196721,14.2161885245902,38.422131147541
35103,2015,residence,7823,75,94,104,2,9.58711491755081,12.0158506966637,13.2941326856705,25.5656397801355
35104,2000,occurrence,3122,26,33,41,1,8.32799487508008,10.5701473414478,13.1326073030109,32.0307495195388
35104,2000,residence,3135,30,38,51,1,9.56937799043062,12.1212121212121,16.2679425837321,31.8979266347687
35104,2005,occurrence,2956,19,27,34,0,6.4276048714479,9.1339648173207,11.5020297699594,0
35104,2005,residence,3000,19,27,36,0,6.33333333333333,9,12,0
35104,2010,occurrence,2995,38,48,53,3,12.6878130217028,16.0267111853088,17.6961602671119,100.16694490818
35104,2010,residence,2982,37,45,51,3,12.4077800134138,15.0905432595573,17.102615694165,100.603621730382
35104,2015,occurrence,3242,17,24,28,2,5.24367674275139,7.40283775447255,8.63664404688464,61.6903146206046
35104,2015,residence,3293,17,24,29,2,5.16246583662314,7.28818706346796,8.80655936835712,60.7348921955664
35111,2000,occurrence,1526,20,22,27,0,13.1061598951507,14.4167758846658,17.6933158584535,0
35111,2000,residence,1569,23,28,33,0,14.6590184831103,17.8457616316125,21.0325047801147,0
35111,2005,occurrence,1453,9,19,20,1,6.19408121128699,13.0763936682725,13.7646249139711,68.8231245698555
35111,2005,residence,1495,12,25,27,1,8.02675585284281,16.7224080267559,18.0602006688963,66.8896321070234
35111,2010,occurrence,1234,6,11,14,0,4.86223662884927,8.91410048622366,11.3452188006483,0
35111,2010,residence,1400,13,21,24,0,9.28571428571429,15,17.1428571428571,0
35111,2015,occurrence,1453,2,4,6,0,1.37646249139711,2.75292498279422,4.12938747419133,0
35111,2015,residence,1584,11,14,18,0,6.94444444444445,8.83838383838384,11.3636363636364,0
35112,2000,occurrence,5961,103,141,159,1,17.2789800369066,23.6537493709109,26.6733769501762,16.7757087736957
35112,2000,residence,5657,67,95,110,1,11.8437334276118,16.7933533675093,19.4449354781686,17.6772140710624
35112,2005,occurrence,5637,77,105,114,4,13.6597480929572,18.626929217669,20.223523150612,70.9597303530247
35112,2005,residence,5041,50,71,75,3,9.91866693116445,14.0845070422535,14.8780003967467,59.5120015869867
35112,2010,occurrence,5622,69,91,97,1,12.273212379936,16.1864105300605,17.2536463891853,17.7872643187478
35112,2010,residence,4800,34,46,52,1,7.08333333333333,9.58333333333333,10.8333333333333,20.8333333333333
35112,2015,occurrence,6311,67,83,94,5,10.6163840912692,13.1516399936619,14.8946284265568,79.2267469497703
35112,2015,residence,5176,31,42,47,5,5.98918083462133,8.11437403400309,9.08037094281298,96.5996908809892
35113,2000,occurrence,792,10,14,16,0,12.6262626262626,17.6767676767677,20.2020202020202,0
35113,2000,residence,880,13,18,20,0,14.7727272727273,20.4545454545455,22.7272727272727,0
35113,2005,occurrence,652,5,6,7,0,7.66871165644172,9.20245398773006,10.7361963190184,0
35113,2005,residence,787,12,17,19,1,15.2477763659466,21.6010165184244,24.1423125794155,127.064803049555
35113,2010,occurrence,558,5,5,6,0,8.96057347670251,8.96057347670251,10.752688172043,0
35113,2010,residence,771,11,13,15,0,14.2671854734112,16.8612191958495,19.4552529182879,0
35113,2015,occurrence,556,3,3,3,0,5.39568345323741,5.39568345323741,5.39568345323741,0
35113,2015,residence,788,8,11,12,0,10.1522842639594,13.9593908629442,15.2284263959391,0
35114,2000,occurrence,1424,7,12,15,0,4.91573033707865,8.42696629213483,10.5337078651685,0
35114,2000,residence,1430,21,26,32,0,14.6853146853147,18.1818181818182,22.3776223776224,0
35114,2005,occurrence,1203,9,9,10,0,7.48129675810474,7.48129675810474,8.31255195344971,0
35114,2005,residence,1278,15,17,22,0,11.7370892018779,13.302034428795,17.2143974960876,0
35114,2010,occurrence,1094,5,6,6,0,4.57038391224863,5.48446069469835,5.48446069469835,0
35114,2010,residence,1103,14,17,19,0,12.6926563916591,15.4125113327289,17.2257479601088,0
35114,2015,occurrence,993,4,4,4,0,4.0281973816717,4.0281973816717,4.0281973816717,0
35114,2015,residence,1094,14,15,16,0,12.7970749542962,13.7111517367459,14.6252285191956,0
35115,2000,occurrence,1046,11,15,19,1,10.5162523900574,14.34034416826,18.1644359464627,95.6022944550669
35115,2000,residence,1264,17,28,33,1,13.4493670886076,22.1518987341772,26.1075949367089,79.1139240506329
35115,2005,occurrence,754,7,7,9,0,9.28381962864722,9.28381962864722,11.9363395225464,0
35115,2005,residence,1006,14,15,17,0,13.9165009940358,14.9105367793241,16.8986083499006,0
35115,2010,occurrence,605,3,7,7,0,4.95867768595041,11.5702479338843,11.5702479338843,0
35115,2010,residence,859,8,15,15,0,9.31315483119907,17.4621653084983,17.4621653084983,0
35115,2015,occurrence,541,3,4,5,1,5.5452865064695,7.39371534195934,9.24214417744917,184.842883548983
35115,2015,residence,954,9,11,14,1,9.43396226415094,11.5303983228512,14.6750524109015,104.82180293501
35121,2000,occurrence,5590,77,102,121,4,13.7745974955277,18.2468694096601,21.6457960644007,71.5563506261181
35121,2000,residence,5669,82,117,138,5,14.4646322102664,20.6385605926971,24.3429176221556,88.1989768918681
35121,2005,occurrence,4818,37,56,74,2,7.67953507679535,11.6230801162308,15.3590701535907,41.51100041511
35121,2005,residence,4993,37,61,79,2,7.41037452433407,12.2171039455237,15.822151011416,40.0560785099139
35121,2010,occurrence,3718,30,45,55,1,8.06885422270038,12.1032813340506,14.792899408284,26.8961807423346
35121,2010,residence,4010,31,53,69,1,7.73067331670823,13.216957605985,17.2069825436409,24.9376558603491
35121,2015,occurrence,3931,28,42,48,2,7.12286949885525,10.6843042482829,12.210633426609,50.8776392775375
35121,2015,residence,4202,32,45,51,4,7.61542122798667,10.7091861018563,12.1370775821038,95.1927653498334
35131,2000,occurrence,5715,37,55,68,0,6.47419072615923,9.62379702537183,11.8985126859143,0
35131,2000,residence,6050,59,90,114,0,9.75206611570248,14.8760330578512,18.8429752066116,0
35131,2005,occurrence,5349,24,29,33,1,4.48681996634885,5.42157412600486,6.16937745372967,18.6950831931202
35131,2005,residence,5680,37,52,63,2,6.51408450704225,9.15492957746479,11.0915492957746,35.2112676056338
35131,2010,occurrence,5042,37,42,47,0,7.33835779452598,8.33002776675922,9.32169773899246,0
35131,2010,residence,5574,59,68,78,1,10.5848582705418,12.1994976677431,13.9935414424112,17.940437746681
35131,2015,occurrence,4769,31,45,49,5,6.50031453134829,9.43594044873139,10.2746907108408,104.843782763682
35131,2015,residence,5553,42,53,61,5,7.5634792004322,9.54439041959301,10.9850531244372,90.0414190527643
35132,2000,occurrence,12004,166,262,326,5,13.8287237587471,21.8260579806731,27.1576141286238,41.6527824058647
35132,2000,residence,10861,92,143,179,3,8.47067489181475,13.1663751035816,16.48098701777,27.6217659515698
35132,2005,occurrence,11749,166,237,275,6,14.1288620308111,20.1719295259171,23.4062473401992,51.06817601498
35132,2005,residence,10581,91,124,142,5,8.60032133068708,11.7191191758813,13.4202816368963,47.254512805973
35132,2010,occurrence,12305,144,208,236,4,11.7025599349858,16.9036976838683,19.1791954490045,32.5071109305161
35132,2010,residence,10790,66,97,113,2,6.11677479147359,8.98980537534754,10.4726598702502,18.5356811862836
35132,2015,occurrence,13304,153,213,244,11,11.5003006614552,16.0102224894769,18.340348767288,82.6819001803969
35132,2015,residence,11651,81,104,120,4,6.9521929448116,8.92627242296799,10.2995451034246,34.3318170114153
35133,2000,occurrence,1539,12,14,16,0,7.79727095516569,9.09681611435997,10.3963612735543,0
35133,2000,residence,1925,22,32,34,0,11.4285714285714,16.6233766233766,17.6623376623377,0
35133,2005,occurrence,1281,4,7,10,0,3.12256049960968,5.46448087431694,7.8064012490242,0
35133,2005,residence,1665,22,28,32,0,13.2132132132132,16.8168168168168,19.2192192192192,0
35133,2010,occurrence,1160,2,4,7,0,1.72413793103448,3.44827586206897,6.03448275862069,0
35133,2010,residence,1607,14,21,24,0,8.71188550093342,13.0678282514001,14.934660858743,0
35133,2015,occurrence,1299,1,4,6,1,0.769822940723634,3.07929176289453,4.6189376443418,76.9822940723634
35133,2015,residence,1735,10,20,24,3,5.76368876080692,11.5273775216138,13.8328530259366,172.910662824208
35141,2000,occurrence,4257,41,52,64,1,9.63119567770731,12.2151750058727,15.0340615456895,23.4907211651398
35141,2000,residence,4266,36,48,60,1,8.43881856540084,11.2517580872011,14.0646976090014,23.441162681669
35141,2005,occurrence,3674,38,51,53,0,10.3429504627109,13.8813282525857,14.4256940664126,0
35141,2005,residence,3760,38,54,59,0,10.1063829787234,14.3617021276596,15.6914893617021,0
35141,2010,occurrence,3851,27,41,44,0,7.01116593092703,10.6465853025188,11.4256037392885,0
35141,2010,residence,3880,29,41,45,1,7.47422680412371,10.5670103092784,11.5979381443299,25.7731958762887
35141,2015,occurrence,4224,21,29,33,2,4.97159090909091,6.8655303030303,7.8125,47.3484848484849
35141,2015,residence,4192,22,34,41,2,5.24809160305344,8.11068702290076,9.78053435114504,47.7099236641221
35142,2000,occurrence,3890,63,87,96,1,16.1953727506427,22.3650385604113,24.6786632390746,25.706940874036
35142,2000,residence,3956,66,91,102,1,16.6835187057634,23.0030333670374,25.783619817998,25.2780586450961
35142,2005,occurrence,3463,28,36,38,0,8.08547502165752,10.3956107421311,10.9731446722495,0
35142,2005,residence,3574,35,46,50,0,9.7929490766648,12.870733072188,13.9899272523783,0
35142,2010,occurrence,3177,15,25,27,1,4.72143531633617,7.86905886056028,8.4985835694051,31.4762354422411
35142,2010,residence,3289,28,44,50,1,8.51322590453025,13.3779264214047,15.2021891152326,30.4043782304652
35142,2015,occurrence,3186,16,20,24,0,5.02197112366604,6.27746390458255,7.53295668549906,0
35142,2015,residence,3292,32,40,45,0,9.72053462940462,12.1506682867558,13.6695018226002,0
35143,2000,occurrence,3407,48,65,75,0,14.088641033167,19.078368065747,22.0135016143235,0
35143,2000,residence,3406,53,73,84,0,15.5607751027598,21.4327657075749,24.6623605402231,0
35143,2005,occurrence,2780,29,41,43,0,10.431654676259,14.7482014388489,15.4676258992806,0
35143,2005,residence,2775,42,55,58,1,15.1351351351351,19.8198198198198,20.9009009009009,36.036036036036
35143,2010,occurrence,2456,11,17,22,0,4.47882736156352,6.92182410423453,8.95765472312704,0
35143,2010,residence,2513,19,30,35,1,7.56068444090728,11.9379228014326,13.9275766016713,39.7930760047752
35143,2015,occurrence,2421,9,12,15,1,3.71747211895911,4.95662949194548,6.19578686493185,41.3052457662123
35143,2015,residence,2528,14,19,22,2,5.5379746835443,7.51582278481013,8.70253164556962,79.1139240506329
35151,2000,occurrence,3771,34,45,51,2,9.01617608061522,11.9331742243437,13.5242641209228,53.0363298859719
35151,2000,residence,3759,28,39,46,2,7.4487895716946,10.3750997605746,12.2372971534983,53.2056397978186
35151,2005,occurrence,3633,38,47,54,3,10.4596751995596,12.9369666941921,14.8637489677952,82.5763831544179
35151,2005,residence,3594,30,40,46,4,8.34724540901503,11.1296605453534,12.7991096271564,111.296605453534
35151,2010,occurrence,3466,29,38,41,0,8.36699365262551,10.9636468551645,11.8291979226774,0
35151,2010,residence,3397,23,32,35,0,6.7706800117751,9.42007653812187,10.3032087135708,0
35151,2015,occurrence,3644,33,41,45,2,9.05598243688255,11.251372118551,12.3490669593853,54.8847420417124
35151,2015,residence,3567,27,37,41,2,7.56938603868797,10.3728623493131,11.4942528735632,56.0695262125035
35152,2000,occurrence,570,3,3,4,1,5.26315789473684,5.26315789473684,7.01754385964912,175.438596491228
35152,2000,residence,536,2,3,4,1,3.73134328358209,5.59701492537313,7.46268656716418,186.567164179104
35152,2005,occurrence,478,1,3,3,0,2.09205020920502,6.27615062761506,6.27615062761506,0
35152,2005,residence,462,2,5,5,0,4.32900432900433,10.8225108225108,10.8225108225108,0
35152,2010,occurrence,528,2,2,3,0,3.78787878787879,3.78787878787879,5.68181818181818,0
35152,2010,residence,462,4,4,7,0,8.65800865800866,8.65800865800866,15.1515151515152,0
35152,2015,occurrence,646,2,2,3,0,3.09597523219814,3.09597523219814,4.64396284829721,0
35152,2015,residence,596,6,6,7,0,10.0671140939597,10.0671140939597,11.744966442953,0
35153,2000,occurrence,1278,14,19,22,2,10.9546165884194,14.8669796557121,17.2143974960876,156.494522691706
35153,2000,residence,1343,13,22,26,2,9.67982129560685,16.3812360387193,19.3596425912137,148.920327624721
35153,2005,occurrence,1219,13,16,17,0,10.6644790812141,13.1255127153404,13.9458572600492,0
35153,2005,residence,1170,12,15,17,0,10.2564102564103,12.8205128205128,14.5299145299145,0
35153,2010,occurrence,996,9,13,13,0,9.03614457831325,13.0522088353414,13.0522088353414,0
35153,2010,residence,1080,10,14,14,0,9.25925925925926,12.962962962963,12.962962962963,0
35153,2015,occurrence,1009,9,10,12,1,8.9197224975223,9.91080277502478,11.8929633300297,99.1080277502478
35153,2015,residence,1105,11,16,20,2,9.95475113122172,14.4796380090498,18.0995475113122,180.995475113122
35154,2000,occurrence,1429,13,18,20,0,9.09727081875437,12.5962211336599,13.9958012596221,0
35154,2000,residence,1431,19,26,29,0,13.277428371768,18.1691125087352,20.2655485674354,0
35154,2005,occurrence,1156,3,4,7,0,2.59515570934256,3.46020761245675,6.05536332179931,0
35154,2005,residence,1238,10,12,14,0,8.07754442649435,9.69305331179321,11.3085621970921,0
35154,2010,occurrence,1114,3,4,4,0,2.69299820466786,3.59066427289048,3.59066427289048,0
35154,2010,residence,1191,8,14,15,0,6.71704450041982,11.7548278757347,12.5944584382872,0
35154,2015,occurrence,1221,0,0,0,1,0,0,0,81.9000819000819
35154,2015,residence,1386,6,7,9,1,4.32900432900433,5.05050505050505,6.49350649350649,72.1500721500722
35155,2000,occurrence,8551,105,150,175,4,12.2792655829728,17.5418079756754,20.4654426382879,46.778154601801
35155,2000,residence,7961,72,97,115,2,9.04408993844994,12.1843989448562,14.4454214294687,25.1224720512498
35155,2005,occurrence,8585,87,150,174,1,10.1339545719278,17.472335468841,20.2679091438556,11.648223645894
35155,2005,residence,7518,52,79,95,1,6.91673317371641,10.5081138600692,12.6363394519819,13.3014099494546
35155,2010,occurrence,9129,67,107,142,5,7.33924854858144,11.7208894731077,15.5548252820681,54.7705115565779
35155,2010,residence,8056,44,67,79,4,5.4617676266137,8.31678252234359,9.80635551142006,49.6524329692155
35155,2015,occurrence,10236,92,125,155,5,8.98788589292692,12.2118014849551,15.1426338413443,48.8472059398202
35155,2015,residence,8875,58,70,89,4,6.53521126760563,7.88732394366197,10.0281690140845,45.0704225352113
35156,2000,occurrence,969,8,8,9,0,8.25593395252838,8.25593395252838,9.28792569659443,0
35156,2000,residence,1137,17,19,20,1,14.9516270888303,16.7106420404573,17.5901495162709,87.9507475813544
35156,2005,occurrence,642,1,2,3,0,1.55763239875389,3.11526479750779,4.67289719626168,0
35156,2005,residence,1044,9,13,16,0,8.62068965517242,12.4521072796935,15.3256704980843,0
35156,2010,occurrence,606,5,5,8,0,8.25082508250825,8.25082508250825,13.2013201320132,0
35156,2010,residence,1057,8,10,15,1,7.5685903500473,9.46073793755913,14.1911069063387,94.6073793755913
35156,2015,occurrence,662,0,0,0,0,0,0,0,0
35156,2015,residence,1201,10,13,14,0,8.32639467110741,10.8243130724396,11.6569525395504,0
35157,2000,occurrence,1940,15,19,22,2,7.7319587628866,9.79381443298969,11.340206185567,103.092783505155
35157,2000,residence,2174,19,25,32,3,8.73965041398344,11.4995400183993,14.7194112235511,137.994480220791
35157,2005,occurrence,1794,3,4,5,0,1.67224080267559,2.22965440356745,2.78706800445931,0
35157,2005,residence,1987,14,21,24,0,7.04579768495219,10.5686965274283,12.0785103170609,0
35157,2010,occurrence,2068,12,20,26,0,5.80270793036751,9.67117988394584,12.5725338491296,0
35157,2010,residence,2054,15,27,36,0,7.30282375851996,13.1450827653359,17.5267770204479,0
35157,2015,occurrence,2493,14,17,19,0,5.61572402727637,6.81909346169274,7.62133975130365,0
35157,2015,residence,2298,10,13,16,0,4.35161009573542,5.65709312445605,6.96257615317668,0
35161,2000,occurrence,7358,89,124,146,3,12.0956781734167,16.8524055449851,19.8423484642566,40.7719488991574
35161,2000,residence,7479,99,146,170,4,13.23706377858,19.5213263805322,22.7303115389758,53.4830859740607
35161,2005,occurrence,6725,52,75,85,3,7.73234200743494,11.1524163568773,12.639405204461,44.6096654275093
35161,2005,residence,7060,79,113,127,3,11.1898016997167,16.0056657223796,17.9886685552408,42.4929178470255
35161,2010,occurrence,6111,28,37,49,3,4.58190148911798,6.05465553919162,8.01832760595647,49.0918016691213
35161,2010,residence,6473,53,74,90,4,8.18785725320562,11.4321025799475,13.9039085431794,61.7951490807972
35161,2015,occurrence,6137,24,32,37,0,3.91070555646081,5.21427407528108,6.02900439954375,0
35161,2015,residence,6717,58,78,85,1,8.63480720559774,11.6123269316659,12.6544588357898,14.8875986303409
35162,2000,occurrence,5870,94,171,195,2,16.0136286201022,29.1311754684838,33.2197614991482,34.0715502555366
35162,2000,residence,5967,110,194,222,2,18.4347243170773,32.512150159209,37.2046254399196,33.5176805765041
35162,2005,occurrence,5431,82,109,125,6,15.0985085619591,20.069968698214,23.0160191493279,110.476891916774
35162,2005,residence,5386,92,125,145,6,17.0813219457854,23.2083178611214,26.9216487189009,111.399925733383
35162,2010,occurrence,3991,49,63,69,0,12.2776246554748,15.7855174141819,17.2889000250564,0
35162,2010,residence,3967,47,69,80,1,11.8477438870683,17.393496344845,20.1663725737333,25.2079657171666
35162,2015,occurrence,4543,50,66,72,6,11.005943209333,14.5278450363196,15.8485582214396,132.071318511997
35162,2015,residence,4328,55,72,79,6,12.7079482439926,16.6358595194085,18.2532347504621,138.632162661738
35163,2000,occurrence,24571,335,474,549,7,13.6339587318383,19.2910341459444,22.3434129665052,28.488868991901
35163,2000,residence,24454,280,418,492,6,11.4500695182792,17.093318066574,20.1194078678335,24.5358632534555
35163,2005,occurrence,22031,229,315,368,6,10.3944441922745,14.2980345876265,16.7037356452272,27.2343515954791
35163,2005,residence,21693,211,293,348,5,9.72663992993131,13.5066611349283,16.0420412114507,23.0489097865671
35163,2010,occurrence,21661,222,295,341,12,10.248834310512,13.6189464936984,15.7425788283089,55.3991043811459
35163,2010,residence,21575,219,289,331,10,10.1506373117034,13.3951332560834,15.3418308227115,46.3499420625724
35163,2015,occurrence,24272,222,292,312,8,9.14634146341463,12.0303230059328,12.8543177323665,32.95978905735
35163,2015,residence,24039,198,267,299,8,8.23661549981281,11.106951204293,12.438121386081,33.2792545446982
35171,2000,occurrence,15806,190,264,304,7,12.0207516133114,16.7025180311274,19.2332025812982,44.2869796279894
35171,2000,residence,15769,171,245,284,7,10.8440611326019,15.5368127338449,18.0100196588243,44.3908935252711
35171,2005,occurrence,14268,150,188,219,6,10.5130361648444,13.1763386599383,15.3490328006728,42.0521446593776
35171,2005,residence,14094,137,176,207,6,9.72044841776643,12.4875833688094,14.6871008939974,42.571306939123
35171,2010,occurrence,14668,100,139,163,3,6.81756203981456,9.47641123534224,11.1126261248977,20.4526861194437
35171,2010,residence,14656,102,147,171,3,6.95960698689956,10.0300218340611,11.667576419214,20.4694323144105
35171,2015,occurrence,15250,128,183,207,5,8.39344262295082,12,13.5737704918033,32.7868852459016
35171,2015,residence,15082,121,176,201,4,8.02280864606816,11.6695398488264,13.3271449409893,26.5216814746055
35172,2000,occurrence,7261,103,135,151,3,14.1853739154386,18.592480374604,20.7960336041868,41.3166230546757
35172,2000,residence,7381,125,165,182,2,16.9353746104864,22.354694485842,24.6579054328682,27.0965993767782
35172,2005,occurrence,6448,72,89,102,1,11.166253101737,13.802729528536,15.818858560794,15.5086848635236
35172,2005,residence,6526,81,98,112,2,12.4118908979467,15.0168556543059,17.1621207477781,30.6466441924609
35172,2010,occurrence,5875,46,55,68,1,7.82978723404255,9.36170212765957,11.5744680851064,17.0212765957447
35172,2010,residence,5944,51,71,89,1,8.58008075370121,11.9448183041723,14.9730820995962,16.8236877523553
35172,2015,occurrence,5768,35,43,47,1,6.06796116504854,7.45492371705964,8.14840499306519,17.3370319001387
35172,2015,residence,5986,41,56,60,1,6.84931506849315,9.35516204477113,10.0233879051119,16.7056465085199
35173,2000,occurrence,4740,57,81,98,3,12.0253164556962,17.0886075949367,20.6751054852321,63.2911392405063
35173,2000,residence,4788,62,90,109,3,12.9490392648287,18.796992481203,22.765246449457,62.65664160401
35173,2005,occurrence,4452,31,46,60,6,6.96316262353998,10.3324348607367,13.4770889487871,134.770889487871
35173,2005,residence,4594,51,75,90,7,11.1014366565085,16.3256421419243,19.5907705703091,152.372659991293
35173,2010,occurrence,4231,38,46,49,1,8.98132829118412,10.8721342472229,11.5811864807374,23.6350744504845
35173,2010,residence,4355,48,64,74,1,11.0218140068886,14.6957520091848,16.99196326062,22.9621125143513
35173,2015,occurrence,4827,26,35,39,5,5.38636834472757,7.25088046405635,8.07955251709136,103.584006629376
35173,2015,residence,4921,31,43,48,5,6.29953261532209,8.73806136964032,9.75411501727291,101.60536476326
35174,2000,occurrence,9302,104,147,171,3,11.180391313696,15.8030531068587,18.3831434100194,32.2511287895076
35174,2000,residence,9052,96,134,161,4,10.6053910737958,14.80335837384,17.7861246133451,44.1891294741494
35174,2005,occurrence,8058,118,145,154,5,14.6438322164309,17.9945395879871,19.1114420451725,62.0501365103003
35174,2005,residence,8033,106,131,141,4,13.1955682808415,16.3077306112287,17.5525955433835,49.7945972861945
35174,2010,occurrence,7913,100,137,153,2,12.6374320738026,17.3132819411096,19.335271072918,25.2748641476052
35174,2010,residence,7807,90,114,125,2,11.5281157935186,14.6022800051236,16.0112719354426,25.6180350967081
35174,2015,occurrence,8225,56,83,92,1,6.80851063829787,10.0911854103343,11.1854103343465,12.1580547112462
35174,2015,residence,8198,54,79,89,2,6.58697243230056,9.63649670651378,10.8563064161991,24.3961941937058
41001,2000,occurrence,4705,68,86,100,6,14.4527098831031,18.278427205101,21.2539851222104,127.523910733263
41001,2000,residence,4907,90,115,133,6,18.3411453026289,23.4359078866925,27.1041369472183,122.274302017526
41001,2005,occurrence,4527,29,37,50,3,6.40600839407997,8.17318312348133,11.0448420587586,66.2690523525514
41001,2005,residence,4805,49,67,85,4,10.1977107180021,13.9438085327784,17.6899063475546,83.2466181061395
41001,2010,occurrence,3751,25,32,34,0,6.66488936283658,8.53105838443082,9.06424953345774,0
41001,2010,residence,4085,33,49,54,2,8.07833537331701,11.9951040391677,13.219094247246,48.9596083231334
41001,2015,occurrence,4044,20,25,26,1,4.94559841740851,6.18199802176063,6.42927794263106,24.7279920870425
41001,2015,residence,4453,28,41,45,1,6.28789580058388,9.2072759937121,10.1055468223669,22.456770716371
41002,2000,occurrence,54423,701,1145,1348,25,12.8805835767966,21.0388989949102,24.7689396027415,45.936460687577
41002,2000,residence,53955,647,1003,1168,24,11.9914743767955,18.5895653785562,21.6476693540914,44.4815123714206
41002,2005,occurrence,48981,504,781,943,30,10.2897041710051,15.944958249117,19.2523631612258,61.2482391131255
41002,2005,residence,48576,434,642,764,27,8.93445322793149,13.2164031620553,15.7279314888011,55.5830039525692
41002,2010,occurrence,50069,469,692,795,25,9.36707343865466,13.8209271205736,15.8780882382312,49.9310950887775
41002,2010,residence,49622,418,569,635,20,8.42368304381121,11.4666881625086,12.7967433799524,40.3047035589053
41002,2015,occurrence,52767,427,642,734,15,8.09217882388614,12.1666950935244,13.9102090321603,28.4268576951504
41002,2015,residence,51833,352,512,577,15,6.79104045685181,9.87787702814809,11.1319043852372,28.9390928559026
41003,2000,occurrence,10981,162,246,288,7,14.7527547582187,22.4023312995174,26.2271195701667,63.7464711774884
41003,2000,residence,11011,167,259,303,8,15.1666515302879,23.5219326128417,27.5179366088457,72.6546181091636
41003,2005,occurrence,10324,98,152,170,8,9.49244478884154,14.7229755908563,16.4664858581945,77.4893452150329
41003,2005,residence,10418,111,178,200,8,10.6546362065656,17.085813015934,19.1975427145325,76.7901708581302
41003,2010,occurrence,9371,88,124,149,8,9.39067335396436,13.2323124533134,15.9001173834169,85.3697577633124
41003,2010,residence,9483,94,130,156,9,9.91247495518296,13.7087419592956,16.4504903511547,94.9066751028156
41003,2015,occurrence,8880,56,83,103,5,6.30630630630631,9.34684684684685,11.5990990990991,56.3063063063063
41003,2015,residence,9701,77,112,139,3,7.93732604886094,11.5452015256159,14.3284197505412,30.9246469436141
41004,2000,occurrence,2878,43,78,89,1,14.9409312022238,27.1021542738013,30.9242529534399,34.7463516330785
41004,2000,residence,2996,53,93,105,1,17.6902536715621,31.041388518024,35.0467289719626,33.3778371161549
41004,2005,occurrence,2660,31,41,43,0,11.6541353383459,15.4135338345865,16.1654135338346,0
41004,2005,residence,2746,34,47,52,0,12.3816460305899,17.115804806992,18.9366351056082,0
41004,2010,occurrence,2357,25,35,38,3,10.6067034365719,14.8493848112007,16.1221892235893,127.280441238863
41004,2010,residence,2383,28,44,49,4,11.7498950902224,18.4641208560638,20.5623164078892,167.855644146034
41004,2015,occurrence,2382,20,23,25,3,8.39630562552477,9.65575146935348,10.495382031906,125.944584382872
41004,2015,residence,2370,19,22,27,3,8.0168776371308,9.28270042194093,11.3924050632911,126.582278481013
41005,2000,occurrence,10069,166,281,343,15,16.4862449101202,27.9074386731552,34.0649518323567,148.972092561327
41005,2000,residence,9960,159,279,340,16,15.9638554216867,28.0120481927711,34.136546184739,160.642570281125
41005,2005,occurrence,8860,122,170,195,7,13.7697516930023,19.1873589164786,22.0090293453725,79.0067720090294
41005,2005,residence,8798,124,175,202,7,14.0941122982496,19.8908842918845,22.9597635826324,79.5635371675381
41005,2010,occurrence,7118,86,116,129,1,12.082045518404,16.2967125597078,18.1230682776061,14.0488901376791
41005,2010,residence,7109,93,127,144,1,13.0820087213391,17.8646785764524,20.256013504009,14.0666760444507
41005,2015,occurrence,7067,68,91,103,2,9.62218763265884,12.8767510966464,14.5747842082921,28.3005518607613
41005,2015,residence,7267,79,107,119,2,10.8710609605064,14.7240952249897,16.3753956240539,27.5216733177377
41006,2000,occurrence,3578,29,66,81,3,8.10508664058133,18.4460592509782,22.6383454443823,83.8457238680827
41006,2000,residence,3627,37,80,93,4,10.2012682657844,22.0567962503446,25.6410256410256,110.283981251723
41006,2005,occurrence,2990,29,46,55,4,9.69899665551839,15.3846153846154,18.3946488294314,133.779264214047
41006,2005,residence,2976,29,47,62,5,9.74462365591398,15.7930107526882,20.8333333333333,168.010752688172
41006,2010,occurrence,2352,15,23,28,0,6.37755102040816,9.77891156462585,11.9047619047619,0
41006,2010,residence,2282,10,18,25,0,4.38212094653813,7.88781770376862,10.9553023663453,0
41006,2015,occurrence,2698,22,28,29,0,8.15418828762046,10.3780578206079,10.7487027427724,0
41006,2015,residence,2521,23,32,36,1,9.12336374454581,12.6933756445855,14.2800476001587,39.6667988893296
41007,2000,occurrence,4837,58,82,103,5,11.9909034525532,16.9526566053339,21.294190614017,103.369857349597
41007,2000,residence,4810,60,91,113,5,12.4740124740125,18.9189189189189,23.4927234927235,103.950103950104
41007,2005,occurrence,4461,52,78,87,3,11.6565792423224,17.4848688634835,19.502353732347,67.2494956287828
41007,2005,residence,4427,54,79,88,3,12.1978766659137,17.8450417890219,19.8780212333409,67.7659814772984
41007,2010,occurrence,3909,39,49,61,4,9.97697620874904,12.5351752366334,15.6050140700947,102.327961115375
41007,2010,residence,3801,33,43,53,4,8.68192580899763,11.3128124177848,13.943699026572,105.235464351486
41007,2015,occurrence,4465,44,65,77,2,9.85442329227324,14.5576707726764,17.2452407614782,44.7928331466965
41007,2015,residence,4163,34,53,63,1,8.16718712466971,12.731203459044,15.1333173192409,24.0211386019697
41008,2000,occurrence,5539,78,101,109,8,14.0819642534754,18.2343383282181,19.6786423542156,144.430402599747
41008,2000,residence,5705,80,105,120,8,14.022787028922,18.4049079754601,21.034180543383,140.22787028922
41008,2005,occurrence,4607,56,72,78,4,12.1554156718038,15.6283915780334,16.9307575428695,86.8243976557413
41008,2005,residence,4696,57,77,84,4,12.1379897785349,16.396933560477,17.8875638841567,85.1788756388416
41008,2010,occurrence,4423,55,64,73,3,12.4349988695456,14.4698168663803,16.504634863215,67.8272665611576
41008,2010,residence,4509,55,71,79,3,12.1978265690841,15.7462852073631,17.5205145265026,66.5335994677312
41008,2015,occurrence,4471,19,29,35,6,4.24960858868262,6.48624468798926,7.82822634757325,134.198165958399
41008,2015,residence,4798,20,34,43,5,4.16840350145894,7.0862859524802,8.96206752813672,104.210087536474
41009,2000,occurrence,8541,105,162,183,3,12.2936424306287,18.9673340358272,21.4260625219529,35.1246926589392
41009,2000,residence,8524,109,168,190,3,12.7874237447208,19.7090567808541,22.2900046926326,35.1947442515251
41009,2005,occurrence,7213,68,98,107,3,9.42742270899764,13.5865797864966,14.8343269097463,41.5915707749896
41009,2005,residence,7219,76,115,126,4,10.5277739299072,15.9301842360438,17.4539409890567,55.4093364731957
41009,2010,occurrence,6188,38,59,71,4,6.14091790562379,9.53458306399483,11.4738202973497,64.6412411118294
41009,2010,residence,6179,41,63,77,4,6.63537789286292,10.1958245670821,12.461563359767,64.7353940767115
41009,2015,occurrence,6496,60,86,94,4,9.23645320197044,13.2389162561576,14.4704433497537,61.576354679803
41009,2015,residence,6453,67,94,104,4,10.3827677049434,14.5668681233535,16.1165349449868,61.986672865334
41010,2000,occurrence,8656,110,164,187,8,12.7079482439926,18.9463955637708,21.6035120147874,92.4214417744917
41010,2000,residence,8682,92,152,173,7,10.5966367196499,17.5074867542041,19.9262842662981,80.6265837364663
41010,2005,occurrence,7835,71,105,125,3,9.06190172303765,13.401403956605,15.9540523292916,38.2897255902999
41010,2005,residence,7811,67,100,122,3,8.57764690820638,12.8024580719498,15.6189988477788,38.4073742158494
41010,2010,occurrence,7389,57,84,100,5,7.71416971173366,11.3682501015022,13.5336310732169,67.6681553660847
41010,2010,residence,7293,52,74,87,4,7.1301247771836,10.146716029069,11.9292472233649,54.8471136706431
41010,2015,occurrence,8225,55,86,104,3,6.68693009118541,10.4559270516717,12.644376899696,36.4741641337386
41010,2015,residence,8004,55,81,95,3,6.87156421789106,10.119940029985,11.8690654672664,37.4812593703149
41011,2000,occurrence,5985,70,96,110,3,11.6959064327485,16.0401002506266,18.3792815371763,50.125313283208
41011,2000,residence,5905,82,112,128,4,13.8865368331922,18.9669771380186,21.6765453005927,67.7392040643523
41011,2005,occurrence,4941,50,67,77,3,10.1194090265129,13.5600080955272,15.5838899008298,60.7164541590771
41011,2005,residence,4943,52,71,83,3,10.519927169735,14.3637467125228,16.7914222132308,60.6918875177018
41011,2010,occurrence,4352,47,58,69,2,10.7996323529412,13.3272058823529,15.8547794117647,45.9558823529412
41011,2010,residence,4376,45,56,68,2,10.2833638025594,12.7970749542962,15.5393053016453,45.7038391224863
41011,2015,occurrence,4288,40,48,56,5,9.32835820895522,11.1940298507463,13.0597014925373,116.60447761194
41011,2015,residence,4454,49,63,72,5,11.001347103727,14.1445891333633,16.1652447238437,112.258643915582
41012,2000,occurrence,4259,63,85,94,3,14.7922047428974,19.9577365578774,22.0709086640056,70.4390702042733
41012,2000,residence,4165,63,84,94,3,15.1260504201681,20.1680672268908,22.5690276110444,72.0288115246099
41012,2005,occurrence,3538,33,50,61,2,9.32730356133409,14.1322781232335,17.2413793103448,56.5291124929339
41012,2005,residence,3518,33,50,60,2,9.38032973280273,14.2126208072769,17.0551449687322,56.8504832291075
41012,2010,occurrence,3510,28,32,41,2,7.97720797720798,9.11680911680912,11.6809116809117,56.980056980057
41012,2010,residence,3473,30,35,42,2,8.63806507342355,10.0777425856608,12.093291102793,57.5871004894904
41012,2015,occurrence,4032,53,64,68,2,13.1448412698413,15.8730158730159,16.8650793650794,49.6031746031746
41012,2015,residence,3812,45,59,64,2,11.8048268625393,15.4774396642183,16.7890870933893,52.4658971668416
41013,2000,occurrence,2013,21,27,29,1,10.4321907600596,13.4128166915052,14.4063586686538,49.6770988574267
41013,2000,residence,2060,22,32,33,2,10.6796116504854,15.5339805825243,16.0194174757282,97.0873786407767
41013,2005,occurrence,1947,17,22,22,1,8.73138161273755,11.2994350282486,11.2994350282486,51.3610683102209
41013,2005,residence,1922,20,27,31,1,10.4058272632674,14.047866805411,16.1290322580645,52.0291363163372
41013,2010,occurrence,1865,12,13,17,2,6.4343163538874,6.97050938337802,9.11528150134048,107.238605898123
41013,2010,residence,1923,17,21,26,2,8.84035361414457,10.9204368174727,13.5205408216329,104.004160166407
41013,2015,occurrence,1928,5,8,9,4,2.59336099585062,4.149377593361,4.66804979253112,207.46887966805
41013,2015,residence,2131,11,18,20,4,5.16189582355702,8.44673862036603,9.38526513374003,187.705302674801
41014,2000,occurrence,3947,48,62,72,2,12.1611350392703,15.7081327590575,18.2417025589055,50.6713959969597
41014,2000,residence,4004,58,77,88,2,14.4855144855145,19.2307692307692,21.978021978022,49.95004995005
41014,2005,occurrence,3625,26,32,36,2,7.17241379310345,8.82758620689655,9.93103448275862,55.1724137931035
41014,2005,residence,3720,34,44,51,2,9.13978494623656,11.8279569892473,13.7096774193548,53.7634408602151
41014,2010,occurrence,3456,25,32,35,1,7.2337962962963,9.25925925925926,10.1273148148148,28.9351851851852
41014,2010,residence,3616,32,43,49,2,8.84955752212389,11.891592920354,13.5508849557522,55.3097345132743
41014,2015,occurrence,3659,21,24,29,3,5.73927302541678,6.55916917190489,7.92566274938508,81.9896146488112
41014,2015,residence,3852,27,32,37,3,7.00934579439252,8.3073727933541,9.60539979231568,77.8816199376947
41015,2000,occurrence,10139,113,151,166,6,11.1450833415524,14.8929874741099,16.3724233159089,59.1774336719598
41015,2000,residence,9963,96,132,149,5,9.63565191207468,13.2490213791027,14.9553347385326,50.1856870420556
41015,2005,occurrence,9303,81,108,125,7,8.70686875201548,11.6091583360206,13.4365258518757,75.2445447705041
41015,2005,residence,9139,79,103,117,7,8.64427180216654,11.2703796914323,12.8022759601707,76.5948134369187
41015,2010,occurrence,9743,60,84,107,9,6.15826747408396,8.62157446371754,10.9822436621164,92.3740121112594
41015,2010,residence,9493,64,86,104,9,6.74180975455599,9.05930685768461,10.9554408511535,94.8066996734436
41015,2015,occurrence,11380,96,128,140,5,8.43585237258348,11.2478031634446,12.3022847100176,43.9367311072056
41015,2015,residence,10895,87,111,124,5,7.98531436438733,10.1881597062873,11.3813675998164,45.8926112895824
41016,2000,occurrence,5300,56,82,98,0,10.5660377358491,15.4716981132075,18.4905660377359,0
41016,2000,residence,5180,67,104,126,1,12.9343629343629,20.0772200772201,24.3243243243243,19.3050193050193
41016,2005,occurrence,4883,56,71,84,3,11.4683596149908,14.5402416547205,17.2025394224862,61.4376407945935
41016,2005,residence,4823,63,84,96,3,13.0624092888244,17.4165457184325,19.9046236782086,62.2019489944018
41016,2010,occurrence,4786,34,44,52,3,7.10405348934392,9.19348098620978,10.8650229837025,62.6828249059758
41016,2010,residence,4828,43,62,70,3,8.90637945318973,12.8417564208782,14.4987572493786,62.1375310687655
41016,2015,occurrence,4998,37,46,50,4,7.40296118447379,9.20368147258904,10.0040016006403,80.0320128051221
41016,2015,residence,5159,56,72,77,4,10.8548168249661,13.9561930606707,14.9253731343284,77.5344058926148
41017,2000,occurrence,13978,147,231,279,5,10.5165259693805,16.525969380455,19.9599370439262,35.7704964944914
41017,2000,residence,13911,136,208,248,5,9.77643591402487,14.9521961038027,17.8276184314571,35.9427790956797
41017,2005,occurrence,12212,131,187,221,13,10.7271536193908,15.3128070750082,18.0969538159188,106.452669505405
41017,2005,residence,12019,98,136,164,12,8.1537565521258,11.3154172560113,13.6450619851901,99.8419169648057
41017,2010,occurrence,12092,117,175,195,7,9.67581872312273,14.4723784320212,16.1263645385379,57.8895137280847
41017,2010,residence,11671,96,133,151,7,8.22551623682632,11.3957672864365,12.9380515808414,59.9777225601919
41017,2015,occurrence,12919,144,189,209,10,11.1463735583249,14.6296152953015,16.1777227339577,77.4053719328121
41017,2015,residence,12517,104,129,142,10,8.30870016777183,10.3059838619478,11.3445713829192,79.8913477670368
41018,2000,occurrence,3924,48,67,72,4,12.2324159021407,17.0744138634047,18.348623853211,101.936799184506
41018,2000,residence,3975,53,76,85,3,13.3333333333333,19.1194968553459,21.3836477987421,75.4716981132076
41018,2005,occurrence,3103,30,40,45,0,9.66806316467934,12.8907508862391,14.502094747019,0
41018,2005,residence,3364,39,53,62,1,11.5933412604043,15.7550535077289,18.4304399524376,29.7265160523187
41018,2010,occurrence,2404,20,28,30,1,8.31946755407654,11.6472545757072,12.4792013311148,41.5973377703827
41018,2010,residence,2848,27,39,42,1,9.48033707865168,13.6938202247191,14.747191011236,35.1123595505618
41018,2015,occurrence,2601,22,30,30,0,8.45828527489427,11.5340253748558,11.5340253748558,0
41018,2015,residence,2843,25,36,38,0,8.79352796341892,12.6626802673233,13.3661625043968,0
41019,2000,occurrence,4790,76,103,122,5,15.866388308977,21.5031315240084,25.4697286012526,104.384133611691
41019,2000,residence,4706,77,111,132,6,16.3620909477263,23.5869103272418,28.0492987675308,127.496812579686
41019,2005,occurrence,3957,33,51,54,3,8.33965125094769,12.8885519332828,13.6467020470053,75.8150113722517
41019,2005,residence,4122,59,84,91,3,14.3134400776322,20.3784570596798,22.0766618146531,72.7802037845706
41019,2010,occurrence,3695,31,40,49,1,8.38971583220568,10.8254397834912,13.2611637347767,27.063599458728
41019,2010,residence,3737,32,45,53,1,8.56301846400856,12.041744715012,14.1824993310142,26.7594327000268
41019,2015,occurrence,3525,18,21,27,4,5.10638297872341,5.95744680851064,7.65957446808511,113.475177304965
41019,2015,residence,3692,26,36,42,4,7.04225352112676,9.75081256771398,11.3759479956663,108.342361863489
41020,2000,occurrence,5423,65,89,95,3,11.9859856168173,16.4115803061036,17.5179789784252,55.3199336160797
41020,2000,residence,5366,77,106,119,4,14.3496086470369,19.7540067089079,22.176667909057,74.5434215430488
41020,2005,occurrence,4776,38,47,56,2,7.95644891122278,9.84087102177554,11.7252931323283,41.8760469011725
41020,2005,residence,4794,43,55,66,1,8.96954526491448,11.4726741760534,13.7672090112641,20.8594075928244
41020,2010,occurrence,4719,25,30,37,5,5.29773257045984,6.35727908455181,7.84064420428057,105.954651409197
41020,2010,residence,4794,33,49,59,6,6.88360450563204,10.2211097204839,12.3070504797664,125.156445556946
41020,2015,occurrence,5333,23,33,39,3,4.31276954809676,6.18788674292143,7.31295705981624,56.2535158447403
41020,2015,residence,5522,37,59,69,4,6.70047084389714,10.6845345889171,12.4954726548352,72.4375226367258
41021,2000,occurrence,3247,52,72,82,2,16.0147828765014,22.1743147520788,25.2540806898676,61.5953187557746
41021,2000,residence,3380,59,80,89,2,17.4556213017752,23.6686390532544,26.3313609467456,59.1715976331361
41021,2005,occurrence,3231,29,48,56,4,8.97554936552151,14.8560817084494,17.3320953265243,123.800680903745
41021,2005,residence,3147,41,66,77,4,13.0282809024468,20.9723546234509,24.4677470606927,127.105179536066
41021,2010,occurrence,2511,29,40,44,1,11.5491835921943,15.9299084030267,17.5228992433294,39.8247710075667
41021,2010,residence,2674,43,58,66,1,16.0807778608826,21.6903515332835,24.682124158564,37.397157816006
41021,2015,occurrence,2372,8,10,11,2,3.37268128161889,4.21585160202361,4.63743676222597,84.3170320404722
41021,2015,residence,2738,31,34,35,3,11.3221329437546,12.417823228634,12.7830533235939,109.569028487947
41022,2000,occurrence,2435,26,41,51,2,10.6776180698152,16.8377823408624,20.9445585215606,82.1355236139631
41022,2000,residence,2581,25,40,53,1,9.68616815187912,15.4978690430066,20.5346764819837,38.7446726075165
41022,2005,occurrence,2259,39,49,55,1,17.2642762284197,21.6910137228862,24.3470562195662,44.2673749446658
41022,2005,residence,2339,21,31,37,0,8.97819581017529,13.253527148354,15.8187259512612,0
41022,2010,occurrence,1949,25,36,42,0,12.827090815803,18.4710107747563,21.549512570549,0
41022,2010,residence,1870,17,25,31,0,9.09090909090909,13.3689839572193,16.5775401069519,0
41022,2015,occurrence,1873,27,34,36,1,14.4153764014949,18.1526962092899,19.2205018686599,53.3902829684997
41022,2015,residence,1768,15,21,24,1,8.4841628959276,11.8778280542986,13.5746606334842,56.5610859728507
42001,2000,occurrence,3802,36,46,51,1,9.4687006838506,12.0988953182536,13.413992635455,26.3019463440295
42001,2000,residence,3666,46,58,67,1,12.5477359519913,15.8210583742499,18.2760501909438,27.2776868521549
42001,2005,occurrence,2690,24,32,37,1,8.92193308550186,11.8959107806691,13.7546468401487,37.1747211895911
42001,2005,residence,2743,37,49,55,2,13.488880787459,17.863652934743,20.051039008385,72.9128691213999
42001,2010,occurrence,2608,11,15,19,1,4.21779141104294,5.75153374233129,7.28527607361963,38.3435582822086
42001,2010,residence,2631,19,26,33,0,7.2215887495249,9.88217407829723,12.5427594070696,0
42001,2015,occurrence,3052,8,12,14,1,2.62123197903014,3.93184796854522,4.58715596330275,32.7653997378768
42001,2015,residence,2971,24,31,34,0,8.07808818579603,10.4341972399865,11.443958263211,0
42002,2000,occurrence,4826,63,95,110,5,13.0542892664733,19.6850393700787,22.7932034811438,103.605470368835
42002,2000,residence,5032,52,81,91,5,10.3338632750397,16.0969793322735,18.0842607313196,99.3640699523053
42002,2005,occurrence,4220,50,69,77,2,11.8483412322275,16.3507109004739,18.2464454976303,47.39336492891
42002,2005,residence,4246,37,52,61,2,8.71408384361752,12.246820536976,14.3664625529911,47.1031559114461
42002,2010,occurrence,4381,24,37,44,0,5.47820132389865,8.44556037434376,10.0433690938142,0
42002,2010,residence,4439,24,38,48,1,5.40662311331381,8.5604865960802,10.8132462266276,22.5275963054742
42002,2015,occurrence,5241,42,61,76,3,8.01373783629079,11.6390001908033,14.50104941805,57.2409845449342
42002,2015,residence,5160,30,45,60,4,5.81395348837209,8.72093023255814,11.6279069767442,77.5193798449612
42003,2000,occurrence,3837,49,82,89,0,12.7703935366171,21.3708626531144,23.1952045869169,0
42003,2000,residence,3548,48,83,91,0,13.5287485907554,23.3934611048478,25.6482525366404,0
42003,2005,occurrence,2905,32,46,48,3,11.0154905335628,15.8347676419966,16.5232358003442,103.270223752151
42003,2005,residence,2882,36,55,57,2,12.4913254684247,19.0839694656489,19.7779319916725,69.3962526023595
42003,2010,occurrence,2798,12,19,26,2,4.28877769835597,6.79056468906362,9.29235167977127,71.4796283059328
42003,2010,residence,2731,12,21,32,2,4.39399487367265,7.68949102892713,11.7173196631271,73.2332478945441
42003,2015,occurrence,2924,18,23,26,2,6.15595075239398,7.86593707250342,8.89192886456908,68.3994528043776
42003,2015,residence,2981,20,31,38,3,6.70915800067092,10.3991949010399,12.7474002012747,100.637370010064
42004,2000,occurrence,4389,23,56,68,2,5.24037366142629,12.7591706539075,15.4932786511734,45.5684666210982
42004,2000,residence,4178,34,69,83,2,8.13786500718047,16.5150789851604,19.8659645763523,47.8697941598851
42004,2005,occurrence,3790,29,41,49,0,7.65171503957784,10.8179419525066,12.9287598944591,0
42004,2005,residence,3697,34,46,54,0,9.19664592913173,12.4425209629429,14.6064376521504,0
42004,2010,occurrence,3664,28,36,48,0,7.64192139737991,9.82532751091703,13.1004366812227,0
42004,2010,residence,3611,36,44,58,0,9.96953752423151,12.1849903073941,16.0620326779286,0
42004,2015,occurrence,4023,16,24,34,1,3.97713149391002,5.96569724086503,8.45140442455879,24.8570718369376
42004,2015,residence,4045,23,37,50,1,5.68603213844252,9.14709517923362,12.3609394313968,24.7218788627936
42005,2000,occurrence,6900,40,76,99,3,5.79710144927536,11.0144927536232,14.3478260869565,43.4782608695652
42005,2000,residence,7547,62,108,145,3,8.21518484165894,14.3103219822446,19.2129322909765,39.7508943951239
42005,2005,occurrence,6876,54,84,99,3,7.85340314136126,12.216404886562,14.3979057591623,43.630017452007
42005,2005,residence,7311,47,81,95,3,6.42866912871016,11.0791957324579,12.9941184516482,41.0340582683627
42005,2010,occurrence,7486,45,63,71,1,6.01122094576543,8.4157093240716,9.48437082554101,13.3582687683676
42005,2010,residence,7989,55,76,84,1,6.8844661409438,9.51308048566779,10.514457378896,12.5172111653524
42005,2015,occurrence,9623,76,102,116,3,7.89774498597111,10.5996051127507,12.0544528733243,31.1753091551491
42005,2015,residence,10398,88,122,138,5,8.46316599346028,11.7330255818427,13.2717830351991,48.086170417388
42006,2000,occurrence,8542,73,99,111,2,8.54600796066495,11.5897916178881,12.9946148442988,23.4137204401779
42006,2000,residence,8455,71,98,110,2,8.39739798935541,11.5907746895328,13.010053222945,23.6546422235364
42006,2005,occurrence,8101,41,52,63,2,5.06110356746081,6.41896062214542,7.77681767683002,24.6883100851747
42006,2005,residence,8028,48,61,75,2,5.97907324364723,7.59840558046836,9.3423019431988,24.9128051818635
42006,2010,occurrence,8802,86,114,125,2,9.77050670302204,12.9516019086571,14.2013178822995,22.7221086116792
42006,2010,residence,8697,77,104,113,3,8.85362768770841,11.9581464872945,12.9929860871565,34.4946533287341
42006,2015,occurrence,10136,84,112,123,5,8.28729281767956,11.0497237569061,12.1349644830308,49.3291239147593
42006,2015,residence,9748,82,109,118,3,8.41198194501436,11.1817808781288,12.105047189167,30.7755437012721
42007,2000,occurrence,14305,150,252,318,2,10.4858441104509,17.6162181055575,22.2299895141559,13.9811254806012
42007,2000,residence,13972,112,180,217,1,8.01603206412826,12.8829086744918,15.5310621242485,7.1571714858288
42007,2005,occurrence,12810,133,202,244,2,10.3825136612022,15.7689305230289,19.0476190476191,15.6128024980484
42007,2005,residence,12435,84,124,153,2,6.75512665862485,9.9718536389224,12.3039806996381,16.0836349014877
42007,2010,occurrence,13659,103,152,175,4,7.54081557947141,11.128193864851,12.8120653049272,29.2847206969764
42007,2010,residence,13306,86,125,139,2,6.4632496618067,9.39425822937021,10.4464151510597,15.0308131669923
42007,2015,occurrence,16186,124,161,189,4,7.66094155442975,9.94686766341283,11.6767576918324,24.7127146917089
42007,2015,residence,15830,96,125,141,5,6.06443461781428,7.89639924194567,8.90713834491472,31.5855969677827
42008,2000,occurrence,2881,39,53,57,1,13.536966331135,18.3963901423117,19.784796945505,34.7101700798334
42008,2000,residence,3108,42,59,67,1,13.5135135135135,18.983268983269,21.5572715572716,32.1750321750322
42008,2005,occurrence,2351,38,50,54,5,16.1633347511697,21.2675457252233,22.9689493832412,212.675457252233
42008,2005,residence,2577,46,61,69,5,17.8502134264649,23.6709351959643,26.7753201396973,194.024058983314
42008,2010,occurrence,2140,6,10,14,2,2.80373831775701,4.67289719626168,6.54205607476636,93.4579439252336
42008,2010,residence,2324,13,19,24,2,5.59380378657487,8.17555938037866,10.3270223752151,86.0585197934596
42008,2015,occurrence,2306,11,17,20,0,4.77016478751084,7.37207285342585,8.67302688638335,0
42008,2015,residence,2567,22,28,34,0,8.57031554343592,10.9076743280093,13.2450331125828,0
42009,2000,occurrence,5858,58,112,127,4,9.9009900990099,19.1191532946398,21.6797541823148,68.2826903379993
42009,2000,residence,5763,66,125,142,5,11.4523685580427,21.6900919659899,24.6399444733646,86.7603678639597
42009,2005,occurrence,4886,46,65,79,2,9.41465411379452,13.3033155955792,16.1686451084732,40.9332787556283
42009,2005,residence,4847,56,78,97,2,11.5535382710955,16.0924283061688,20.0123787910047,41.262636682484
42009,2010,occurrence,4283,32,48,57,1,7.47139855241653,11.2070978286248,13.3084286714919,23.3481204763017
42009,2010,residence,4198,34,55,66,1,8.09909480705098,13.1014768937589,15.7217722725107,23.8208670795617
42009,2015,occurrence,4647,23,33,34,1,4.94942973961696,7.10135571336346,7.31654831073811,21.519259737465
42009,2015,residence,4480,29,41,46,1,6.47321428571429,9.15178571428571,10.2678571428571,22.3214285714286
42010,2000,occurrence,2126,17,25,32,0,7.99623706491063,11.7591721542803,15.0517403574788,0
42010,2000,residence,2176,22,30,38,0,10.1102941176471,13.7867647058824,17.4632352941177,0
42010,2005,occurrence,1837,21,30,33,0,11.4316820903647,16.3309744148068,17.9640718562874,0
42010,2005,residence,1715,18,29,32,0,10.4956268221574,16.9096209912536,18.6588921282799,0
42010,2010,occurrence,1830,15,18,19,1,8.19672131147541,9.83606557377049,10.3825136612022,54.6448087431694
42010,2010,residence,1759,13,18,20,1,7.39056281978397,10.2330869812393,11.3700966458215,56.8504832291075
42010,2015,occurrence,1955,14,16,17,0,7.16112531969309,8.18414322250639,8.69565217391304,0
42010,2015,residence,1875,9,13,14,0,4.8,6.93333333333333,7.46666666666667,0
42011,2000,occurrence,12348,96,145,170,2,7.77453838678329,11.7427923550373,13.7674117265954,16.1969549724652
42011,2000,residence,12454,95,149,175,1,7.62807130239281,11.9640276216477,14.0517102938815,8.02954873936085
42011,2005,occurrence,11772,51,79,103,4,4.33231396534149,6.71083927964662,8.74957526333673,33.9789330615019
42011,2005,residence,11814,63,97,124,4,5.332656170645,8.21059759607246,10.496021669206,33.8581344167936
42011,2010,occurrence,12389,86,126,145,3,6.9416417789975,10.1703123738801,11.7039309064493,24.2150294616192
42011,2010,residence,12367,81,116,136,2,6.54968868763645,9.37980108352875,10.9970081668958,16.1720708336703
42011,2015,occurrence,14678,100,163,186,2,6.81291729118409,11.1050551846301,12.6720261616024,13.6258345823682
42011,2015,residence,14691,88,138,152,2,5.990061942686,9.39350622830304,10.3464706282758,13.6137771424682
42012,2000,occurrence,6829,84,148,176,3,12.3004832332699,21.6722799824279,25.7724410601845,43.9302972616781
42012,2000,residence,6839,78,142,177,2,11.4051761953502,20.7632694838427,25.880976750987,29.244041526539
42012,2005,occurrence,6083,40,75,86,1,6.57570277823442,12.3294427091895,14.137760973204,16.4392569455861
42012,2005,residence,6150,59,101,112,1,9.59349593495935,16.4227642276423,18.2113821138211,16.260162601626
42012,2010,occurrence,4988,21,28,39,2,4.21010425020048,5.61347233360064,7.81876503608661,40.0962309542903
42012,2010,residence,5067,39,52,67,4,7.69686204854944,10.2624827313993,13.2228142885337,78.9421748569173
42012,2015,occurrence,5606,29,41,42,2,5.1730288976097,7.31359257937924,7.49197288619337,35.6760613628255
42012,2015,residence,5377,40,53,56,2,7.43909243072345,9.85679747070857,10.4147294030128,37.1954621536173
42013,2000,occurrence,5000,65,119,137,3,13,23.8,27.4,60
42013,2000,residence,4952,54,107,124,3,10.9046849757674,21.6074313408724,25.0403877221325,60.5815831987076
42013,2005,occurrence,4429,72,99,107,0,16.2564913072928,22.3526755475277,24.1589523594491,0
42013,2005,residence,4331,60,87,95,0,13.8536134841838,20.0877395520665,21.9348880166243,0
42013,2010,occurrence,3977,58,84,92,2,14.583857178778,21.1214483278853,23.133014835303,50.2891626854413
42013,2010,residence,3979,51,79,87,2,12.817290776577,19.8542347323448,21.8647901482785,50.2638853983413
42013,2015,occurrence,4118,54,61,72,1,13.1131617289947,14.8130160271977,17.4842156386595,24.2836328314716
42013,2015,residence,4131,50,57,68,1,12.1036068748487,13.7981118373275,16.4609053497942,24.2072137496974
42014,2000,occurrence,2739,24,34,37,0,8.76232201533406,12.4132895217233,13.50857977364,0
42014,2000,residence,2748,30,45,49,1,10.9170305676856,16.3755458515284,17.8311499272198,36.3901018922853
42014,2005,occurrence,2303,10,15,19,1,4.34216239687364,6.51324359531047,8.25010855405992,43.4216239687364
42014,2005,residence,2589,15,23,29,1,5.79374275782155,8.88373889532638,11.201235998455,38.6249517188104
42014,2010,occurrence,2077,7,8,8,0,3.37024554646124,3.85170919595571,3.85170919595571,0
42014,2010,residence,2384,18,26,30,0,7.5503355704698,10.9060402684564,12.5838926174497,0
42014,2015,occurrence,2239,10,13,13,1,4.46627958910228,5.80616346583296,5.80616346583296,44.6627958910228
42014,2015,residence,2581,21,30,33,1,8.13638124757846,11.6234017822549,12.7857419604804,38.7446726075165
42015,2000,occurrence,5815,47,75,84,5,8.08254514187446,12.8976784178848,14.445399828031,85.9845227858985
42015,2000,residence,5739,48,79,89,4,8.36382645060115,13.7654643666144,15.5079282104896,69.6985537550096
42015,2005,occurrence,5244,25,31,38,1,4.7673531655225,5.9115179252479,7.2463768115942,19.06941266209
42015,2005,residence,5172,55,71,81,1,10.6341840680588,13.7277648878577,15.661252900232,19.3348801237432
42015,2010,occurrence,5125,23,36,52,3,4.48780487804878,7.02439024390244,10.1463414634146,58.5365853658537
42015,2010,residence,5049,34,48,64,3,6.73400673400673,9.5068330362448,12.6757773816597,59.41770647653
42015,2015,occurrence,5846,32,43,51,0,5.47382825863839,7.35545672254533,8.72391378720493,0
42015,2015,residence,5791,48,58,66,0,8.28872388188569,10.0155413572785,11.3969953375928,0
42016,2000,occurrence,4748,39,61,66,2,8.2139848357203,12.8475147430497,13.9005897219882,42.12299915754
42016,2000,residence,4650,46,76,85,2,9.89247311827957,16.3440860215054,18.2795698924731,43.010752688172
42016,2005,occurrence,4001,45,62,71,0,11.2471882029493,15.4961259685079,17.7455636090977,0
42016,2005,residence,4045,34,50,59,0,8.40543881334981,12.3609394313968,14.5859085290482,0
42016,2010,occurrence,4216,38,56,63,0,9.01328273244782,13.2827324478178,14.9430740037951,0
42016,2010,residence,4080,22,41,50,0,5.3921568627451,10.0490196078431,12.2549019607843,0
42016,2015,occurrence,4834,39,49,57,1,8.06785270997104,10.1365328920149,11.79147703765,20.6868018204386
42016,2015,residence,4595,34,47,56,1,7.3993471164309,10.2285092491839,12.1871599564744,21.7627856365615
43001,2000,occurrence,6721,63,110,134,3,9.37360511828597,16.366612111293,19.9375092992114,44.6362148489808
43001,2000,residence,6596,55,94,113,3,8.33838690115221,14.251061249242,17.1315949060036,45.4821103699212
43001,2005,occurrence,5632,65,98,111,4,11.5411931818182,17.4005681818182,19.7088068181818,71.0227272727273
43001,2005,residence,5485,51,74,82,4,9.29808568824066,13.4913400182315,14.9498632634458,72.926162260711
43001,2010,occurrence,5236,42,76,85,4,8.02139037433155,14.514896867838,16.2337662337662,76.3941940412529
43001,2010,residence,4996,36,64,69,3,7.20576461168935,12.8102481985588,13.8110488390713,60.0480384307446
43001,2015,occurrence,5674,27,42,54,1,4.75854776172013,7.4021854071202,9.51709552344025,17.6242509693338
43001,2015,residence,5230,27,35,44,1,5.16252390057361,6.69216061185469,8.41300191204589,19.1204588910134
43002,2000,occurrence,1941,19,30,32,0,9.78876867594024,15.4559505409583,16.4863472436888,0
43002,2000,residence,1992,25,39,44,0,12.5502008032129,19.5783132530121,22.0883534136546,0
43002,2005,occurrence,1377,9,11,12,0,6.5359477124183,7.98838053740015,8.71459694989107,0
43002,2005,residence,1458,21,23,25,0,14.40329218107,15.7750342935528,17.1467764060357,0
43002,2010,occurrence,1112,5,6,7,1,4.49640287769784,5.39568345323741,6.29496402877698,89.9280575539568
43002,2010,residence,1317,10,13,14,1,7.59301442672741,9.87091875474563,10.6302201974184,75.9301442672741
43002,2015,occurrence,962,6,8,8,0,6.23700623700624,8.31600831600832,8.31600831600832,0
43002,2015,residence,1329,10,14,15,0,7.52445447705041,10.5342362678706,11.2866817155756,0
43003,2000,occurrence,9363,141,200,234,5,15.0592758731176,21.3606749973299,24.991989746876,53.4016874933248
43003,2000,residence,9403,148,211,247,5,15.7396575560991,22.4396469211954,26.2682122726789,53.1745187706051
43003,2005,occurrence,7318,80,117,133,7,10.9319486198415,15.9879748565182,18.1743645804865,95.654550423613
43003,2005,residence,7394,98,141,164,8,13.2539897213957,19.0695158236408,22.1801460643765,108.195834460373
43003,2010,occurrence,6239,71,85,94,1,11.3800288507774,13.6239782016349,15.0665170700433,16.0282096489822
43003,2010,residence,6271,86,106,116,1,13.7139212246851,16.9032052304258,18.4978472332961,15.9464200287036
43003,2015,occurrence,6287,39,56,62,3,6.20327660251312,8.90726896771115,9.86161921425163,47.717512327024
43003,2015,residence,6378,48,70,80,3,7.52587017873942,10.975227343995,12.5431169645657,47.0366886171214
43004,2000,occurrence,2054,5,8,12,1,2.43427458617332,3.89483933787731,5.84225900681597,48.6854917234664
43004,2000,residence,2195,17,21,25,2,7.74487471526196,9.56719817767654,11.3895216400911,91.1161731207289
43004,2005,occurrence,1771,5,8,11,0,2.82326369282891,4.51722190852626,6.2111801242236,0
43004,2005,residence,1811,14,23,29,0,7.73053561568194,12.7001656543346,16.0132523467697,0
43004,2010,occurrence,1759,3,6,6,0,1.70551449687322,3.41102899374645,3.41102899374645,0
43004,2010,residence,1880,15,22,22,0,7.97872340425532,11.7021276595745,11.7021276595745,0
43004,2015,occurrence,2060,4,7,8,0,1.94174757281553,3.39805825242718,3.88349514563107,0
43004,2015,residence,2312,9,15,18,1,3.89273356401384,6.4878892733564,7.78546712802768,43.2525951557093
43005,2000,occurrence,2880,27,36,42,0,9.375,12.5,14.5833333333333,0
43005,2000,residence,3024,30,50,57,0,9.92063492063492,16.5343915343915,18.8492063492064,0
43005,2005,occurrence,2248,20,29,35,3,8.89679715302491,12.9003558718861,15.5693950177936,133.451957295374
43005,2005,residence,2613,16,30,43,5,6.12323000382702,11.4810562571757,16.4561806352851,191.350937619594
43005,2010,occurrence,2033,12,15,17,1,5.9026069847516,7.3782587309395,8.36202656173143,49.1883915395967
43005,2010,residence,2408,14,23,29,1,5.81395348837209,9.5514950166113,12.0431893687708,41.5282392026578
43005,2015,occurrence,2653,14,26,32,0,5.27704485488127,9.80022615906521,12.0618168111572,0
43005,2015,residence,3010,25,37,41,0,8.30564784053156,12.2923588039867,13.6212624584718,0
43006,2000,occurrence,3226,20,36,40,1,6.19962802231866,11.1593304401736,12.3992560446373,30.9981401115933
43006,2000,residence,3536,34,58,67,1,9.61538461538461,16.4027149321267,18.947963800905,28.2805429864253
43006,2005,occurrence,2734,7,12,14,1,2.56035113386979,4.38917337234821,5.12070226773958,36.5764447695684
43006,2005,residence,3237,24,43,49,4,7.41427247451344,13.2839048501699,15.1374729687983,123.571207908557
43006,2010,occurrence,2342,6,11,14,0,2.56191289496157,4.69684030742955,5.97779675491033,0
43006,2010,residence,2846,19,31,39,2,6.67603654251581,10.8924806746311,13.7034434293746,70.2740688685875
43006,2015,occurrence,2702,8,12,13,0,2.96076980014804,4.44115470022206,4.81125092524056,0
43006,2015,residence,2974,21,27,30,1,7.06119704102219,9.07868190988568,10.0874243443174,33.6247478143914
43007,2000,occurrence,12051,91,132,148,4,7.5512405609493,10.9534478466517,12.2811384947307,33.1922662019749
43007,2000,residence,12795,125,185,212,4,9.76944118796405,14.4587729581868,16.568972254787,31.262211801485
43007,2005,occurrence,10654,53,73,81,3,4.97465740566923,6.85188661535574,7.60277829923034,28.1584381452975
43007,2005,residence,11163,73,108,126,3,6.53946071844486,9.6748185971513,11.2872883633432,26.8744961031981
43007,2010,occurrence,9241,63,84,97,7,6.81744399956715,9.0899253327562,10.496699491397,75.7493777729683
43007,2010,residence,9842,83,118,138,6,8.43324527535054,11.9894330420646,14.0215403373298,60.9632188579557
43007,2015,occurrence,10432,66,93,101,1,6.32668711656442,8.9148773006135,9.68174846625767,9.58588957055215
43007,2015,residence,11112,91,127,139,2,8.18934485241181,11.4290856731461,12.5089992800576,17.9985601151908
43008,2000,occurrence,9625,40,74,88,5,4.15584415584416,7.68831168831169,9.14285714285714,51.948051948052
43008,2000,residence,12438,109,180,206,7,8.76346679530471,14.4717800289436,16.5621482553465,56.2791445570027
43008,2005,occurrence,8136,42,72,76,5,5.16224188790561,8.84955752212389,9.34119960668633,61.4552605703048
43008,2005,residence,10767,102,151,167,5,9.47339091668989,14.0243336119625,15.5103557165413,46.4381907680877
43008,2010,occurrence,7314,35,54,64,6,4.78534317746787,7.383100902379,8.75034181022696,82.0344544708778
43008,2010,residence,9818,63,86,105,6,6.4167854960277,8.75942147076798,10.6946424933795,61.1122428193115
43008,2015,occurrence,9125,48,72,79,8,5.26027397260274,7.89041095890411,8.65753424657534,87.6712328767123
43008,2015,residence,11491,82,124,146,9,7.13601949351667,10.7910538682447,12.7055956835785,78.3221651727439
43009,2000,occurrence,5101,25,42,54,3,4.90099980396001,8.23367967065281,10.5861595765536,58.8119976475201
43009,2000,residence,6673,51,87,106,4,7.64273939757231,13.0376142664469,15.8849093361307,59.9430540986063
43009,2005,occurrence,4076,10,24,28,0,2.45338567222767,5.88812561334642,6.86947988223749,0
43009,2005,residence,5364,47,73,86,2,8.76211782252051,13.6092468307233,16.0328113348248,37.2856077554064
43009,2010,occurrence,2337,5,13,18,1,2.13949507916132,5.56268720581943,7.70218228498074,42.7899015832264
43009,2010,residence,4687,21,37,46,5,4.48047791764455,7.89417537870706,9.81438020055473,106.678045658204
43009,2015,occurrence,2720,9,12,17,1,3.30882352941176,4.41176470588235,6.25,36.7647058823529
43009,2015,residence,5173,32,50,63,1,6.1859655905664,9.66557123526,12.1786197564276,19.33114247052
43010,2000,occurrence,45151,525,904,1081,18,11.6276494429802,20.0217049456269,23.9418839006888,39.8662266616465
43010,2000,residence,39215,329,577,689,14,8.38964681881933,14.7137574907561,17.5698074716308,35.7006247609333
43010,2005,occurrence,37487,425,694,823,19,11.3372635847094,18.5130845359725,21.9542774828607,50.6842372022301
43010,2005,residence,31716,231,393,442,10,7.28339008702232,12.3912220961029,13.9361836297137,31.5298272165469
43010,2010,occurrence,36686,337,549,661,16,9.18606552908467,14.9648367224554,18.0177724472551,43.6133674971379
43010,2010,residence,29647,202,325,383,10,6.81350558235235,10.9623233379431,12.9186764259453,33.7302256552096
43010,2015,occurrence,39556,380,573,688,13,9.60663363332996,14.4857922944686,17.3930629992921,32.8647992719183
43010,2015,residence,32550,208,296,354,9,6.39016897081413,9.0937019969278,10.8755760368664,27.6497695852535
43011,2000,occurrence,5007,46,62,72,1,9.18713800679049,12.382664270022,14.3798681845416,19.9720391451967
43011,2000,residence,5044,52,71,85,1,10.3092783505155,14.0761300555115,16.8517049960349,19.8255352894528
43011,2005,occurrence,3858,30,39,45,4,7.77604976671851,10.1088646967341,11.6640746500778,103.680663556247
43011,2005,residence,3862,39,53,62,4,10.0983946141895,13.7234593474883,16.053858104609,103.573278094252
43011,2010,occurrence,3373,35,46,50,1,10.3765194189149,13.6377112362882,14.8235991698784,29.6471983397569
43011,2010,residence,3321,27,42,49,1,8.13008130081301,12.646793134598,14.7545919903643,30.1114122252334
43011,2015,occurrence,3468,21,27,30,1,6.05536332179931,7.78546712802768,8.65051903114187,28.8350634371396
43011,2015,residence,3428,18,28,35,1,5.25087514585764,8.16802800466745,10.2100350058343,29.171528588098
43012,2000,occurrence,2504,27,37,47,2,10.7827476038339,14.776357827476,18.7699680511182,79.8722044728435
43012,2000,residence,2545,32,46,56,1,12.573673870334,18.0746561886051,22.0039292730845,39.2927308447937
43012,2005,occurrence,2105,15,20,24,0,7.12589073634204,9.50118764845606,11.4014251781473,0
43012,2005,residence,2145,26,34,39,0,12.1212121212121,15.8508158508159,18.1818181818182,0
43012,2010,occurrence,1987,5,9,11,1,2.51635631605435,4.52944136889784,5.53598389531958,50.3271263210871
43012,2010,residence,2009,13,18,20,0,6.47088103534097,8.95968143354903,9.95520159283226,0
43012,2015,occurrence,1885,10,12,14,0,5.30503978779841,6.36604774535809,7.42705570291777,0
43012,2015,residence,1968,15,20,24,0,7.6219512195122,10.1626016260163,12.1951219512195,0
43013,2000,occurrence,3705,23,30,38,1,6.20782726045884,8.09716599190283,10.2564102564103,26.9905533063428
43013,2000,residence,3636,33,43,55,1,9.07590759075908,11.8261826182618,15.1265126512651,27.5027502750275
43013,2005,occurrence,3044,29,40,47,1,9.526938239159,13.1406044678055,15.4402102496715,32.8515111695138
43013,2005,residence,3046,28,35,41,1,9.19238345370978,11.4904793171372,13.4602757715036,32.8299409061064
43013,2010,occurrence,2727,12,18,22,2,4.4004400440044,6.6006600660066,8.06747341400807,73.3406674000733
43013,2010,residence,2593,16,26,31,2,6.17045892788276,10.0269957578095,11.9552641727729,77.1307365985345
43013,2015,occurrence,2870,20,26,27,1,6.96864111498258,9.05923344947735,9.40766550522648,34.8432055749129
43013,2015,residence,2896,23,33,36,0,7.94198895027624,11.3950276243094,12.4309392265193,0
43014,2000,occurrence,3532,35,50,57,2,9.90939977349943,14.1562853907135,16.1381653454134,56.6251415628539
43014,2000,residence,3455,33,46,55,2,9.55137481910275,13.3140376266281,15.9189580318379,57.8871201157742
43014,2005,occurrence,2685,19,26,31,1,7.07635009310987,9.68342644320298,11.5456238361266,37.243947858473
43014,2005,residence,2634,26,36,43,1,9.87091875474563,13.6674259681093,16.3249810174639,37.9650721336371
43014,2010,occurrence,2352,9,16,18,0,3.8265306122449,6.80272108843537,7.6530612244898,0
43014,2010,residence,2344,19,28,32,0,8.10580204778157,11.9453924914676,13.6518771331058,0
43014,2015,occurrence,2627,25,34,37,1,9.51655881233346,12.9425199847735,14.0845070422535,38.0662352493338
43014,2015,residence,2627,28,38,42,1,10.6585458698135,14.4651693947469,15.9878188047202,38.0662352493338
43015,2000,occurrence,3412,25,42,47,1,7.32708089097304,12.3094958968347,13.7749120750293,29.3083235638921
43015,2000,residence,3582,32,52,58,1,8.93355667225014,14.5170295924065,16.1920714684534,27.9173646007817
43015,2005,occurrence,2537,20,26,31,1,7.88332676389436,10.2483247930627,12.2191564840363,39.4166338194718
43015,2005,residence,2559,33,42,48,1,12.8956623681125,16.4126611957796,18.757327080891,39.0777647518562
43015,2010,occurrence,2287,6,8,12,3,2.62352426759948,3.4980323567993,5.24704853519895,131.176213379974
43015,2010,residence,2134,13,18,24,3,6.09184629803187,8.4348641049672,11.2464854732896,140.58106841612
43015,2015,occurrence,2756,10,12,12,2,3.62844702467344,4.35413642960813,4.35413642960813,72.5689404934688
43015,2015,residence,2389,12,16,18,1,5.02302218501465,6.69736291335287,7.53453327752198,41.8585182084554
43016,2000,occurrence,3724,22,37,42,2,5.90762620837809,9.93555316863588,11.2781954887218,53.7056928034372
43016,2000,residence,3818,23,40,48,2,6.02409638554217,10.4766893661603,12.5720272393924,52.3834468308015
43016,2005,occurrence,2732,22,29,36,3,8.05270863836018,10.6149341142021,13.1771595900439,109.809663250366
43016,2005,residence,2827,25,41,49,3,8.84329678103997,14.5030067209056,17.3328616908383,106.11956137248
43016,2010,occurrence,2378,17,32,38,2,7.1488645920942,13.4566862910008,15.9798149705635,84.1042893187553
43016,2010,residence,2447,12,29,36,2,4.90396403759706,11.8512464241929,14.7118921127912,81.732733959951
43016,2015,occurrence,2836,12,21,22,1,4.23131170662905,7.40479548660085,7.7574047954866,35.2609308885755
43016,2015,residence,2805,17,31,33,2,6.06060606060606,11.0516934046346,11.7647058823529,71.301247771836
43017,2000,occurrence,6303,85,143,164,2,13.4856417578931,22.6876090750436,26.0193558622878,31.7309217832778
43017,2000,residence,5975,60,104,122,2,10.0418410041841,17.4058577405858,20.418410041841,33.4728033472803
43017,2005,occurrence,5544,89,112,131,5,16.0533910533911,20.2020202020202,23.6291486291486,90.1875901875902
43017,2005,residence,5098,47,67,79,2,9.21930168693605,13.1424087877599,15.4962730482542,39.2310710082385
43017,2010,occurrence,5428,55,73,84,7,10.132645541636,13.448784082535,15.4753131908622,128.960943257185
43017,2010,residence,4850,33,41,47,4,6.80412371134021,8.45360824742268,9.69072164948454,82.4742268041237
43017,2015,occurrence,6350,74,91,104,2,11.6535433070866,14.3307086614173,16.3779527559055,31.496062992126
43017,2015,residence,5592,51,63,68,0,9.12017167381974,11.2660944206009,12.1602288984263,0
43018,2000,occurrence,1907,12,21,25,0,6.29260618772942,11.0120608285265,13.1095962244363,0
43018,2000,residence,1912,17,32,38,0,8.89121338912134,16.7364016736402,19.8744769874477,0
43018,2005,occurrence,1496,8,13,15,1,5.3475935828877,8.68983957219251,10.0267379679144,66.8449197860963
43018,2005,residence,1550,18,20,24,2,11.6129032258065,12.9032258064516,15.4838709677419,129.032258064516
43018,2010,occurrence,1172,3,5,6,0,2.55972696245734,4.26621160409556,5.11945392491468,0
43018,2010,residence,1319,8,12,15,2,6.06520090978014,9.0978013646702,11.3722517058378,151.630022744503
43018,2015,occurrence,1393,8,10,10,0,5.74300071787509,7.17875089734386,7.17875089734386,0
43018,2015,residence,1629,17,19,22,1,10.4358502148557,11.6635972989564,13.5052179251074,61.3873542050338
43019,2000,occurrence,1772,12,19,26,1,6.77200902934537,10.7223476297968,14.6726862302483,56.4334085778781
43019,2000,residence,1950,21,31,37,2,10.7692307692308,15.8974358974359,18.974358974359,102.564102564103
43019,2005,occurrence,1488,12,12,15,0,8.06451612903226,8.06451612903226,10.0806451612903,0
43019,2005,residence,1753,20,26,31,1,11.4090131203651,14.8317170564746,17.6839703365659,57.0450656018254
43019,2010,occurrence,1082,6,9,10,0,5.5452865064695,8.31792975970425,9.24214417744917,0
43019,2010,residence,1391,21,28,30,1,15.0970524802301,20.1294033069734,21.5672178289001,71.8907260963336
43019,2015,occurrence,959,4,6,7,0,4.17101147028154,6.25651720542232,7.2992700729927,0
43019,2015,residence,1334,11,14,16,0,8.24587706146927,10.4947526236882,11.9940029985007,0
43020,2000,occurrence,2602,22,31,34,3,8.45503458877786,11.9139123750961,13.0668716372022,115.295926210607
43020,2000,residence,2792,27,39,46,4,9.67048710601719,13.9684813753582,16.4756446991404,143.266475644699
43020,2005,occurrence,2066,16,24,30,1,7.74443368828654,11.6166505324298,14.5208131655373,48.4027105517909
43020,2005,residence,2255,23,31,43,2,10.19955654102,13.7472283813747,19.0687361419069,88.6917960088692
43020,2010,occurrence,1549,4,10,12,0,2.5823111684958,6.45577792123951,7.74693350548741,0
43020,2010,residence,2021,10,18,21,1,4.9480455220188,8.90648193963384,10.3908955962395,49.480455220188
43020,2015,occurrence,1437,2,2,5,0,1.39178844815588,1.39178844815588,3.4794711203897,0
43020,2015,residence,2143,10,14,17,0,4.66635557629491,6.53289780681288,7.93280447970135,0
43021,2000,occurrence,14004,152,233,274,6,10.8540417023708,16.6381033990289,19.5658383319052,42.8449014567267
43021,2000,residence,14014,159,248,291,6,11.3457970600828,17.6965891251606,20.7649493363779,42.8143285286142
43021,2005,occurrence,11202,125,179,213,4,11.158721656847,15.9792894126049,19.0144617032673,35.7079093019104
43021,2005,residence,11271,136,198,238,4,12.0663650075415,17.5672078786266,21.1161387631976,35.4893088457102
43021,2010,occurrence,9874,88,132,145,6,8.91229491594086,13.3684423739113,14.6850313955844,60.7656471541422
43021,2010,residence,9956,87,135,154,6,8.73844917637605,13.5596625150663,15.4680594616312,60.265166733628
43021,2015,occurrence,10941,88,127,141,5,8.04314048076044,11.6077141029156,12.8873046339457,45.6996618225025
43021,2015,residence,11067,104,147,168,5,9.39730731002078,13.2827324478178,15.180265654649,45.1793620674076
43022,2000,occurrence,3200,56,81,86,0,17.5,25.3125,26.875,0
43022,2000,residence,3292,48,71,74,0,14.5808019441069,21.5674362089915,22.4787363304982,0
43022,2005,occurrence,2742,40,57,66,4,14.5878920495988,20.7877461706783,24.0700218818381,145.878920495988
43022,2005,residence,2765,26,40,50,3,9.40325497287523,14.4665461121157,18.0831826401447,108.499095840868
43022,2010,occurrence,2424,21,27,33,2,8.66336633663366,11.1386138613861,13.6138613861386,82.5082508250825
43022,2010,residence,2400,15,21,27,2,6.25,8.75,11.25,83.3333333333333
43022,2015,occurrence,2431,35,41,43,2,14.3973673385438,16.8654874537227,17.6881941587824,82.2706705059646
43022,2015,residence,2404,28,32,36,2,11.6472545757072,13.3111480865225,14.9750415973378,83.1946755407654
43023,2000,occurrence,7942,81,122,145,4,10.1989423319063,15.3613699320071,18.2573659027953,50.3651473180559
43023,2000,residence,7435,61,90,107,4,8.2044384667115,12.1049092131809,14.3913920645595,53.7995965030262
43023,2005,occurrence,7780,106,143,160,3,13.6246786632391,18.3804627249357,20.5655526992288,38.560411311054
43023,2005,residence,7260,82,105,120,2,11.2947658402204,14.4628099173554,16.5289256198347,27.5482093663912
43023,2010,occurrence,7925,88,119,135,4,11.1041009463722,15.0157728706625,17.0347003154574,50.4731861198738
43023,2010,residence,7277,72,90,107,4,9.89418716504054,12.3677339563007,14.7038614813797,54.9677064724475
43023,2015,occurrence,8867,73,92,103,2,8.23277320401489,10.3755497913612,11.6161046577196,22.5555430246983
43023,2015,residence,8092,54,74,87,2,6.67325753830944,9.14483440434998,10.7513593672763,24.7157686604053
43024,2000,occurrence,1681,13,20,22,1,7.73349196906603,11.8976799524093,13.0874479476502,59.4883997620464
43024,2000,residence,1783,14,22,27,1,7.85193494111049,12.3387549074593,15.1430173864274,56.0852495793606
43024,2005,occurrence,1397,9,15,17,0,6.44237652111668,10.7372942018611,12.168933428776,0
43024,2005,residence,1507,18,30,35,0,11.9442601194426,19.907100199071,23.2249502322495,0
43024,2010,occurrence,1205,3,7,9,0,2.4896265560166,5.80912863070539,7.46887966804979,0
43024,2010,residence,1305,15,25,29,0,11.4942528735632,19.1570881226054,22.2222222222222,0
43024,2015,occurrence,1388,6,8,8,0,4.32276657060519,5.76368876080692,5.76368876080692,0
43024,2015,residence,1495,14,16,16,0,9.36454849498328,10.7023411371237,10.7023411371237,0
43025,2000,occurrence,2975,20,27,31,1,6.72268907563025,9.07563025210084,10.4201680672269,33.6134453781513
43025,2000,residence,3088,13,22,25,1,4.20984455958549,7.12435233160622,8.09585492227979,32.3834196891192
43025,2005,occurrence,2798,13,19,22,0,4.64617583988563,6.79056468906362,7.86275911365261,0
43025,2005,residence,2917,19,28,30,1,6.51354130956462,9.59890298251628,10.2845389098389,34.2817963661296
43025,2010,occurrence,2802,17,26,29,1,6.06709493219129,9.2790863668808,10.349750178444,35.6887937187723
43025,2010,residence,2937,21,31,34,1,7.15015321756895,10.554988083078,11.5764385427307,34.0483486550902
43025,2015,occurrence,3679,26,32,37,0,7.06713780918728,8.69801576515357,10.0570807284588,0
43025,2015,residence,3831,28,34,39,0,7.30879665883581,8.87496737144349,10.1801096319499,0
43026,2000,occurrence,1739,5,7,11,0,2.87521564117309,4.02530189764232,6.32547441058079,0
43026,2000,residence,2138,15,26,32,0,7.01590271281572,12.1608980355472,14.9672591206735,0
43026,2005,occurrence,1580,2,4,4,0,1.26582278481013,2.53164556962025,2.53164556962025,0
43026,2005,residence,1895,14,21,24,0,7.38786279683377,11.0817941952507,12.664907651715,0
43026,2010,occurrence,1441,0,4,6,0,0,2.77585010409438,4.16377515614157,0
43026,2010,residence,1871,7,16,20,0,3.74131480491716,8.5515766969535,10.6894708711919,0
43026,2015,occurrence,1691,3,3,5,1,1.77409816676523,1.77409816676523,2.95683027794205,59.1366055588409
43026,2015,residence,2282,9,17,21,2,3.94390885188431,7.44960560911481,9.20245398773006,87.6424189307625
43027,2000,occurrence,3424,18,25,31,4,5.25700934579439,7.30140186915888,9.05373831775701,116.822429906542
43027,2000,residence,3413,28,45,55,3,8.20392616466452,13.184881336068,16.1148549663053,87.8992089071199
43027,2005,occurrence,2956,23,37,40,1,7.7807848443843,12.5169147496617,13.531799729364,33.82949932341
43027,2005,residence,2886,26,45,50,1,9.00900900900901,15.5925155925156,17.3250173250173,34.6500346500347
43027,2010,occurrence,2327,14,22,25,1,6.01633003867641,9.45423291792007,10.7434464976364,42.9737859905458
43027,2010,residence,2353,13,26,31,2,5.52486187845304,11.0497237569061,13.1746706332342,84.9978750531237
43027,2015,occurrence,2423,12,17,21,0,4.95253817581511,7.0160957490714,8.66694180767643,0
43027,2015,residence,2407,19,28,32,0,7.89364353967595,11.6327378479435,13.2945575405069,0
43028,2000,occurrence,4885,49,80,88,4,10.0307062436029,16.3766632548618,18.014329580348,81.8833162743091
43028,2000,residence,4991,57,94,105,5,11.4205570026047,18.8339010218393,21.0378681626928,100.180324584252
43028,2005,occurrence,4171,36,53,61,2,8.63102373531527,12.7067849436586,14.6247902181731,47.9501318628626
43028,2005,residence,4297,41,62,72,3,9.54154060972772,14.4286711659297,16.7558761926926,69.8161508028857
43028,2010,occurrence,3348,12,16,22,2,3.584229390681,4.77897252090801,6.57108721624851,59.7371565113501
43028,2010,residence,3575,25,30,39,2,6.99300699300699,8.39160839160839,10.9090909090909,55.944055944056
43028,2015,occurrence,3989,18,29,34,2,4.51240912509401,7.26999247931813,8.52343945851091,50.1378791677112
43028,2015,residence,4103,23,39,45,2,5.60565439922008,9.50524006824275,10.9675846941262,48.7448208627833
43029,2000,occurrence,2608,24,33,36,0,9.20245398773006,12.6533742331288,13.8036809815951,0
43029,2000,residence,2547,25,32,39,0,9.81546917942678,12.5638005496663,15.3121319199058,0
43029,2005,occurrence,2371,13,20,21,3,5.48291859974694,8.43525938422607,8.85702235343737,126.528890763391
43029,2005,residence,2312,18,27,33,3,7.78546712802768,11.6782006920415,14.2733564013841,129.757785467128
43029,2010,occurrence,2140,12,17,17,1,5.60747663551402,7.94392523364486,7.94392523364486,46.7289719626168
43029,2010,residence,2079,13,23,25,0,6.25300625300625,11.0630110630111,12.025012025012,0
43029,2015,occurrence,2602,17,23,27,0,6.53343581860108,8.83935434281322,10.3766333589547,0
43029,2015,residence,2657,19,27,32,0,7.15092209258562,10.1618366578848,12.0436582611968,0
43030,2000,occurrence,1430,8,10,12,1,5.59440559440559,6.99300699300699,8.39160839160839,69.9300699300699
43030,2000,residence,1442,13,20,25,0,9.01525658807212,13.869625520111,17.3370319001387,0
43030,2005,occurrence,1318,12,13,18,1,9.10470409711684,9.86342943854325,13.6570561456753,75.8725341426404
43030,2005,residence,1352,8,13,18,2,5.91715976331361,9.61538461538461,13.3136094674556,147.92899408284
43030,2010,occurrence,1304,11,14,19,0,8.43558282208589,10.7361963190184,14.5705521472393,0
43030,2010,residence,1349,5,10,13,1,3.70644922164566,7.41289844329133,9.63676797627872,74.1289844329133
43030,2015,occurrence,1652,10,11,11,1,6.05326876513317,6.65859564164649,6.65859564164649,60.5326876513317
43030,2015,residence,1651,13,16,17,1,7.8740157480315,9.69109630526953,10.2967898243489,60.5693519079346
50001,2000,occurrence,21504,302,451,541,6,14.0438988095238,20.9728422619048,25.1581101190476,27.9017857142857
50001,2000,residence,21645,273,403,481,7,12.6126126126126,18.6186186186186,22.2222222222222,32.3400323400323
50001,2005,occurrence,21584,261,391,471,14,12.092290585619,18.1152705707932,21.8217197924388,64.8628613787991
50001,2005,residence,21588,234,348,422,15,10.8393551973319,16.1200667037243,19.5478969798036,69.4830461367426
50001,2010,occurrence,21471,215,328,391,12,10.0135065902846,15.2764193563411,18.2106096595408,55.889339108565
50001,2010,residence,21447,195,296,352,12,9.09218072457686,13.8014640742295,16.4125518720567,55.9518813820115
50001,2015,occurrence,23644,192,283,333,12,8.12045339198105,11.9692099475554,14.0839113517171,50.7528336998816
50001,2015,residence,23689,169,250,292,12,7.1341128793955,10.5534214192241,12.3263962176538,50.6564228122758
50002,2000,occurrence,2624,69,96,104,1,26.2957317073171,36.5853658536585,39.6341463414634,38.109756097561
50002,2000,residence,2641,69,96,105,1,26.1264672472548,36.3498674744415,39.7576675501704,37.8644452858766
50002,2005,occurrence,2410,41,50,54,2,17.0124481327801,20.746887966805,22.4066390041494,82.9875518672199
50002,2005,residence,2421,44,54,60,2,18.1743081371334,22.3048327137546,24.7831474597274,82.6104915324246
50002,2010,occurrence,2342,33,41,47,5,14.0905209222886,17.5064047822374,20.068317677199,213.492741246798
50002,2010,residence,2358,34,42,49,5,14.4189991518236,17.8117048346056,20.7803223070399,212.044105173876
50002,2015,occurrence,2308,35,42,45,3,15.1646447140381,18.1975736568458,19.4974003466205,129.98266897747
50002,2015,residence,2345,38,47,52,4,16.2046908315565,20.0426439232409,22.1748400852879,170.575692963753
50003,2000,occurrence,12711,210,345,436,5,16.5211234363937,27.1418456455039,34.3009991346078,39.3360081818897
50003,2000,residence,12670,235,380,485,6,18.5477505919495,29.9921073401736,38.2794001578532,47.3559589581689
50003,2005,occurrence,13619,181,291,374,8,13.2902562596373,21.3672075776489,27.4616344812395,58.7414641309935
50003,2005,residence,13640,203,325,412,7,14.8826979472141,23.8269794721408,30.2052785923754,51.3196480938417
50003,2010,occurrence,12515,151,226,278,12,12.0655213743508,18.0583300039952,22.2133439872153,95.8849380743108
50003,2010,residence,12612,160,242,300,12,12.686330478909,19.1880748493498,23.7868696479543,95.1474785918173
50003,2015,occurrence,13807,103,167,207,13,7.45998406605345,12.095313971174,14.9923951618744,94.155138697762
50003,2015,residence,13873,107,181,224,13,7.71282347004974,13.0469256829813,16.1464715634686,93.7072010379875
50004,2000,occurrence,3522,53,71,80,1,15.0482680295287,20.1590005678592,22.7143668370244,28.3929585462805
50004,2000,residence,3532,60,84,99,1,16.9875424688562,23.7825594563986,28.0294450736127,28.312570781427
50004,2005,occurrence,3512,36,55,63,4,10.250569476082,15.6605922551253,17.9384965831435,113.895216400911
50004,2005,residence,3775,46,74,87,5,12.1854304635762,19.6026490066225,23.046357615894,132.450331125828
50004,2010,occurrence,3477,11,24,27,1,3.16364682197297,6.90250215703192,7.76531492666091,28.7604256542997
50004,2010,residence,3714,28,51,61,1,7.53904146472806,13.7318255250404,16.4243403338718,26.9251480883145
50004,2015,occurrence,3906,16,23,30,2,4.09626216077829,5.88837685611879,7.68049155145929,51.2032770097286
50004,2015,residence,4235,40,53,62,2,9.44510035419126,12.5147579693034,14.6399055489965,47.2255017709563
51001,2000,occurrence,1793,25,40,49,2,13.9431121026213,22.3089793641941,27.3284997211378,111.54489682097
51001,2000,residence,1777,28,44,54,2,15.7568936409679,24.7608328643782,30.3882948790096,112.549240292628
51001,2005,occurrence,1836,17,31,36,3,9.25925925925926,16.8845315904139,19.6078431372549,163.398692810458
51001,2005,residence,1821,26,40,47,4,14.277869302581,21.9659527732015,25.8099945085118,219.659527732015
51001,2010,occurrence,1490,15,18,20,0,10.0671140939597,12.0805369127517,13.4228187919463,0
51001,2010,residence,1513,16,20,23,0,10.5750165234633,13.2187706543291,15.2015862524785,0
51001,2015,occurrence,1534,11,16,18,2,7.17079530638853,10.4302477183833,11.7340286831812,130.378096479791
51001,2015,residence,1605,17,29,32,2,10.5919003115265,18.0685358255452,19.9376947040498,124.610591900312
51002,2000,occurrence,16245,318,492,578,13,19.5752539242844,30.286241920591,35.5801785164666,80.0246229609111
51002,2000,residence,15999,228,360,434,7,14.2508906806675,22.5014063378961,27.1266954184637,43.7527345459091
51002,2005,occurrence,16266,292,473,552,21,17.9515553916144,29.0790606172384,33.935817041682,129.103651789008
51002,2005,residence,15918,179,294,351,15,11.2451312979017,18.4696569920844,22.0505088578967,94.2329438371655
51002,2010,occurrence,15810,249,367,424,12,15.7495256166983,23.213156230234,26.8184693232132,75.9013282732448
51002,2010,residence,15199,148,223,260,7,9.73748272912692,14.6720178959142,17.1063885781959,46.0556615566814
51002,2015,occurrence,18145,237,348,407,18,13.0614494351061,19.1788371452191,22.4304216037476,99.2008817856159
51002,2015,residence,17163,175,245,287,16,10.196352619006,14.2748936666084,16.7220182951698,93.2237953737692
51003,2000,occurrence,1180,19,32,39,0,16.1016949152542,27.1186440677966,33.0508474576271,0
51003,2000,residence,1197,20,33,41,0,16.7084377610693,27.5689223057644,34.2522974101922,0
51003,2005,occurrence,1264,10,16,21,3,7.91139240506329,12.6582278481013,16.6139240506329,237.341772151899
51003,2005,residence,1287,14,26,33,3,10.8780108780109,20.2020202020202,25.6410256410256,233.100233100233
51003,2010,occurrence,1129,6,9,12,0,5.31443755535872,7.97165633303809,10.6288751107174,0
51003,2010,residence,1174,11,14,17,0,9.36967632027257,11.9250425894378,14.4804088586031,0
51003,2015,occurrence,1158,6,6,10,1,5.18134715025907,5.18134715025907,8.63557858376511,86.3557858376511
51003,2015,residence,1224,10,12,15,1,8.16993464052288,9.80392156862745,12.2549019607843,81.6993464052288
51004,2000,occurrence,1624,23,31,36,1,14.1625615763547,19.0886699507389,22.1674876847291,61.576354679803
51004,2000,residence,1595,39,49,59,1,24.4514106583072,30.7210031347962,36.9905956112853,62.6959247648903
51004,2005,occurrence,1483,12,19,24,0,8.09170600134862,12.8118678354686,16.1834120026972,0
51004,2005,residence,1512,17,36,40,0,11.2433862433862,23.8095238095238,26.4550264550265,0
51004,2010,occurrence,1146,4,10,13,1,3.49040139616056,8.7260034904014,11.3438045375218,87.260034904014
51004,2010,residence,1307,13,21,25,1,9.94644223412395,16.0673297628156,19.1277735271614,76.5110941086458
51004,2015,occurrence,1057,6,7,9,0,5.67644276253548,6.62251655629139,8.51466414380322,0
51004,2015,residence,1374,14,23,26,0,10.1892285298399,16.7394468704512,18.9228529839884,0
51005,2000,occurrence,1802,24,37,47,0,13.3185349611543,20.5327413984462,26.0821309655938,0
51005,2000,residence,1905,23,44,61,0,12.0734908136483,23.0971128608924,32.0209973753281,0
51005,2005,occurrence,1782,24,40,49,1,13.4680134680135,22.4466891133558,27.4971941638608,56.1167227833895
51005,2005,residence,1718,34,54,68,0,19.790454016298,31.4318975552969,39.580908032596,0
51005,2010,occurrence,1639,23,46,75,1,14.032946918853,28.0658938377059,45.7596095179988,61.012812690665
51005,2010,residence,1584,31,60,94,2,19.5707070707071,37.8787878787879,59.3434343434344,126.262626262626
51005,2015,occurrence,2221,12,23,42,1,5.40297163439892,10.3556956325979,18.9104007203962,45.024763619991
51005,2015,residence,2175,16,39,72,1,7.35632183908046,17.9310344827586,33.1034482758621,45.9770114942529
51006,2000,occurrence,985,8,11,17,1,8.12182741116751,11.1675126903553,17.258883248731,101.522842639594
51006,2000,residence,988,13,25,33,1,13.1578947368421,25.3036437246964,33.4008097165992,101.214574898785
51006,2005,occurrence,1037,11,16,21,0,10.6075216972035,15.4291224686596,20.2507232401157,0
51006,2005,residence,1075,18,29,40,1,16.7441860465116,26.9767441860465,37.2093023255814,93.0232558139535
51006,2010,occurrence,1106,3,6,11,0,2.7124773960217,5.4249547920434,9.94575045207957,0
51006,2010,residence,1170,10,23,31,0,8.54700854700855,19.6581196581197,26.4957264957265,0
51006,2015,occurrence,1811,10,36,62,1,5.52181115405853,19.8785201546107,34.2352291551629,55.2181115405853
51006,2015,residence,1811,21,43,63,1,11.5958034235229,23.7437879624517,34.7874102705688,55.2181115405853
51007,2000,occurrence,3045,29,45,55,3,9.52380952380952,14.7783251231527,18.0623973727422,98.5221674876847
51007,2000,residence,3075,48,72,83,4,15.609756097561,23.4146341463415,26.9918699186992,130.081300813008
51007,2005,occurrence,3498,25,40,44,2,7.14694110920526,11.4351057747284,12.5786163522013,57.1755288736421
51007,2005,residence,3617,46,70,76,2,12.7177218689522,19.3530550179707,21.0118883052253,55.2944429084877
51007,2010,occurrence,3547,22,28,37,2,6.20242458415562,7.89399492528898,10.431350436989,56.3856780377784
51007,2010,residence,3578,28,43,54,2,7.82560089435439,12.0178870877585,15.0922302962549,55.8971492453885
51007,2015,occurrence,3813,56,75,81,1,14.686598478888,19.669551534225,21.243115656963,26.2260687123
51007,2015,residence,3919,49,70,78,1,12.5031895891809,17.8616994131156,19.9030364889002,25.516713447308
51008,2000,occurrence,1934,20,33,39,2,10.3412616339193,17.0630816959669,20.1654601861427,103.412616339193
51008,2000,residence,2042,21,37,43,3,10.2840352595495,18.1194906953967,21.0577864838394,146.914789422135
51008,2005,occurrence,2487,30,39,46,2,12.0627261761158,15.6815440289505,18.4961801367109,80.4181745074387
51008,2005,residence,2546,39,56,66,2,15.3181461115475,21.9952867242734,25.923016496465,78.5545954438335
51008,2010,occurrence,2172,16,23,28,0,7.36648250460405,10.5893186003683,12.8913443830571,0
51008,2010,residence,2197,25,38,44,2,11.3791533909877,17.2963131543013,20.0273099681384,91.0332271279017
51008,2015,occurrence,2115,15,21,23,2,7.09219858156028,9.9290780141844,10.8747044917258,94.5626477541371
51008,2015,residence,2159,22,31,34,3,10.1899027327466,14.3584993052339,15.748031496063,138.953219082909
51009,2000,occurrence,307,0,1,1,0,0,3.25732899022801,3.25732899022801,0
51009,2000,residence,331,1,3,3,0,3.02114803625378,9.06344410876133,9.06344410876133,0
51009,2005,occurrence,403,4,6,7,1,9.92555831265509,14.8883374689826,17.3697270471464,248.138957816377
51009,2005,residence,394,5,7,9,1,12.6903553299492,17.7664974619289,22.8426395939086,253.807106598985
51009,2010,occurrence,239,2,3,3,0,8.36820083682008,12.5523012552301,12.5523012552301,0
51009,2010,residence,232,4,5,6,0,17.2413793103448,21.551724137931,25.8620689655172,0
51009,2015,occurrence,157,0,2,3,0,0,12.7388535031847,19.1082802547771,0
51009,2015,residence,235,1,4,5,0,4.25531914893617,17.0212765957447,21.2765957446809,0
51010,2000,occurrence,1233,28,34,39,1,22.7088402270884,27.5750202757502,31.6301703163017,81.10300081103
51010,2000,residence,1244,25,31,37,1,20.096463022508,24.91961414791,29.7427652733119,80.3858520900322
51010,2005,occurrence,1206,17,28,33,1,14.0961857379768,23.2172470978441,27.363184079602,82.9187396351576
51010,2005,residence,1215,20,29,33,0,16.4609053497942,23.8683127572017,27.1604938271605,0
51010,2010,occurrence,1150,7,15,16,4,6.08695652173913,13.0434782608696,13.9130434782609,347.826086956522
51010,2010,residence,992,8,17,19,3,8.06451612903226,17.1370967741936,19.1532258064516,302.41935483871
51010,2015,occurrence,1787,10,13,15,0,5.59597090095132,7.27476217123671,8.39395635142697,0
51010,2015,residence,1141,9,11,11,0,7.88781770376862,9.64066608238387,9.64066608238387,0
51011,2000,occurrence,3805,63,82,93,3,16.557161629435,21.5505913272011,24.4415243101183,78.8436268068331
51011,2000,residence,3769,66,89,100,4,17.5112762005837,23.6136906341205,26.5322366675511,106.128946670204
51011,2005,occurrence,3678,51,60,66,2,13.8662316476346,16.3132137030995,17.9445350734095,54.3773790103317
51011,2005,residence,3566,49,65,76,3,13.7408861469434,18.2277061132922,21.312394840157,84.127874369041
51011,2010,occurrence,2836,23,32,37,2,8.11001410437236,11.2834978843441,13.0465444287729,70.5218617771509
51011,2010,residence,2753,22,28,39,2,7.99128223755903,10.1707228478024,14.1663639665819,72.6480203414457
51011,2015,occurrence,3314,35,53,60,6,10.5612552806276,15.992757996379,18.1050090525045,181.050090525045
51011,2015,residence,3079,26,36,43,5,8.44430009743423,11.6921078272166,13.9655732380643,162.39038648912
51012,2000,occurrence,1721,20,27,32,1,11.6211504938989,15.6885531667635,18.5938407902382,58.1057524694945
51012,2000,residence,1844,30,39,46,2,16.2689804772234,21.1496746203905,24.9457700650759,108.459869848156
51012,2005,occurrence,1604,12,20,26,1,7.48129675810474,12.4688279301746,16.2094763092269,62.3441396508728
51012,2005,residence,1845,21,31,38,2,11.3821138211382,16.8021680216802,20.5962059620596,108.40108401084
51012,2010,occurrence,1532,9,14,19,0,5.87467362924282,9.13838120104439,12.402088772846,0
51012,2010,residence,1812,20,30,39,0,11.037527593819,16.5562913907285,21.523178807947,0
51012,2015,occurrence,1492,9,11,14,1,6.03217158176944,7.37265415549598,9.38337801608579,67.0241286863271
51012,2015,residence,1965,23,35,40,2,11.704834605598,17.8117048346056,20.3562340966921,101.781170483461
51013,2000,occurrence,6722,85,109,126,2,12.645046117227,16.2154120797382,18.7444213031836,29.753049687593
51013,2000,residence,6692,111,148,171,3,16.5869695158398,22.1159593544531,25.5528989838613,44.8296473401076
51013,2005,occurrence,7549,47,67,76,5,6.22599019737714,8.87534772817592,10.0675586170354,66.2339382699695
51013,2005,residence,7634,74,113,125,6,9.69347655226618,14.8022006811632,16.3741157977469,78.5957558291852
51013,2010,occurrence,7287,54,76,90,8,7.41045697818032,10.4295320433649,12.3507616303005,109.784547824894
51013,2010,residence,7482,71,104,119,7,9.4894413258487,13.9000267308206,15.9048382785352,93.5578722266774
51013,2015,occurrence,8604,59,72,90,6,6.85727568572757,8.36820083682008,10.4602510460251,69.7350069735007
51013,2015,residence,8742,76,99,124,6,8.69366277739648,11.3246396705559,14.1843971631206,68.6341798215511
51014,2000,occurrence,4387,49,68,81,3,11.1693640300889,15.500341919307,18.463642580351,68.3838614087076
51014,2000,residence,4446,55,82,95,3,12.3706702654071,18.4435447593342,21.3675213675214,67.476383265857
51014,2005,occurrence,5699,35,52,62,1,6.14142832075803,9.1244077908405,10.8791015967714,17.5469380593087
51014,2005,residence,5725,50,74,89,2,8.73362445414847,12.9257641921397,15.5458515283843,34.9344978165939
51014,2010,occurrence,5684,26,41,53,3,4.57424349049965,7.21323011963406,9.32441942294159,52.7797325826883
51014,2010,residence,5790,48,76,89,6,8.29015544041451,13.126079447323,15.3713298791019,103.626943005181
51014,2015,occurrence,7378,36,58,76,4,4.87937110328002,7.86120899972892,10.3008945513689,54.2152344808891
51014,2015,residence,7755,44,73,93,4,5.67375886524823,9.41328175370729,11.9922630560928,51.5796260477112
51015,2000,occurrence,1836,25,40,43,1,13.6165577342048,21.7864923747277,23.4204793028322,54.4662309368192
51015,2000,residence,1781,35,50,55,1,19.6518809657496,28.0741156653565,30.8815272318922,56.1482313307131
51015,2005,occurrence,1656,11,16,18,0,6.64251207729469,9.66183574879227,10.8695652173913,0
51015,2005,residence,1645,18,27,29,1,10.9422492401216,16.4133738601824,17.629179331307,60.790273556231
51015,2010,occurrence,1253,9,14,17,0,7.18276137270551,11.1731843575419,13.5674381484437,0
51015,2010,residence,1296,13,22,27,1,10.0308641975309,16.9753086419753,20.8333333333333,77.1604938271605
51015,2015,occurrence,1276,9,13,16,0,7.05329153605016,10.1880877742947,12.5391849529781,0
51015,2015,residence,1502,13,20,26,0,8.65512649800266,13.3155792276964,17.3102529960053,0
51016,2000,occurrence,782,9,11,13,0,11.5089514066496,14.0664961636829,16.6240409207161,0
51016,2000,residence,781,10,14,16,1,12.8040973111396,17.9257362355954,20.4865556978233,128.040973111396
51016,2005,occurrence,870,7,9,12,1,8.04597701149425,10.3448275862069,13.7931034482759,114.942528735632
51016,2005,residence,886,9,12,15,1,10.1580135440181,13.5440180586907,16.9300225733634,112.866817155756
51016,2010,occurrence,802,5,6,6,0,6.23441396508728,7.48129675810474,7.48129675810474,0
51016,2010,residence,848,13,15,19,0,15.3301886792453,17.688679245283,22.4056603773585,0
51016,2015,occurrence,755,2,4,4,0,2.64900662251656,5.29801324503311,5.29801324503311,0
51016,2015,residence,822,8,11,11,0,9.7323600973236,13.38199513382,13.38199513382,0
52001,2000,occurrence,32205,481,766,910,15,14.9355690110231,23.785126533147,28.2564819127465,46.5766185374942
52001,2000,residence,24932,256,387,458,12,10.2679287662442,15.5222204395957,18.3699663083587,48.1309160917696
52001,2005,occurrence,29871,546,785,902,17,18.2785979712765,26.2796692444177,30.1965116668341,56.9113856248535
52001,2005,residence,24246,250,336,389,10,10.3109791305782,13.8579559514972,16.0438835271797,41.243916522313
52001,2010,occurrence,31529,500,699,818,17,15.8584160614038,22.1700656538425,25.9443686764566,53.9186146087729
52001,2010,residence,24274,237,312,384,11,9.76353299826975,12.8532586306336,15.8193952377029,45.3159759413364
52001,2015,occurrence,37793,535,710,802,21,14.1560606461514,18.7865477733972,21.2208610060064,55.5658455269494
52001,2015,residence,28359,229,306,350,10,8.07503790683734,10.7902253252936,12.3417609929828,35.2621742656652
52002,2000,occurrence,5438,53,76,88,2,9.74623023170283,13.975726369989,16.1824200073556,36.7782272894447
52002,2000,residence,12100,124,187,217,2,10.2479338842975,15.4545454545455,17.9338842975207,16.5289256198347
52002,2005,occurrence,7734,70,93,107,0,9.05094388414792,12.0248254460822,13.8350142229118,0
52002,2005,residence,11982,135,192,222,3,11.2669003505258,16.0240360540811,18.5277916875313,25.0375563345018
52002,2010,occurrence,6513,38,55,70,0,5.83448487640104,8.44464916321204,10.7477352986335,0
52002,2010,residence,11759,110,159,184,2,9.35453695042095,13.5215579556085,15.6475890807041,17.0082490007654
52002,2015,occurrence,7111,40,60,73,5,5.62508789199831,8.43763183799747,10.2657854028969,70.3135986499789
52002,2015,residence,13793,136,187,223,8,9.86007395055463,13.5576016820126,16.1676212571594,58.0004350032625
52003,2000,occurrence,3948,22,33,41,0,5.57244174265451,8.35866261398176,10.3850050658561,0
52003,2000,residence,4412,48,76,90,0,10.8794197642792,17.2257479601088,20.3989120580236,0
52003,2005,occurrence,3271,13,24,34,0,3.97431977988383,7.33720574747784,10.3943748089269,0
52003,2005,residence,3599,33,51,64,4,9.16921367046402,14.1706029452626,17.782717421506,111.141983884412
52003,2010,occurrence,2871,14,18,24,1,4.87634970393591,6.26959247648903,8.3594566353187,34.8310693138279
52003,2010,residence,3440,38,55,67,4,11.046511627907,15.9883720930233,19.4767441860465,116.279069767442
52003,2015,occurrence,3453,18,23,30,2,5.2128583840139,6.66087460179554,8.68809730668984,57.9206487112656
52003,2015,residence,4063,34,44,51,3,8.36820083682008,10.8294363770613,12.5523012552301,73.837066207236
52004,2000,occurrence,4096,17,42,56,0,4.150390625,10.25390625,13.671875,0
52004,2000,residence,12709,123,201,241,1,9.67818081674404,15.8155637737037,18.9629396490676,7.86843968840979
52004,2005,occurrence,4186,13,45,61,0,3.1055900621118,10.7501194457716,14.5723841376015,0
52004,2005,residence,12840,105,177,219,2,8.17757009345795,13.785046728972,17.0560747663551,15.5763239875389
52004,2010,occurrence,2079,4,13,25,0,1.92400192400192,6.25300625300625,12.025012025012,0
52004,2010,residence,11570,95,134,165,12,8.21089023336214,11.5816767502161,14.2610198789974,103.71650821089
52004,2015,occurrence,1978,9,20,27,0,4.55005055611729,10.1112234580384,13.6501516683519,0
52004,2015,residence,13538,105,151,172,8,7.7559462254395,11.1537893337273,12.7049785788152,59.0929236223962
52005,2000,occurrence,3127,31,33,38,0,9.9136552606332,10.5532459226095,12.1522225775504,0
52005,2000,residence,3238,42,52,61,1,12.970969734404,16.059295861643,18.8387893761581,30.8832612723904
52005,2005,occurrence,3358,17,20,24,0,5.06253722453842,5.95592614651578,7.14711137581894,0
52005,2005,residence,3570,39,54,63,0,10.9243697478992,15.1260504201681,17.6470588235294,0
52005,2010,occurrence,3156,5,8,15,0,1.58428390367554,2.53485424588086,4.75285171102662,0
52005,2010,residence,3474,25,42,49,1,7.19631548647093,12.0898100172712,14.104778353483,28.7852619458837
52005,2015,occurrence,3641,14,15,23,3,3.84509750068662,4.11974732216424,6.31694589398517,82.3949464432848
52005,2015,residence,4024,41,50,58,3,10.1888667992048,12.4254473161034,14.4135188866799,74.5526838966203
52006,2000,occurrence,843,1,3,5,0,1.18623962040332,3.55871886120996,5.93119810201661,0
52006,2000,residence,849,2,5,8,0,2.35571260306243,5.88928150765607,9.4228504122497,0
52006,2005,occurrence,961,7,12,13,0,7.2840790842872,12.4869927159209,13.5275754422477,0
52006,2005,residence,950,8,16,17,2,8.42105263157895,16.8421052631579,17.8947368421053,210.526315789474
52006,2010,occurrence,772,1,6,7,1,1.29533678756477,7.7720207253886,9.06735751295337,129.533678756477
52006,2010,residence,755,4,12,16,1,5.29801324503311,15.8940397350993,21.1920529801325,132.450331125828
52006,2015,occurrence,755,3,5,6,0,3.97350993377483,6.62251655629139,7.94701986754967,0
52006,2015,residence,756,3,7,7,1,3.96825396825397,9.25925925925926,9.25925925925926,132.275132275132
52007,2000,occurrence,1719,14,19,24,0,8.14426992437464,11.0529377545084,13.9616055846422,0
52007,2000,residence,1704,20,26,32,0,11.7370892018779,15.2582159624413,18.7793427230047,0
52007,2005,occurrence,1662,11,14,16,0,6.61853188929001,8.42358604091456,9.62695547533093,0
52007,2005,residence,1777,14,21,23,1,7.87844682048396,11.8176702307259,12.9431626336522,56.274620146314
52007,2010,occurrence,1270,5,8,9,0,3.93700787401575,6.2992125984252,7.08661417322835,0
52007,2010,residence,1451,11,18,21,2,7.58097863542385,12.4052377670572,14.4727773949001,137.835975189524
52007,2015,occurrence,986,9,11,15,2,9.12778904665314,11.1561866125761,15.2129817444219,202.839756592292
52007,2015,residence,1434,20,22,26,2,13.9470013947001,15.3417015341702,18.1311018131102,139.470013947001
52008,2000,occurrence,2522,18,26,28,1,7.13719270420301,10.3092783505155,11.1022997620936,39.6510705789056
52008,2000,residence,2521,23,34,41,2,9.12336374454581,13.4867116223721,16.2633875446252,79.3335977786593
52008,2005,occurrence,2237,9,15,17,0,4.0232454179705,6.70540902995083,7.5994635672776,0
52008,2005,residence,2220,20,34,36,0,9.00900900900901,15.3153153153153,16.2162162162162,0
52008,2010,occurrence,1738,3,4,4,1,1.72612197928654,2.30149597238205,2.30149597238205,57.5373993095512
52008,2010,residence,1800,10,13,21,2,5.55555555555556,7.22222222222222,11.6666666666667,111.111111111111
52008,2015,occurrence,1912,7,10,12,1,3.66108786610879,5.23012552301255,6.27615062761506,52.3012552301255
52008,2015,residence,1969,21,32,34,2,10.66531234129,16.2519045200609,17.2676485525648,101.574403250381
52009,2000,occurrence,1904,13,17,20,0,6.82773109243698,8.92857142857143,10.5042016806723,0
52009,2000,residence,1864,23,29,35,0,12.3390557939914,15.5579399141631,18.7768240343348,0
52009,2005,occurrence,1390,11,12,16,0,7.9136690647482,8.63309352517986,11.5107913669065,0
52009,2005,residence,1519,24,28,32,0,15.7998683344305,18.4331797235023,21.0664911125741,0
52009,2010,occurrence,1113,4,6,7,0,3.59389038634322,5.39083557951483,6.28930817610063,0
52009,2010,residence,1331,11,16,18,0,8.26446280991735,12.0210368144252,13.5236664162284,0
52009,2015,occurrence,1146,6,6,8,0,5.23560209424084,5.23560209424084,6.98080279232112,0
52009,2015,residence,1386,19,23,24,0,13.7085137085137,16.5945165945166,17.3160173160173,0
52010,2000,occurrence,1378,3,6,7,0,2.17706821480406,4.35413642960813,5.07982583454282,0
52010,2000,residence,1450,14,21,22,0,9.6551724137931,14.4827586206897,15.1724137931034,0
52010,2005,occurrence,1102,3,4,4,0,2.72232304900182,3.62976406533575,3.62976406533575,0
52010,2005,residence,1261,10,14,15,1,7.93021411578113,11.1022997620936,11.8953211736717,79.3021411578113
52010,2010,occurrence,984,2,3,3,1,2.03252032520325,3.04878048780488,3.04878048780488,101.626016260163
52010,2010,residence,1187,14,17,17,1,11.7944397641112,14.3218197135636,14.3218197135636,84.24599831508
52010,2015,occurrence,1075,2,4,6,0,1.86046511627907,3.72093023255814,5.58139534883721,0
52010,2015,residence,1329,15,18,20,1,11.2866817155756,13.5440180586907,15.0489089541008,75.2445447705041
52011,2000,occurrence,7516,106,144,163,4,14.1032464076637,19.1591271953167,21.6870675891432,53.2197977647685
52011,2000,residence,7460,112,158,177,3,15.0134048257373,21.1796246648794,23.7265415549598,40.2144772117962
52011,2005,occurrence,6808,76,99,118,2,11.1633372502938,14.5417156286722,17.3325499412456,29.3772032902468
52011,2005,residence,6888,89,116,134,2,12.9210220673635,16.8408826945412,19.4541231126597,29.0360046457607
52011,2010,occurrence,6714,55,80,93,4,8.19183795055109,11.915400655347,13.8516532618409,59.5770032767352
52011,2010,residence,6751,63,93,111,4,9.33195082210043,13.7757369278625,16.4420085913198,59.2504814101615
52011,2015,occurrence,7999,58,75,86,5,7.25090636329541,9.37617202150269,10.7513439179897,62.5078134766846
52011,2015,residence,8000,65,90,101,6,8.125,11.25,12.625,75
52012,2000,occurrence,2912,22,26,27,0,7.55494505494506,8.92857142857143,9.27197802197802,0
52012,2000,residence,3193,44,60,64,0,13.7801440651425,18.7911055433761,20.0438459129345,0
52012,2005,occurrence,2366,7,10,14,1,2.9585798816568,4.22654268808115,5.91715976331361,42.2654268808115
52012,2005,residence,2772,33,42,47,2,11.9047619047619,15.1515151515152,16.955266955267,72.1500721500722
52012,2010,occurrence,1950,4,9,12,0,2.05128205128205,4.61538461538462,6.15384615384615,0
52012,2010,residence,2329,17,28,36,0,7.2992700729927,12.0223271790468,15.4572778016316,0
52012,2015,occurrence,1835,2,6,10,0,1.08991825613079,3.26975476839237,5.44959128065395,0
52012,2015,residence,2538,13,19,27,1,5.12214342001576,7.48620961386919,10.6382978723404,39.4011032308905
52013,2000,occurrence,2674,9,14,17,0,3.36574420344054,5.23560209424084,6.35751682872102,0
52013,2000,residence,2528,16,24,27,0,6.32911392405063,9.49367088607595,10.6803797468354,0
52013,2005,occurrence,2307,4,10,12,0,1.73385348938015,4.33463372345037,5.20156046814044,0
52013,2005,residence,2256,15,27,33,0,6.64893617021277,11.968085106383,14.6276595744681,0
52013,2010,occurrence,2096,7,7,10,1,3.33969465648855,3.33969465648855,4.77099236641221,47.7099236641221
52013,2010,residence,1979,20,22,25,1,10.1061141990904,11.1167256189995,12.6326427488631,50.5305709954523
52013,2015,occurrence,2310,17,21,25,2,7.35930735930736,9.09090909090909,10.8225108225108,86.5800865800866
52013,2015,residence,2202,23,29,35,2,10.4450499545867,13.1698455949137,15.8946412352407,90.8265213442325
52014,2000,occurrence,1972,20,25,30,2,10.1419878296146,12.6774847870183,15.2129817444219,101.419878296146
52014,2000,residence,1988,19,30,36,2,9.55734406438632,15.0905432595573,18.1086519114688,100.603621730382
52014,2005,occurrence,1684,14,18,20,1,8.31353919239905,10.6888361045131,11.8764845605701,59.3824228028504
52014,2005,residence,1759,27,40,43,1,15.349630471859,22.740193291643,24.4457077885162,56.8504832291075
52014,2010,occurrence,1372,3,3,3,0,2.1865889212828,2.1865889212828,2.1865889212828,0
52014,2010,residence,1586,10,11,12,0,6.30517023959647,6.93568726355612,7.56620428751576,0
52014,2015,occurrence,1413,10,11,14,1,7.07714083510262,7.78485491861288,9.90799716914367,70.7714083510262
52014,2015,residence,1614,20,27,33,1,12.3915737298637,16.728624535316,20.4460966542751,61.9578686493185
52015,2000,occurrence,5041,34,45,59,0,6.74469351319183,8.92680023804801,11.7040269787741,0
52015,2000,residence,5085,64,91,107,0,12.5860373647984,17.8957718780728,21.0422812192724,0
52015,2005,occurrence,5505,24,36,41,1,4.35967302452316,6.53950953678474,7.44777475022707,18.1653042688465
52015,2005,residence,5672,59,92,101,1,10.4019746121298,16.2200282087447,17.8067700987306,17.6304654442877
52015,2010,occurrence,5610,19,23,34,0,3.38680926916221,4.09982174688057,6.06060606060606,0
52015,2010,residence,5763,49,67,85,1,8.50251605066806,11.6258892937706,14.7492625368732,17.3520735727919
52015,2015,occurrence,6295,37,65,77,2,5.87768069896744,10.3256552819698,12.2319301032566,31.7712470214456
52015,2015,residence,6462,67,94,106,4,10.3683070256886,14.54658000619,16.4035902197462,61.9003404518725
52016,2000,occurrence,2949,11,21,25,1,3.73007799253984,7.12105798575788,8.4774499830451,33.9097999321804
52016,2000,residence,2983,18,29,34,1,6.03419376466644,9.72175662085149,11.3979215554811,33.5232986925914
52016,2005,occurrence,3100,17,25,35,1,5.48387096774194,8.06451612903226,11.2903225806452,32.258064516129
52016,2005,residence,3074,39,54,69,1,12.6870527000651,17.5666883539362,22.4463240078074,32.5309043591412
52016,2010,occurrence,2931,10,12,16,1,3.41180484476288,4.09416581371546,5.45888775162061,34.1180484476288
52016,2010,residence,2932,33,46,53,3,11.2551159618008,15.6889495225102,18.0763983628922,102.319236016371
52016,2015,occurrence,3277,23,27,29,1,7.01861458651205,8.23924321025328,8.84955752212389,30.5157155935307
52016,2015,residence,3385,38,53,60,3,11.2259970457903,15.6573116691285,17.725258493353,88.6262924667651
52017,2000,occurrence,3341,25,30,35,1,7.4827895839569,8.97934750074828,10.4759054175397,29.9311583358276
52017,2000,residence,3363,34,50,58,1,10.1100208147487,14.8676776687481,17.2465060957478,29.7353553374963
52017,2005,occurrence,2957,9,14,18,0,3.04362529590802,4.73452823807913,6.08725059181603,0
52017,2005,residence,3000,27,38,47,1,9,12.6666666666667,15.6666666666667,33.3333333333333
52017,2010,occurrence,2898,7,8,10,0,2.41545893719807,2.76052449965493,3.45065562456867,0
52017,2010,residence,3014,36,45,49,0,11.9442601194426,14.9303251493033,16.2574651625747,0
52017,2015,occurrence,3289,11,17,19,2,3.34448160535117,5.16874429917908,5.77683186378839,60.8087564609304
52017,2015,residence,3401,33,48,52,2,9.70302852102323,14.1134960305792,15.2896206997942,58.8062334607468
52018,2000,occurrence,1733,5,10,13,0,2.88517022504328,5.77034045008656,7.50144258511252,0
52018,2000,residence,2348,17,26,34,1,7.24020442930153,11.0732538330494,14.4804088586031,42.5894378194208
52018,2005,occurrence,1590,8,12,16,2,5.0314465408805,7.54716981132076,10.062893081761,125.786163522013
52018,2005,residence,2151,26,34,40,2,12.0874012087401,15.8066015806602,18.5960018596002,92.9800092980009
52018,2010,occurrence,1443,5,5,8,0,3.46500346500347,3.46500346500347,5.54400554400554,0
52018,2010,residence,2072,17,25,27,1,8.2046332046332,12.0656370656371,13.030888030888,48.2625482625483
52018,2015,occurrence,1404,6,9,12,0,4.27350427350427,6.41025641025641,8.54700854700855,0
52018,2015,residence,2414,22,29,34,0,9.11350455675228,12.013256006628,14.0845070422535,0
53001,2000,occurrence,58021,662,979,1148,22,11.4096620189242,16.8732010823667,19.7859395736027,37.9173058030713
53001,2000,residence,47991,478,691,815,17,9.96020087099665,14.3985330582818,16.9823508574524,35.4233085370174
53001,2005,occurrence,55899,561,867,991,31,10.0359577094402,15.510116460044,17.7284030125763,55.4571638133061
53001,2005,residence,45917,413,626,713,19,8.9944900581484,13.6332948581136,15.5280179454233,41.3790099527408
53001,2010,occurrence,55185,550,761,858,39,9.9664763975718,13.7899791610039,15.547703180212,70.6713780918728
53001,2010,residence,44251,408,559,630,20,9.2201306185171,12.6324828817428,14.2369663962396,45.1967187182211
53001,2015,occurrence,59659,501,661,742,26,8.39772708225079,11.0796359308738,12.4373522854892,43.5810187901239
53001,2015,residence,46122,376,488,562,16,8.15229174797277,10.5806339707732,12.1850743679806,34.6906031828628
