codigo,nome,indicador,unidade_geografica,nome_indicador,unidade_indicador,meta_oms,ano_recente,valor_recente,nascidos_vivos_recente,anos_validos,inclinacao_anual,projecao_2030,status_oms
11001,11001,maternal_per_100000,health_region,Maternal mortality,"per 100,000 live births",70,2015,25.6673511293635,3896,4,-0.290947996447856,11.2978665808831,Meta atingida
11002,11002,maternal_per_100000,health_region,Maternal mortality,"per 100,000 live births",70,2015,0,2708,4,-1.9983075849924,0,Meta atingida
11003,11003,maternal_per_100000,health_region,Maternal mortality,"per 100,000 live births",70,2015,37.8000378000378,5291,4,0.69947759772598,79.5685909972685,Meta atingida
11004,11004,maternal_per_100000,health_region,Maternal mortality,"per 100,000 live births",70,2015,46.455449224194,10763,4,1.68016144103038,93.6956189896769,Meta atingida
11005,11005,maternal_per_100000,health_region,Maternal mortality,"per 100,000 live births",70,2015,147.20314033366,2038,4,10.6721148229635,299.922448636895,Fora do caminho
11006,11006,maternal_per_100000,health_region,Maternal mortality,"per 100,000 live births",70,2015,40.551500405515,2466,4,1.57361430451998,56.2876434507152,Meta atingida
11007,11007,maternal_per_100000,health_region,Maternal mortality,"per 100,000 live births",70,2015,132.978723404255,752,4,-10.0392946137627,0,No caminho
12001,12001,maternal_per_100000,health_region,Maternal mortality,"per 100,000 live births",70,2015,72.992700729927,1370,4,2.95404529397381,102.533153669666,Fora do caminho
12002,12002,maternal_per_100000,health_region,Maternal mortality,"per 100,000 live births",70,2015,58.0495356037152,10336,4,-0.227359163538384,46.6672168727619,Meta atingida
12003,12003,maternal_per_100000,health_region,Maternal mortality,"per 100,000 live births",70,2015,56.8828213879409,5274,4,0.399835014415821,53.6629389138157,Meta atingida
13001,13001,maternal_per_100000,health_region,Maternal mortality,"per 100,000 live births",70,2015,53.7478810931492,48374,4,-0.602396825522131,53.7157524448633,Meta atingida
13002,13002,maternal_per_100000,health_region,Maternal mortality,"per 100,000 live births",70,2015,70.8717221828491,5644,4,2.56060342349987,131.33447615874,Fora do caminho
13003,13003,maternal_per_100000,health_region,Maternal mortality,"per 100,000 live births",70,2015,93.4870676223123,3209,4,5.67582529689105,167.006969937518,Fora do caminho
13004,13004,maternal_per_100000,health_region,Maternal mortality,"per 100,000 live births",70,2015,126.502213788741,3162,4,6.99186779591555,196.420891747895,Fora do caminho
13005,13005,maternal_per_100000,health_region,Maternal mortality,"per 100,000 live births",70,2015,61.6016427104723,4870,4,-11.4954121119146,0,Meta atingida
13006,13006,maternal_per_100000,health_region,Maternal mortality,"per 100,000 live births",70,2015,167.644593461861,2386,4,-2.31643124970774,86.3588909363334,Fora do caminho
13007,13007,maternal_per_100000,health_region,Maternal mortality,"per 100,000 live births",70,2015,68.1895669962496,2933,4,-10.0981964512013,0,Meta atingida
13008,13008,maternal_per_100000,health_region,Maternal mortality,"per 100,000 live births",70,2015,64.5161290322581,3100,4,0.742800646647852,85.6354346745616,Meta atingida
13009,13009,maternal_per_100000,health_region,Maternal mortality,"per 100,000 live births",70,2015,62.4902359006405,6401,4,-3.20757579678961,46.9000446908431,Meta atingida
14001,14001,maternal_per_100000,health_region,Maternal mortality,"per 100,000 live births",70,2015,80.3858520900322,9952,4,-0.348916164780879,47.5272444035819,No caminho
14002,14002,maternal_per_100000,health_region,Maternal mortality,"per 100,000 live births",70,2015,137.268359643102,1457,4,8.23610157858612,219.629375428962,Fora do caminho
15001,15001,maternal_per_100000,health_region,Maternal mortality,"per 100,000 live births",70,2015,51.2098322877993,7811,4,-0.0401621359751965,49.1517571282822,Meta atingida
15002,15002,maternal_per_100000,health_region,Maternal mortality,"per 100,000 live births",70,2015,52.4899940948757,15241,4,1.31359089559106,67.7691002423508,Meta atingida
15003,15003,maternal_per_100000,health_region,Maternal mortality,"per 100,000 live births",70,2015,53.3333333333333,16875,4,-4.84757142045032,0,Meta atingida
15004,15004,maternal_per_100000,health_region,Maternal mortality,"per 100,000 live births",70,2015,27.0599377621432,7391,4,-5.21451221126352,0,Meta atingida
15006,15006,maternal_per_100000,health_region,Maternal mortality,"per 100,000 live births",70,2015,67.0670365515349,32803,4,1.51448091943335,80.0955980794124,Meta atingida
15007,15007,maternal_per_100000,health_region,Maternal mortality,"per 100,000 live births",70,2015,81.0898475510866,6166,4,-1.01453546335676,45.9432523979513,No caminho
15008,15008,maternal_per_100000,health_region,Maternal mortality,"per 100,000 live births",70,2015,49.6102055279943,14110,4,-0.755943644064058,34.6056797139934,Meta atingida
15009,15009,maternal_per_100000,health_region,Maternal mortality,"per 100,000 live births",70,2015,67.2118292819536,8927,4,-0.176716050808805,73.9521828221404,Meta atingida
15010,15010,maternal_per_100000,health_region,Maternal mortality,"per 100,000 live births",70,2015,75.4906894816306,3974,4,-0.702680625043728,31.0667254151872,No caminho
15011,15011,maternal_per_100000,health_region,Maternal mortality,"per 100,000 live births",70,2015,76.27765064836,11799,4,2.81580482831612,125.371730074698,Fora do caminho
15012,15012,maternal_per_100000,health_region,Maternal mortality,"per 100,000 live births",70,2015,97.8747203579418,7152,4,1.73711792439879,129.046184004702,Fora do caminho
15013,15013,maternal_per_100000,health_region,Maternal mortality,"per 100,000 live births",70,2015,25.2780586450961,3956,4,-8.39346966062095,0,Meta atingida
15014,15014,maternal_per_100000,health_region,Maternal mortality,"per 100,000 live births",70,2015,67.1140939597316,7450,4,4.33615124534293,152.478294585204,Meta atingida
16001,16001,maternal_per_100000,health_region,Maternal mortality,"per 100,000 live births",70,2015,66.0439664119257,10599,4,0.978563291504958,65.1131514060192,Meta atingida
16002,16002,maternal_per_100000,health_region,Maternal mortality,"per 100,000 live births",70,2015,164.744645799012,1214,4,8.07636048392626,245.508250638273,Fora do caminho
16003,16003,maternal_per_100000,health_region,Maternal mortality,"per 100,000 live births",70,2015,76.2582613116421,3934,4,1.52853147485702,92.1700060616245,Fora do caminho
17001,17001,maternal_per_100000,health_region,Maternal mortality,"per 100,000 live births",70,2015,78.9733464955578,5065,4,-4.21083855949771,5.27065788471191,No caminho
17002,17002,maternal_per_100000,health_region,Maternal mortality,"per 100,000 live births",70,2015,89.3122953259899,3359,4,6.6250753288945,211.288877536639,Fora do caminho
17003,17003,maternal_per_100000,health_region,Maternal mortality,"per 100,000 live births",70,2015,73.7463126843658,1356,4,3.71863413161908,144.534804538192,Fora do caminho
17004,17004,maternal_per_100000,health_region,Maternal mortality,"per 100,000 live births",70,2015,0,2424,4,-7.45446177226004,0,Meta atingida
17005,17005,maternal_per_100000,health_region,Maternal mortality,"per 100,000 live births",70,2015,75.642965204236,2644,4,0.321044909069649,67.1875145745445,Fora do caminho
17006,17006,maternal_per_100000,health_region,Maternal mortality,"per 100,000 live births",70,2015,77.6276975624903,6441,4,-0.692711232839745,59.2495350610182,No caminho
17007,17007,maternal_per_100000,health_region,Maternal mortality,"per 100,000 live births",70,2015,161.117078410312,1862,4,8.62860310544946,247.403109464805,Fora do caminho
17008,17008,maternal_per_100000,health_region,Maternal mortality,"per 100,000 live births",70,2015,51.150895140665,1955,4,0.173237499073399,55.5537861089972,Meta atingida
21001,21001,maternal_per_100000,health_region,Maternal mortality,"per 100,000 live births",70,2015,118.858954041204,5048,4,2.18691090493837,146.863243244543,Fora do caminho
21002,21002,maternal_per_100000,health_region,Maternal mortality,"per 100,000 live births",70,2015,117.841150129625,4243,4,6.27201990461864,231.224757682357,Fora do caminho
21003,21003,maternal_per_100000,health_region,Maternal mortality,"per 100,000 live births",70,2015,166.825548141087,4196,4,2.18281986727109,176.723616815942,Fora do caminho
21004,21004,maternal_per_100000,health_region,Maternal mortality,"per 100,000 live births",70,2015,82.1186614658181,4871,4,-1.0870261387627,68.3659753363795,No caminho
21005,21005,maternal_per_100000,health_region,Maternal mortality,"per 100,000 live births",70,2015,289.799072642968,5176,4,8.29919114568286,353.018249972258,Fora do caminho
21006,21006,maternal_per_100000,health_region,Maternal mortality,"per 100,000 live births",70,2015,96.4320154291225,6222,4,1.79064607111608,127.652342535177,Fora do caminho
21007,21007,maternal_per_100000,health_region,Maternal mortality,"per 100,000 live births",70,2015,55.4631170271769,5409,4,-3.77369093754184,0,Meta atingida
21008,21008,maternal_per_100000,health_region,Maternal mortality,"per 100,000 live births",70,2015,88.2093501911203,10203,4,3.40744942800525,127.262672530574,Fora do caminho
21009,21009,maternal_per_100000,health_region,Maternal mortality,"per 100,000 live births",70,2015,125.254423046814,6387,4,7.22541382909844,251.509233219091,Fora do caminho
21010,21010,maternal_per_100000,health_region,Maternal mortality,"per 100,000 live births",70,2015,28.604118993135,3496,4,-3.84097384814972,0,Meta atingida
21011,21011,maternal_per_100000,health_region,Maternal mortality,"per 100,000 live births",70,2015,83.6680053547523,5976,4,-1.49184702164135,33.0700124080208,No caminho
21012,21012,maternal_per_100000,health_region,Maternal mortality,"per 100,000 live births",70,2015,129.87012987013,4620,4,-6.38076155721956,0,No caminho
21013,21013,maternal_per_100000,health_region,Maternal mortality,"per 100,000 live births",70,2015,60.108194750551,4991,4,-0.462973776695923,80.7092097534305,Meta atingida
21014,21014,maternal_per_100000,health_region,Maternal mortality,"per 100,000 live births",70,2015,88.7442685993196,6761,4,3.18720103784083,146.880036660285,Fora do caminho
21015,21015,maternal_per_100000,health_region,Maternal mortality,"per 100,000 live births",70,2015,74.9437921558831,4003,4,5.74758907994001,201.104870242218,Fora do caminho
21016,21016,maternal_per_100000,health_region,Maternal mortality,"per 100,000 live births",70,2015,74.9922802064493,22669,4,1.2934159148948,135.640795590296,Fora do caminho
21017,21017,maternal_per_100000,health_region,Maternal mortality,"per 100,000 live births",70,2015,75.4906894816306,3974,4,-1.87747285326486,72.3335246930128,Fora do caminho
21018,21018,maternal_per_100000,health_region,Maternal mortality,"per 100,000 live births",70,2015,116.631677163518,4287,4,2.24564642571216,147.961939624744,Fora do caminho
21019,21019,maternal_per_100000,health_region,Maternal mortality,"per 100,000 live births",70,2015,99.5222929936306,5024,4,-0.29138781378805,64.2218127235658,No caminho
22001,22001,maternal_per_100000,health_region,Maternal mortality,"per 100,000 live births",70,2015,45.2079566003617,2212,4,-6.84781293255544,0,Meta atingida
22002,22002,maternal_per_100000,health_region,Maternal mortality,"per 100,000 live births",70,2015,66.0720185001652,3027,4,-0.89462496041107,71.7243334837037,Meta atingida
22003,22003,maternal_per_100000,health_region,Maternal mortality,"per 100,000 live births",70,2015,161.004669135405,6211,4,6.16755943049268,231.917835708609,Fora do caminho
22004,22004,maternal_per_100000,health_region,Maternal mortality,"per 100,000 live births",70,2015,55.976795074042,19651,4,0.298399260688628,75.5799016286405,Meta atingida
22005,22005,maternal_per_100000,health_region,Maternal mortality,"per 100,000 live births",70,2015,93.3706816059757,4284,4,-1.45899967552033,40.200437937192,No caminho
22006,22006,maternal_per_100000,health_region,Maternal mortality,"per 100,000 live births",70,2015,135.196034249662,2219,4,0.85665823342354,111.077656388702,Fora do caminho
22007,22007,maternal_per_100000,health_region,Maternal mortality,"per 100,000 live births",70,2015,102.249488752556,978,4,-13.0186913778031,0,No caminho
22008,22008,maternal_per_100000,health_region,Maternal mortality,"per 100,000 live births",70,2015,72.5163161711385,1379,4,2.53166133130565,104.163460012719,Fora do caminho
22009,22009,maternal_per_100000,health_region,Maternal mortality,"per 100,000 live births",70,2015,78.4929356357928,5096,4,-2.19666543835722,47.9869365980721,No caminho
22010,22010,maternal_per_100000,health_region,Maternal mortality,"per 100,000 live births",70,2015,155.642023346303,1285,4,3.6501077561229,212.002973172945,Fora do caminho
22011,22011,maternal_per_100000,health_region,Maternal mortality,"per 100,000 live births",70,2015,68.7285223367698,2910,4,2.51142747095023,216.634868154554,Meta atingida
23001,23001,maternal_per_100000,health_region,Maternal mortality,"per 100,000 live births",70,2015,30.5264640961818,42586,4,-1.73346838134419,12.4755403134218,Meta atingida
23002,23002,maternal_per_100000,health_region,Maternal mortality,"per 100,000 live births",70,2015,53.276505061268,9385,4,-1.14511114614473,43.9012101829799,Meta atingida
23003,23003,maternal_per_100000,health_region,Maternal mortality,"per 100,000 live births",70,2015,58.3703011907542,8566,4,-1.29119199605803,36.8677766363276,Meta atingida
23004,23004,maternal_per_100000,health_region,Maternal mortality,"per 100,000 live births",70,2015,0,2042,4,0.184072432286564,27.4686074597186,Meta atingida
23005,23005,maternal_per_100000,health_region,Maternal mortality,"per 100,000 live births",70,2015,72.2282412423258,2769,4,-0.896185435024699,57.0597229557857,No caminho
23006,23006,maternal_per_100000,health_region,Maternal mortality,"per 100,000 live births",70,2015,63.0384534566085,4759,4,2.26445384221336,107.24865933615,Meta atingida
23007,23007,maternal_per_100000,health_region,Maternal mortality,"per 100,000 live births",70,2015,187.96992481203,1596,4,3.81312650105445,194.875612970602,Fora do caminho
23008,23008,maternal_per_100000,health_region,Maternal mortality,"per 100,000 live births",70,2015,89.5455563017685,4467,4,6.86365047921745,224.455710004728,Fora do caminho
23009,23009,maternal_per_100000,health_region,Maternal mortality,"per 100,000 live births",70,2015,38.8802488335925,2572,4,-3.82450334803741,29.5563883421883,Meta atingida
23010,23010,maternal_per_100000,health_region,Maternal mortality,"per 100,000 live births",70,2015,67.0465973851827,2983,4,-6.06416295451515,0,Meta atingida
23011,23011,maternal_per_100000,health_region,Maternal mortality,"per 100,000 live births",70,2015,72.9040097205346,8230,4,-1.9119392935746,30.2296903605861,No caminho
23012,23012,maternal_per_100000,health_region,Maternal mortality,"per 100,000 live births",70,2015,28.0504908835905,3565,4,-4.9112221711767,0,Meta atingida
23013,23013,maternal_per_100000,health_region,Maternal mortality,"per 100,000 live births",70,2015,118.83541295306,5049,4,2.2751461786693,143.28172546017,Fora do caminho
23014,23014,maternal_per_100000,health_region,Maternal mortality,"per 100,000 live births",70,2015,0,1408,4,-13.6090881918737,0,Meta atingida
23015,23015,maternal_per_100000,health_region,Maternal mortality,"per 100,000 live births",70,2015,0,3837,4,-2.67783476695994,42.0849455310299,Meta atingida
23016,23016,maternal_per_100000,health_region,Maternal mortality,"per 100,000 live births",70,2015,42.7899015832264,2337,4,2.82681057636276,111.907680549468,Meta atingida
23017,23017,maternal_per_100000,health_region,Maternal mortality,"per 100,000 live births",70,2015,0,2165,4,-11.9045142902916,0,Meta atingida
23018,23018,maternal_per_100000,health_region,Maternal mortality,"per 100,000 live births",70,2015,126.968004062976,3938,4,0.711612296036459,102.408402070472,Fora do caminho
23019,23019,maternal_per_100000,health_region,Maternal mortality,"per 100,000 live births",70,2015,0,3183,4,-2.19023868077976,0,Meta atingida
23020,23020,maternal_per_100000,health_region,Maternal mortality,"per 100,000 live births",70,2015,94.984802431611,5264,4,2.43036272115977,155.67169105432,Fora do caminho
23021,23021,maternal_per_100000,health_region,Maternal mortality,"per 100,000 live births",70,2015,14.5201103528387,6887,4,-6.77645525913648,0,Meta atingida
23022,23022,maternal_per_100000,health_region,Maternal mortality,"per 100,000 live births",70,2015,40.5926527298559,4927,4,0.554755457606845,81.2980032667547,Meta atingida
24001,24001,maternal_per_100000,health_region,Maternal mortality,"per 100,000 live births",70,2015,52.5578135949545,5708,4,-0.312520856388372,46.6274595293933,Meta atingida
24002,24002,maternal_per_100000,health_region,Maternal mortality,"per 100,000 live births",70,2015,90.184879001954,6653,4,4.56404853251337,159.07491425238,Fora do caminho
24003,24003,maternal_per_100000,health_region,Maternal mortality,"per 100,000 live births",70,2015,59.9520383693046,5004,4,1.98420869625269,81.7175448611902,Meta atingida
24004,24004,maternal_per_100000,health_region,Maternal mortality,"per 100,000 live births",70,2015,52.5624178712221,3805,4,0.869950956888832,78.6209349084361,Meta atingida
24005,24005,maternal_per_100000,health_region,Maternal mortality,"per 100,000 live births",70,2015,109.3693036821,2743,4,5.40013117244501,181.519435733229,Fora do caminho
24006,24006,maternal_per_100000,health_region,Maternal mortality,"per 100,000 live births",70,2015,29.585798816568,3380,4,-0.0442026206456819,17.9630928247802,Meta atingida
24007,24007,maternal_per_100000,health_region,Maternal mortality,"per 100,000 live births",70,2015,55.9454785881396,19662,4,0.30979820965002,46.9808584879451,Meta atingida
24008,24008,maternal_per_100000,health_region,Maternal mortality,"per 100,000 live births",70,2015,46.6417910447761,2144,4,-6.25126318664008,0,Meta atingida
25001,25001,maternal_per_100000,health_region,Maternal mortality,"per 100,000 live births",70,2015,50.2638853983413,19895,4,2.38201949728298,88.6430991892421,Meta atingida
25002,25002,maternal_per_100000,health_region,Maternal mortality,"per 100,000 live births",70,2015,47.0920649870497,4247,4,3.71520361452547,106.486094014866,Meta atingida
25003,25003,maternal_per_100000,health_region,Maternal mortality,"per 100,000 live births",70,2015,202.702702702703,2960,4,14.1773141449098,409.284658150507,Fora do caminho
25004,25004,maternal_per_100000,health_region,Maternal mortality,"per 100,000 live births",70,2015,203.252032520325,1476,4,12.1951219512195,325.203252032519,Fora do caminho
25005,25005,maternal_per_100000,health_region,Maternal mortality,"per 100,000 live births",70,2015,63.0119722747322,1587,4,3.78071833648393,100.819155639572,Meta atingida
25006,25006,maternal_per_100000,health_region,Maternal mortality,"per 100,000 live births",70,2015,116.516166618118,3433,4,1.83497524634295,115.418626864061,Fora do caminho
25007,25007,maternal_per_100000,health_region,Maternal mortality,"per 100,000 live births",70,2015,99.4035785288271,2012,4,1.82056923116285,96.0946408920904,Fora do caminho
25008,25008,maternal_per_100000,health_region,Maternal mortality,"per 100,000 live births",70,2015,0,1579,4,1.17164616285882,41.0076157000585,Meta atingida
25009,25009,maternal_per_100000,health_region,Maternal mortality,"per 100,000 live births",70,2015,41.1353352529823,2431,4,1.00663340464531,52.9346890600136,Meta atingida
25010,25010,maternal_per_100000,health_region,Maternal mortality,"per 100,000 live births",70,2015,61.1995104039168,1634,4,3.67197062423501,97.9192166462672,Meta atingida
25011,25011,maternal_per_100000,health_region,Maternal mortality,"per 100,000 live births",70,2015,0,1050,4,-1.31665569453588,0,Meta atingida
25012,25012,maternal_per_100000,health_region,Maternal mortality,"per 100,000 live births",70,2015,37.0644922164566,2698,4,-2.74862099458843,0,Meta atingida
25013,25013,maternal_per_100000,health_region,Maternal mortality,"per 100,000 live births",70,2015,124.223602484472,805,4,12.7096579361905,382.726226524435,Fora do caminho
25014,25014,maternal_per_100000,health_region,Maternal mortality,"per 100,000 live births",70,2015,42.5894378194208,2348,4,-1.13273650500965,21.5389982528059,Meta atingida
25015,25015,maternal_per_100000,health_region,Maternal mortality,"per 100,000 live births",70,2015,44.5235975066785,2246,4,2.68846058375943,92.9135796883584,Meta atingida
25016,25016,maternal_per_100000,health_region,Maternal mortality,"per 100,000 live births",70,2015,46.0405156537753,8688,4,0.823543061908814,61.6552474078508,Meta atingida
26001,26001,maternal_per_100000,health_region,Maternal mortality,"per 100,000 live births",70,2015,0,2812,4,-0.508562336233014,13.3918341395176,Meta atingida
26002,26002,maternal_per_100000,health_region,Maternal mortality,"per 100,000 live births",70,2015,127.959053103007,6252,4,4.74646941191673,173.083096070392,Fora do caminho
26003,26003,maternal_per_100000,health_region,Maternal mortality,"per 100,000 live births",70,2015,65.2315720808872,19929,4,1.93785256573561,91.145865781657,Meta atingida
26004,26004,maternal_per_100000,health_region,Maternal mortality,"per 100,000 live births",70,2015,67.3778775968557,8905,4,1.81751712046859,88.4976450382496,Meta atingida
26005,26005,maternal_per_100000,health_region,Maternal mortality,"per 100,000 live births",70,2015,62.879899392161,4771,4,-4.00554757792535,0,Meta atingida
26006,26006,maternal_per_100000,health_region,Maternal mortality,"per 100,000 live births",70,2015,48.1174064717912,8313,4,0.122664705590026,41.5620443044631,Meta atingida
26007,26007,maternal_per_100000,health_region,Maternal mortality,"per 100,000 live births",70,2015,98.9445910290237,6064,4,2.00608343032537,103.319956613178,Fora do caminho
26008,26008,maternal_per_100000,health_region,Maternal mortality,"per 100,000 live births",70,2015,29.1431902078881,10294,4,0.0919556598374938,45.9420108152376,Meta atingida
26009,26009,maternal_per_100000,health_region,Maternal mortality,"per 100,000 live births",70,2015,65.9123365923322,9103,4,-2.1188330141,36.4201261435228,Meta atingida
26010,26010,maternal_per_100000,health_region,Maternal mortality,"per 100,000 live births",70,2015,72.2740632478358,62263,4,2.09947284978428,100.464501475233,Fora do caminho
26011,26011,maternal_per_100000,health_region,Maternal mortality,"per 100,000 live births",70,2015,40.1767778224186,2489,4,1.17818126670884,90.1848901836965,Meta atingida
26012,26012,maternal_per_100000,health_region,Maternal mortality,"per 100,000 live births",70,2015,78.3903841128822,3827,4,-0.197653650951133,64.979963098169,No caminho
27001,27001,maternal_per_100000,health_region,Maternal mortality,"per 100,000 live births",70,2015,71.4686814028281,19589,4,1.4999009193473,89.7160504184726,Fora do caminho
27002,27002,maternal_per_100000,health_region,Maternal mortality,"per 100,000 live births",70,2015,37.8357926598562,2643,4,2.29708247191878,77.6246463060543,Meta atingida
27003,27003,maternal_per_100000,health_region,Maternal mortality,"per 100,000 live births",70,2015,112.013441612994,3571,4,5.32053972191054,181.13601606024,Fora do caminho
27004,27004,maternal_per_100000,health_region,Maternal mortality,"per 100,000 live births",70,2015,45.6204379562044,2192,4,-0.59219705569911,23.4594287503014,Meta atingida
27005,27005,maternal_per_100000,health_region,Maternal mortality,"per 100,000 live births",70,2015,61.9003404518725,3231,4,1.57405249013454,85.928918271602,Meta atingida
27006,27006,maternal_per_100000,health_region,Maternal mortality,"per 100,000 live births",70,2015,31.1720698254364,3208,4,-1.06725230986182,0,Meta atingida
27007,27007,maternal_per_100000,health_region,Maternal mortality,"per 100,000 live births",70,2015,34.2543959808175,8758,4,-0.623753992966679,38.7634847867084,Meta atingida
27008,27008,maternal_per_100000,health_region,Maternal mortality,"per 100,000 live births",70,2015,41.1522633744856,2430,4,-0.562296783988498,65.6163699718088,Meta atingida
27009,27009,maternal_per_100000,health_region,Maternal mortality,"per 100,000 live births",70,2015,25.2652854977261,3958,4,-4.43394016319951,0,Meta atingida
27010,27010,maternal_per_100000,health_region,Maternal mortality,"per 100,000 live births",70,2015,74.7104968248039,2677,4,-2.0182169945687,10.7582656010318,No caminho
28001,28001,maternal_per_100000,health_region,Maternal mortality,"per 100,000 live births",70,2015,22.9427959620679,13076,4,-6.21047524936746,0,Meta atingida
28002,28002,maternal_per_100000,health_region,Maternal mortality,"per 100,000 live births",70,2015,27.4047684297068,3649,4,-2.10431474226924,2.53182730270146,Meta atingida
28003,28003,maternal_per_100000,health_region,Maternal mortality,"per 100,000 live births",70,2015,55.1724137931035,3625,4,2.08278838962675,92.2817953829399,Meta atingida
28004,28004,maternal_per_100000,health_region,Maternal mortality,"per 100,000 live births",70,2015,27.8706800445931,3588,4,-1.58887273318055,23.0981758320413,Meta atingida
28005,28005,maternal_per_100000,health_region,Maternal mortality,"per 100,000 live births",70,2015,72.463768115942,2760,4,-1.5168769858959,19.0686985627935,No caminho
28006,28006,maternal_per_100000,health_region,Maternal mortality,"per 100,000 live births",70,2015,138.768430182134,5765,4,6.08267134182369,211.802351308903,Fora do caminho
28007,28007,maternal_per_100000,health_region,Maternal mortality,"per 100,000 live births",70,2015,40.7497962510187,2454,4,-0.520476305851594,45.4786156447797,Meta atingida
29001,29001,maternal_per_100000,health_region,Maternal mortality,"per 100,000 live births",70,2015,98.1904895497265,7129,4,3.29327927536136,148.148872374652,Fora do caminho
29002,29002,maternal_per_100000,health_region,Maternal mortality,"per 100,000 live births",70,2015,41.3564929693962,7254,4,-2.78450952386573,0,Meta atingida
29003,29003,maternal_per_100000,health_region,Maternal mortality,"per 100,000 live births",70,2015,0,4978,4,-4.45369454836421,0,Meta atingida
29004,29004,maternal_per_100000,health_region,Maternal mortality,"per 100,000 live births",70,2015,22.2444666889111,8991,4,-0.275175902184936,57.3552280938882,Meta atingida
29005,29005,maternal_per_100000,health_region,Maternal mortality,"per 100,000 live births",70,2015,63.9386189258312,3128,4,0.696462431004998,78.4684489916581,Meta atingida
29006,29006,maternal_per_100000,health_region,Maternal mortality,"per 100,000 live births",70,2015,84.5665961945032,16555,4,2.31107058019886,110.622046900884,Fora do caminho
29007,29007,maternal_per_100000,health_region,Maternal mortality,"per 100,000 live births",70,2015,51.6884906960717,5804,4,1.19740444841447,90.9808091929717,Meta atingida
29008,29008,maternal_per_100000,health_region,Maternal mortality,"per 100,000 live births",70,2015,68.4228532329798,2923,4,0.647968141148956,98.1963531471631,Meta atingida
29009,29009,maternal_per_100000,health_region,Maternal mortality,"per 100,000 live births",70,2015,46.0193281178095,4346,4,-0.278307206393552,47.0267466397072,Meta atingida
29010,29010,maternal_per_100000,health_region,Maternal mortality,"per 100,000 live births",70,2015,32.2841000807103,6195,4,-0.592327766971693,30.9437683796466,Meta atingida
29011,29011,maternal_per_100000,health_region,Maternal mortality,"per 100,000 live births",70,2015,84.3644544431946,3556,4,1.97257361260696,115.777239828339,Fora do caminho
29012,29012,maternal_per_100000,health_region,Maternal mortality,"per 100,000 live births",70,2015,71.1237553342817,7030,4,1.57564853784209,113.697327145977,Fora do caminho
29013,29013,maternal_per_100000,health_region,Maternal mortality,"per 100,000 live births",70,2015,158.579130986362,3153,4,6.43506739002933,242.899414801739,Fora do caminho
29014,29014,maternal_per_100000,health_region,Maternal mortality,"per 100,000 live births",70,2015,134.27968540188,5213,4,4.19646295711083,195.327970017948,Fora do caminho
29015,29015,maternal_per_100000,health_region,Maternal mortality,"per 100,000 live births",70,2015,68.8800110208018,7259,4,-0.302237792662903,49.4364228109265,Meta atingida
29016,29016,maternal_per_100000,health_region,Maternal mortality,"per 100,000 live births",70,2015,64.9210127677992,9242,4,-1.93126003015762,36.5742408450305,Meta atingida
29017,29017,maternal_per_100000,health_region,Maternal mortality,"per 100,000 live births",70,2015,157.563025210084,3808,4,3.19214988333191,170.529092986377,Fora do caminho
29018,29018,maternal_per_100000,health_region,Maternal mortality,"per 100,000 live births",70,2015,145.325367350234,6193,4,8.37881997271561,285.560045661052,Fora do caminho
29019,29019,maternal_per_100000,health_region,Maternal mortality,"per 100,000 live births",70,2015,58.3771161704612,3426,4,-0.381701233608539,47.9976676727121,Meta atingida
29020,29020,maternal_per_100000,health_region,Maternal mortality,"per 100,000 live births",70,2015,56.6559398087296,44126,4,2.30020780327816,105.383402866627,Meta atingida
29021,29021,maternal_per_100000,health_region,Maternal mortality,"per 100,000 live births",70,2015,92.4428010168708,4327,4,-2.99080215816898,9.52816546892882,No caminho
29022,29022,maternal_per_100000,health_region,Maternal mortality,"per 100,000 live births",70,2015,105.411103302881,5692,4,4.6606876280204,198.266766992992,Fora do caminho
29023,29023,maternal_per_100000,health_region,Maternal mortality,"per 100,000 live births",70,2015,40.0641025641026,2496,4,-2.87319870103511,0,Meta atingida
29024,29024,maternal_per_100000,health_region,Maternal mortality,"per 100,000 live births",70,2015,46.7508181393174,4278,4,1.86310629134113,111.368287517862,Meta atingida
29025,29025,maternal_per_100000,health_region,Maternal mortality,"per 100,000 live births",70,2015,96.0153624579933,8332,4,3.88230425121918,153.224929413775,Fora do caminho
29026,29026,maternal_per_100000,health_region,Maternal mortality,"per 100,000 live births",70,2015,43.2214378331653,6941,4,-0.440016195113062,79.2009745470616,Meta atingida
29027,29027,maternal_per_100000,health_region,Maternal mortality,"per 100,000 live births",70,2015,64.1848523748395,4674,4,1.29462981131858,94.7857071549233,Meta atingida
29028,29028,maternal_per_100000,health_region,Maternal mortality,"per 100,000 live births",70,2015,52.1159057744424,9594,4,-4.26119022935545,0,Meta atingida
31001,31001,maternal_per_100000,health_region,Maternal mortality,"per 100,000 live births",70,2015,58.3941605839416,3425,4,2.90613307115541,119.466049824423,Meta atingida
31002,31002,maternal_per_100000,health_region,Maternal mortality,"per 100,000 live births",70,2015,121.432908318154,1647,4,6.15475277963223,182.980436114476,Fora do caminho
31003,31003,maternal_per_100000,health_region,Maternal mortality,"per 100,000 live births",70,2015,0,2409,4,-0.909071024362225,17.05767498765,Meta atingida
31004,31004,maternal_per_100000,health_region,Maternal mortality,"per 100,000 live births",70,2015,44.0528634361233,2270,4,0.354842286716598,28.5318736411992,Meta atingida
31006,31006,maternal_per_100000,health_region,Maternal mortality,"per 100,000 live births",70,2015,35.7909806728704,2794,4,4.34445627720854,134.160479365863,Meta atingida
31007,31007,maternal_per_100000,health_region,Maternal mortality,"per 100,000 live births",70,2015,32.0051208193311,6249,4,-0.281372435325718,16.6603863576186,Meta atingida
31008,31008,maternal_per_100000,health_region,Maternal mortality,"per 100,000 live births",70,2015,0,2967,4,-4.36466959771026,0,Meta atingida
31009,31009,maternal_per_100000,health_region,Maternal mortality,"per 100,000 live births",70,2015,0,1572,4,1.30718954248366,45.751633986928,Meta atingida
31010,31010,maternal_per_100000,health_region,Maternal mortality,"per 100,000 live births",70,2015,59.4883997620464,1681,4,-1.3769588991942,22.5277161504382,Meta atingida
31011,31011,maternal_per_100000,health_region,Maternal mortality,"per 100,000 live births",70,2015,62.5390869293308,1599,4,1.21427414977,53.5312362104487,Meta atingida
31012,31012,maternal_per_100000,health_region,Maternal mortality,"per 100,000 live births",70,2015,0,2529,4,-4.80668186580014,0,Meta atingida
31013,31013,maternal_per_100000,health_region,Maternal mortality,"per 100,000 live births",70,2015,78.5854616895874,2545,4,0.301391292306882,75.8452235975063,Fora do caminho
31015,31015,maternal_per_100000,health_region,Maternal mortality,"per 100,000 live births",70,2015,77.6699029126214,2575,4,-2.54773722358396,16.7539446180763,No caminho
31016,31016,maternal_per_100000,health_region,Maternal mortality,"per 100,000 live births",70,2015,31.0945273631841,45024,4,0.579300312815282,52.5695380385894,Meta atingida
31017,31017,maternal_per_100000,health_region,Maternal mortality,"per 100,000 live births",70,2015,37.8859632506157,10558,4,-0.058153662780597,27.024707117024,Meta atingida
31018,31018,maternal_per_100000,health_region,Maternal mortality,"per 100,000 live births",70,2015,65.1200651200651,12285,4,3.46669129980632,127.120859037744,Meta atingida
31019,31019,maternal_per_100000,health_region,Maternal mortality,"per 100,000 live births",70,2015,45.8715596330275,2180,4,-3.84814034234176,0,Meta atingida
31020,31020,maternal_per_100000,health_region,Maternal mortality,"per 100,000 live births",70,2015,0,1109,4,-5.51663909372139,0,Meta atingida
31021,31021,maternal_per_100000,health_region,Maternal mortality,"per 100,000 live births",70,2015,30.1386377335744,3318,4,-0.0755121912445624,13.6849286939702,Meta atingida
31022,31022,maternal_per_100000,health_region,Maternal mortality,"per 100,000 live births",70,2015,0,2638,4,-6.51160522412665,0,Meta atingida
31023,31023,maternal_per_100000,health_region,Maternal mortality,"per 100,000 live births",70,2015,59.1016548463357,1692,4,-3.55044253564041,0,Meta atingida
31024,31024,maternal_per_100000,health_region,Maternal mortality,"per 100,000 live births",70,2015,18.3116645303058,5461,4,-4.803849088914,0,Meta atingida
31025,31025,maternal_per_100000,health_region,Maternal mortality,"per 100,000 live births",70,2015,103.842159916926,4815,4,6.23052959501556,166.147455867082,Fora do caminho
31026,31026,maternal_per_100000,health_region,Maternal mortality,"per 100,000 live births",70,2015,218.22149481724,1833,4,12.6907112743782,401.831684852354,Fora do caminho
31027,31027,maternal_per_100000,health_region,Maternal mortality,"per 100,000 live births",70,2015,0,1309,4,-3.00568532881794,0,Meta atingida
31028,31028,maternal_per_100000,health_region,Maternal mortality,"per 100,000 live births",70,2015,0,1189,4,0,0,Meta atingida
31030,31030,maternal_per_100000,health_region,Maternal mortality,"per 100,000 live births",70,2015,164.609053497942,1215,4,8.41881726235465,248.797226121489,Fora do caminho
31031,31031,maternal_per_100000,health_region,Maternal mortality,"per 100,000 live births",70,2015,69.3000693000693,1443,4,0.745034874727704,48.3090073533758,Meta atingida
31032,31032,maternal_per_100000,health_region,Maternal mortality,"per 100,000 live births",70,2015,30.0210147102972,3331,4,-0.215403708238205,45.8433212699941,Meta atingida
31034,31034,maternal_per_100000,health_region,Maternal mortality,"per 100,000 live births",70,2015,77.6699029126214,2575,4,2.60469571638113,86.5877062566315,Fora do caminho
31035,31035,maternal_per_100000,health_region,Maternal mortality,"per 100,000 live births",70,2015,34.2700479780672,2918,4,0.375868069649864,42.544496516891,Meta atingida
31036,31036,maternal_per_100000,health_region,Maternal mortality,"per 100,000 live births",70,2015,17.3040318394186,5779,4,-2.07446036829439,1.32657661678968,Meta atingida
31037,31037,maternal_per_100000,health_region,Maternal mortality,"per 100,000 live births",70,2015,37.2162262746558,5374,4,2.21907047227509,78.6710419586862,Meta atingida
31038,31038,maternal_per_100000,health_region,Maternal mortality,"per 100,000 live births",70,2015,0,872,4,4.21052631578948,147.368421052632,Meta atingida
31040,31040,maternal_per_100000,health_region,Maternal mortality,"per 100,000 live births",70,2015,91.324200913242,1095,4,0.671759747102214,57.9776958201614,Fora do caminho
31041,31041,maternal_per_100000,health_region,Maternal mortality,"per 100,000 live births",70,2015,0,710,4,0,0,Meta atingida
31042,31042,maternal_per_100000,health_region,Maternal mortality,"per 100,000 live births",70,2015,0,1678,4,-1.54068367838228,0,Meta atingida
31044,31044,maternal_per_100000,health_region,Maternal mortality,"per 100,000 live births",70,2015,53.0785562632697,1884,4,-2.89037484007028,0,Meta atingida
31045,31045,maternal_per_100000,health_region,Maternal mortality,"per 100,000 live births",70,2015,51.0725229826354,1958,4,3.19314318911994,108.951022855153,Meta atingida
31046,31046,maternal_per_100000,health_region,Maternal mortality,"per 100,000 live births",70,2015,0,519,4,0,0,Meta atingida
31047,31047,maternal_per_100000,health_region,Maternal mortality,"per 100,000 live births",70,2015,115.473441108545,866,4,6.9284064665127,184.757505773672,Fora do caminho
31048,31048,maternal_per_100000,health_region,Maternal mortality,"per 100,000 live births",70,2015,27.6319425255596,3619,4,-1.99872212966636,0,Meta atingida
31049,31049,maternal_per_100000,health_region,Maternal mortality,"per 100,000 live births",70,2015,66.7556742323098,2996,4,4.60324777830331,127.73583512446,Meta atingida
31050,31050,maternal_per_100000,health_region,Maternal mortality,"per 100,000 live births",70,2015,179.533213644524,557,4,10.7719928186714,287.253141831236,Fora do caminho
31051,31051,maternal_per_100000,health_region,Maternal mortality,"per 100,000 live births",70,2015,123.456790123457,810,4,-3.30687830687832,1.10229276896007,No caminho
31052,31052,maternal_per_100000,health_region,Maternal mortality,"per 100,000 live births",70,2015,134.843581445523,3708,4,6.54778038553738,199.864183668604,Fora do caminho
31053,31053,maternal_per_100000,health_region,Maternal mortality,"per 100,000 live births",70,2015,124.766063630692,1603,4,7.59913278042627,230.968871797493,Fora do caminho
31055,31055,maternal_per_100000,health_region,Maternal mortality,"per 100,000 live births",70,2015,153.846153846154,1950,4,9.46221635693399,273.939534939695,Fora do caminho
31057,31057,maternal_per_100000,health_region,Maternal mortality,"per 100,000 live births",70,2015,0,3155,4,-1.24339620823536,0,Meta atingida
31058,31058,maternal_per_100000,health_region,Maternal mortality,"per 100,000 live births",70,2015,0,3651,4,-2.04474393584338,0,Meta atingida
31059,31059,maternal_per_100000,health_region,Maternal mortality,"per 100,000 live births",70,2015,20.8203206329378,4803,4,0.666978728582134,29.7182509408713,Meta atingida
31060,31060,maternal_per_100000,health_region,Maternal mortality,"per 100,000 live births",70,2015,0,2277,4,-4.7984330159887,0,Meta atingida
31061,31061,maternal_per_100000,health_region,Maternal mortality,"per 100,000 live births",70,2015,0,1540,4,0,0,Meta atingida
31062,31062,maternal_per_100000,health_region,Maternal mortality,"per 100,000 live births",70,2015,0,780,4,0,0,Meta atingida
31064,31064,maternal_per_100000,health_region,Maternal mortality,"per 100,000 live births",70,2015,0,891,4,-15.522434692046,0,Meta atingida
31065,31065,maternal_per_100000,health_region,Maternal mortality,"per 100,000 live births",70,2015,293.255131964809,1023,4,16.332423713227,507.651892079714,Fora do caminho
31066,31066,maternal_per_100000,health_region,Maternal mortality,"per 100,000 live births",70,2015,116.414435389988,859,4,6.98486612339928,186.263096623981,Fora do caminho
31067,31067,maternal_per_100000,health_region,Maternal mortality,"per 100,000 live births",70,2015,118.063754427391,847,4,7.6836707648973,248.035424881891,Fora do caminho
31068,31068,maternal_per_100000,health_region,Maternal mortality,"per 100,000 live births",70,2015,0,838,4,-9.77190433358702,0,Meta atingida
31070,31070,maternal_per_100000,health_region,Maternal mortality,"per 100,000 live births",70,2015,0,2560,4,-0.714991886468967,17.4201057053351,Meta atingida
31071,31071,maternal_per_100000,health_region,Maternal mortality,"per 100,000 live births",70,2015,0,2137,4,-3.32778702163061,0,Meta atingida
31072,31072,maternal_per_100000,health_region,Maternal mortality,"per 100,000 live births",70,2015,53.8696354821332,5569,4,0.785890083536166,51.6973364891483,Meta atingida
31073,31073,maternal_per_100000,health_region,Maternal mortality,"per 100,000 live births",70,2015,89.7263346792284,2229,4,6.27723512990473,174.840062207051,Fora do caminho
31074,31074,maternal_per_100000,health_region,Maternal mortality,"per 100,000 live births",70,2015,0,2383,4,-2.98013646673752,0,Meta atingida
31075,31075,maternal_per_100000,health_region,Maternal mortality,"per 100,000 live births",70,2015,24.1448692152918,12425,4,-0.246105328368018,27.3055198585622,Meta atingida
31076,31076,maternal_per_100000,health_region,Maternal mortality,"per 100,000 live births",70,2015,221.729490022173,902,4,6.92177129081832,273.644760836118,Fora do caminho
31077,31077,maternal_per_100000,health_region,Maternal mortality,"per 100,000 live births",70,2015,0,1073,4,0,0,Meta atingida
31078,31078,maternal_per_100000,health_region,Maternal mortality,"per 100,000 live births",70,2015,60.1684717208183,1662,4,0.00433907247986383,30.16378552254,Meta atingida
31079,31079,maternal_per_100000,health_region,Maternal mortality,"per 100,000 live births",70,2015,0,2313,4,-2.18348773722059,0,Meta atingida
31080,31080,maternal_per_100000,health_region,Maternal mortality,"per 100,000 live births",70,2015,0,675,4,0,0,Meta atingida
31081,31081,maternal_per_100000,health_region,Maternal mortality,"per 100,000 live births",70,2015,205.761316872428,486,4,9.80114975025916,303.772814375021,Fora do caminho
31082,31082,maternal_per_100000,health_region,Maternal mortality,"per 100,000 live births",70,2015,77.0416024653313,1298,4,4.62249614791988,123.266563944529,Fora do caminho
31083,31083,maternal_per_100000,health_region,Maternal mortality,"per 100,000 live births",70,2015,205.549845837616,973,4,5.59467641304308,218.467350071316,Fora do caminho
31084,31084,maternal_per_100000,health_region,Maternal mortality,"per 100,000 live births",70,2015,59.7550044816253,6694,4,2.34236215370731,91.5866265915856,Meta atingida
31085,31085,maternal_per_100000,health_region,Maternal mortality,"per 100,000 live births",70,2015,58.24111822947,1717,4,-0.40945720473658,58.5892550460158,Meta atingida
31086,31086,maternal_per_100000,health_region,Maternal mortality,"per 100,000 live births",70,2015,49.3339911198816,4054,4,-1.66370032336439,0,Meta atingida
31087,31087,maternal_per_100000,health_region,Maternal mortality,"per 100,000 live births",70,2015,0,1563,4,1.36518771331058,47.7815699658704,Meta atingida
31088,31088,maternal_per_100000,health_region,Maternal mortality,"per 100,000 live births",70,2015,91.6590284142988,1091,4,5.49954170485793,146.654445462878,Fora do caminho
31089,31089,maternal_per_100000,health_region,Maternal mortality,"per 100,000 live births",70,2015,97.7517106549365,1023,4,5.86510263929619,156.402737047898,Fora do caminho
31090,31090,maternal_per_100000,health_region,Maternal mortality,"per 100,000 live births",70,2015,0,728,4,-5.67027670968426,0,Meta atingida
31091,31091,maternal_per_100000,health_region,Maternal mortality,"per 100,000 live births",70,2015,0,521,4,-8.130081300813,0,Meta atingida
31092,31092,maternal_per_100000,health_region,Maternal mortality,"per 100,000 live births",70,2015,155.581485803189,2571,4,6.31893179528506,228.592197301101,Fora do caminho
31093,31093,maternal_per_100000,health_region,Maternal mortality,"per 100,000 live births",70,2015,126.103404791929,793,4,1.8627822342838,97.2027100245009,Fora do caminho
31094,31094,maternal_per_100000,health_region,Maternal mortality,"per 100,000 live births",70,2015,50.0500500500501,1998,4,0.29891898102991,51.6611680939279,Meta atingida
31095,31095,maternal_per_100000,health_region,Maternal mortality,"per 100,000 live births",70,2015,0,686,4,0,0,Meta atingida
31096,31096,maternal_per_100000,health_region,Maternal mortality,"per 100,000 live births",70,2015,0,626,4,-9.80154522042114,0,Meta atingida
31097,31097,maternal_per_100000,health_region,Maternal mortality,"per 100,000 live births",70,2015,55.0357732526142,7268,4,-3.41512151315735,4.06323587873794,Meta atingida
31098,31098,maternal_per_100000,health_region,Maternal mortality,"per 100,000 live births",70,2015,0,882,4,0,0,Meta atingida
31099,31099,maternal_per_100000,health_region,Maternal mortality,"per 100,000 live births",70,2015,83.4724540901503,3594,4,-1.20649625582426,69.3805965958854,No caminho
32001,32001,maternal_per_100000,health_region,Maternal mortality,"per 100,000 live births",70,2015,54.987352908831,9093,4,1.92167849788479,101.021617542581,Meta atingida
32002,32002,maternal_per_100000,health_region,Maternal mortality,"per 100,000 live births",70,2015,58.2286239656758,32630,4,1.74928957283111,95.8121854517526,Meta atingida
32003,32003,maternal_per_100000,health_region,Maternal mortality,"per 100,000 live births",70,2015,32.4306794227339,6167,4,-2.53104931337608,0,Meta atingida
32004,32004,maternal_per_100000,health_region,Maternal mortality,"per 100,000 live births",70,2015,66.2910175671197,9051,4,-0.601080555409337,31.5610850744852,Meta atingida
33001,33001,maternal_per_100000,health_region,Maternal mortality,"per 100,000 live births",70,2015,24.6487552378605,4057,4,1.65123160330866,70.7659710974294,Meta atingida
33002,33002,maternal_per_100000,health_region,Maternal mortality,"per 100,000 live births",70,2015,51.0855683269476,11745,4,-1.89729304846602,32.4090535971504,Meta atingida
33003,33003,maternal_per_100000,health_region,Maternal mortality,"per 100,000 live births",70,2015,22.8728270814273,4372,4,-9.6737694308449,0,Meta atingida
33004,33004,maternal_per_100000,health_region,Maternal mortality,"per 100,000 live births",70,2015,51.7196793379881,11601,4,-4.09492977098721,0.31295921819401,Meta atingida
33005,33005,maternal_per_100000,health_region,Maternal mortality,"per 100,000 live births",70,2015,67.5817231987781,147969,4,0.579412828602253,79.9310522433511,Meta atingida
33006,33006,maternal_per_100000,health_region,Maternal mortality,"per 100,000 live births",70,2015,54.3436068628212,25762,4,0.63022838885609,63.6393270478113,Meta atingida
33007,33007,maternal_per_100000,health_region,Maternal mortality,"per 100,000 live births",70,2015,143.061516452074,4194,4,6.11321788887531,199.815188466084,Fora do caminho
33008,33008,maternal_per_100000,health_region,Maternal mortality,"per 100,000 live births",70,2015,87.0089016799411,14941,4,1.08839984195016,104.512815058551,Fora do caminho
33009,33009,maternal_per_100000,health_region,Maternal mortality,"per 100,000 live births",70,2015,65.0142218610321,12305,4,-2.50105141262713,41.5522179703685,Meta atingida
35011,35011,maternal_per_100000,health_region,Maternal mortality,"per 100,000 live births",70,2015,56.3392037392538,47924,4,1.30516244118815,79.3663677020345,Meta atingida
35012,35012,maternal_per_100000,health_region,Maternal mortality,"per 100,000 live births",70,2015,31.9727166151551,9383,4,-3.05014013428348,0,Meta atingida
35013,35013,maternal_per_100000,health_region,Maternal mortality,"per 100,000 live births",70,2015,36.7647058823529,19040,4,0.489228820928496,34.8421881000587,Meta atingida
35014,35014,maternal_per_100000,health_region,Maternal mortality,"per 100,000 live births",70,2015,15.2327565196198,32824,4,-1.02881411606127,1.95187845763212,Meta atingida
35015,35015,maternal_per_100000,health_region,Maternal mortality,"per 100,000 live births",70,2015,62.5050955240916,36797,4,1.91703459000881,81.4964208074507,Meta atingida
35016,35016,maternal_per_100000,health_region,Maternal mortality,"per 100,000 live births",70,2015,50.478410553958,176313,4,1.69578389808128,77.6501713810089,Meta atingida
35021,35021,maternal_per_100000,health_region,Maternal mortality,"per 100,000 live births",70,2015,0,3827,4,0.580046403712298,20.3016241299304,Meta atingida
35022,35022,maternal_per_100000,health_region,Maternal mortality,"per 100,000 live births",70,2015,0,2296,4,0,0,Meta atingida
35023,35023,maternal_per_100000,health_region,Maternal mortality,"per 100,000 live births",70,2015,28.8433804441881,3467,4,0.578229308938188,36.1745626702812,Meta atingida
35031,35031,maternal_per_100000,health_region,Maternal mortality,"per 100,000 live births",70,2015,49.1642084562439,4068,4,1.35363294466945,63.087709363756,Meta atingida
35032,35032,maternal_per_100000,health_region,Maternal mortality,"per 100,000 live births",70,2015,58.1395348837209,1720,4,2.29362896279625,81.075824511684,Meta atingida
35033,35033,maternal_per_100000,health_region,Maternal mortality,"per 100,000 live births",70,2015,100.502512562814,1990,4,5.50585716518696,187.661701100498,Fora do caminho
35034,35034,maternal_per_100000,health_region,Maternal mortality,"per 100,000 live births",70,2015,79.6654052977495,5021,4,4.42182694989288,146.019094049065,Fora do caminho
35041,35041,maternal_per_100000,health_region,Maternal mortality,"per 100,000 live births",70,2015,87.0012259263653,25287,4,3.30837192623823,144.168889774945,Fora do caminho
35051,35051,maternal_per_100000,health_region,Maternal mortality,"per 100,000 live births",70,2015,54.24464334147,3687,4,0.0478373391306361,27.9993395547967,Meta atingida
35052,35052,maternal_per_100000,health_region,Maternal mortality,"per 100,000 live births",70,2015,0,1753,4,-4.80639532615765,0,Meta atingida
35061,35061,maternal_per_100000,health_region,Maternal mortality,"per 100,000 live births",70,2015,24.6852628980499,4051,4,-1.18259326770294,3.26608612071868,Meta atingida
35062,35062,maternal_per_100000,health_region,Maternal mortality,"per 100,000 live births",70,2015,71.7875089734386,8358,4,2.61248984499286,94.7420120651104,Fora do caminho
35063,35063,maternal_per_100000,health_region,Maternal mortality,"per 100,000 live births",70,2015,24.9003984063745,4016,4,0.626306419554881,45.9350385146215,Meta atingida
35064,35064,maternal_per_100000,health_region,Maternal mortality,"per 100,000 live births",70,2015,48.3792936623125,4134,4,-0.185140165720858,36.4760337473327,Meta atingida
35065,35065,maternal_per_100000,health_region,Maternal mortality,"per 100,000 live births",70,2015,49.4315373208107,2023,4,0.383025256898232,31.7378983702063,Meta atingida
35071,35071,maternal_per_100000,health_region,Maternal mortality,"per 100,000 live births",70,2015,48.480930833872,6188,4,-0.223638287846101,40.1930813646843,Meta atingida
35072,35072,maternal_per_100000,health_region,Maternal mortality,"per 100,000 live births",70,2015,44.741675693496,42466,4,1.53162096300477,65.4029562323995,Meta atingida
35073,35073,maternal_per_100000,health_region,Maternal mortality,"per 100,000 live births",70,2015,59.0717299578059,11850,4,2.94533657839997,107.653520508453,Meta atingida
35074,35074,maternal_per_100000,health_region,Maternal mortality,"per 100,000 live births",70,2015,61.5384615384615,1625,4,-8.18529378544772,0,Meta atingida
35081,35081,maternal_per_100000,health_region,Maternal mortality,"per 100,000 live births",70,2015,16.986580601325,5887,4,-2.27939460074568,0,Meta atingida
35082,35082,maternal_per_100000,health_region,Maternal mortality,"per 100,000 live births",70,2015,152.827305145186,1963,4,10.1386305567732,278.438416914469,Fora do caminho
35083,35083,maternal_per_100000,health_region,Maternal mortality,"per 100,000 live births",70,2015,0,1496,4,-3.29454379621349,0,Meta atingida
35091,35091,maternal_per_100000,health_region,Maternal mortality,"per 100,000 live births",70,2015,0,1221,4,-6.35191014009752,0,Meta atingida
35092,35092,maternal_per_100000,health_region,Maternal mortality,"per 100,000 live births",70,2015,0,3076,4,-1.08116428915306,0,Meta atingida
35093,35093,maternal_per_100000,health_region,Maternal mortality,"per 100,000 live births",70,2015,20.5254515599343,4872,4,-1.69010960536195,0,Meta atingida
35094,35094,maternal_per_100000,health_region,Maternal mortality,"per 100,000 live births",70,2015,33.167495854063,3015,4,-5.34709706795041,0,Meta atingida
35095,35095,maternal_per_100000,health_region,Maternal mortality,"per 100,000 live births",70,2015,188.442211055276,1592,4,6.88600505195649,230.492610100309,Fora do caminho
35101,35101,maternal_per_100000,health_region,Maternal mortality,"per 100,000 live births",70,2015,71.5648854961832,4192,4,2.64972131197439,125.0188897948,Fora do caminho
35102,35102,maternal_per_100000,health_region,Maternal mortality,"per 100,000 live births",70,2015,0,4431,4,-5.01226275184626,0,Meta atingida
35103,35103,maternal_per_100000,health_region,Maternal mortality,"per 100,000 live births",70,2015,25.5656397801355,7823,4,0.830336729571538,56.1038192395633,Meta atingida
35104,35104,maternal_per_100000,health_region,Maternal mortality,"per 100,000 live births",70,2015,60.7348921955664,3293,4,3.7422903682555,132.510643425929,Meta atingida
35111,35111,maternal_per_100000,health_region,Maternal mortality,"per 100,000 live births",70,2015,0,1584,4,-1.33779264214047,0,Meta atingida
35112,35112,maternal_per_100000,health_region,Maternal mortality,"per 100,000 live births",70,2015,96.5996908809892,5176,4,3.96177524352254,137.795502947351,Fora do caminho
35113,35113,maternal_per_100000,health_region,Maternal mortality,"per 100,000 live births",70,2015,0,788,4,-2.5412960609911,0,Meta atingida
35114,35114,maternal_per_100000,health_region,Maternal mortality,"per 100,000 live births",70,2015,0,1094,4,0,0,Meta atingida
35115,35115,maternal_per_100000,health_region,Maternal mortality,"per 100,000 live births",70,2015,104.82180293501,954,4,1.54247273306262,80.6895682403197,Fora do caminho
35121,35121,maternal_per_100000,health_region,Maternal mortality,"per 100,000 live births",70,2015,95.1927653498334,4202,4,0.117258854486622,64.7346933789401,Fora do caminho
35131,35131,maternal_per_100000,health_region,Maternal mortality,"per 100,000 live births",70,2015,90.0414190527643,5553,4,5.0570685459868,149.582323385972,Fora do caminho
35132,35132,maternal_per_100000,health_region,Maternal mortality,"per 100,000 live births",70,2015,34.3318170114153,11651,4,-0.171773568803057,28.0710389407416,Meta atingida
35133,35133,maternal_per_100000,health_region,Maternal mortality,"per 100,000 live births",70,2015,172.910662824208,1735,4,10.3746397694525,276.657060518737,Fora do caminho
35141,35141,maternal_per_100000,health_region,Maternal mortality,"per 100,000 live births",70,2015,47.7099236641221,4192,4,1.97158957647296,68.5918360261617,Meta atingida
35142,35142,maternal_per_100000,health_region,Maternal mortality,"per 100,000 live births",70,2015,0,3292,4,-0.908595954096462,0,Meta atingida
35143,35143,maternal_per_100000,health_region,Maternal mortality,"per 100,000 live births",70,2015,79.1139240506329,2528,4,4.82197624241276,147.230224477147,Fora do caminho
35151,35151,maternal_per_100000,health_region,Maternal mortality,"per 100,000 live births",70,2015,56.0695262125035,3567,4,-2.05409892418959,8.92571707169827,Meta atingida
35152,35152,maternal_per_100000,health_region,Maternal mortality,"per 100,000 live births",70,2015,0,596,4,-11.1940298507462,0,Meta atingida
35153,35153,maternal_per_100000,health_region,Maternal mortality,"per 100,000 live births",70,2015,180.995475113122,1105,4,1.92450884930406,125.780399793803,Fora do caminho
35154,35154,maternal_per_100000,health_region,Maternal mortality,"per 100,000 live births",70,2015,72.1500721500722,1386,4,4.32900432900433,115.440115440115,Fora do caminho
35155,35155,maternal_per_100000,health_region,Maternal mortality,"per 100,000 live births",70,2015,45.0704225352113,8875,4,1.92389748943291,76.574377888523,Meta atingida
35156,35156,maternal_per_100000,health_region,Maternal mortality,"per 100,000 live births",70,2015,0,1201,4,-3.38489726736944,0,Meta atingida
35157,35157,maternal_per_100000,health_region,Maternal mortality,"per 100,000 live births",70,2015,0,2298,4,-8.27966881324746,0,Meta atingida
35161,35161,maternal_per_100000,health_region,Maternal mortality,"per 100,000 live births",70,2015,14.8875986303409,6717,4,-1.92968461594775,0,Meta atingida
35162,35162,maternal_per_100000,health_region,Maternal mortality,"per 100,000 live births",70,2015,138.632162661738,4328,4,4.5830297247897,180.307602479967,Fora do caminho
35163,35163,maternal_per_100000,health_region,Maternal mortality,"per 100,000 live births",70,2015,33.2792545446982,24039,4,0.990624122994668,54.0925351792032,Meta atingida
35171,35171,maternal_per_100000,health_region,Maternal mortality,"per 100,000 live births",70,2015,26.5216814746055,15082,4,-1.51419021553419,0,Meta atingida
35172,35172,maternal_per_100000,health_region,Maternal mortality,"per 100,000 live births",70,2015,16.7056465085199,5986,4,-0.89991630089761,2.57002768733241,Meta atingida
35173,35173,maternal_per_100000,health_region,Maternal mortality,"per 100,000 live births",70,2015,101.60536476326,4921,4,-0.251287559983835,79.2452246185923,Fora do caminho
35174,35174,maternal_per_100000,health_region,Maternal mortality,"per 100,000 live births",70,2015,24.3961941937058,8198,4,-1.67110736061634,0,Meta atingida
41001,41001,maternal_per_100000,health_region,Maternal mortality,"per 100,000 live births",70,2015,22.456770716371,4453,4,-6.67479207372942,0,Meta atingida
41002,41002,maternal_per_100000,health_region,Maternal mortality,"per 100,000 live births",70,2015,28.9390928559026,51833,4,-1.23811117880436,14.4695766616014,Meta atingida
41003,41003,maternal_per_100000,health_region,Maternal mortality,"per 100,000 live births",70,2015,30.9246469436141,9701,4,-2.14146818503926,20.6359935900473,Meta atingida
41004,41004,maternal_per_100000,health_region,Maternal mortality,"per 100,000 live births",70,2015,126.582278481013,2370,4,8.94937936481217,283.314975644073,Fora do caminho
41005,41005,maternal_per_100000,health_region,Maternal mortality,"per 100,000 live births",70,2015,27.5216733177377,7267,4,-9.29719104026498,0,Meta atingida
41006,41006,maternal_per_100000,health_region,Maternal mortality,"per 100,000 live births",70,2015,39.6667988893296,2521,4,-7.59724599550705,0,Meta atingida
41007,41007,maternal_per_100000,health_region,Maternal mortality,"per 100,000 live births",70,2015,24.0211386019697,4163,4,-4.04634826340431,0,Meta atingida
41008,41008,maternal_per_100000,health_region,Maternal mortality,"per 100,000 live births",70,2015,104.210087536474,4798,4,-2.53397248858697,42.0232272398598,No caminho
41009,41009,maternal_per_100000,health_region,Maternal mortality,"per 100,000 live births",70,2015,61.986672865334,6453,4,1.79403686889885,94.6973664669158,Meta atingida
41010,41010,maternal_per_100000,health_region,Maternal mortality,"per 100,000 live births",70,2015,37.4812593703149,8004,4,-2.25992467287321,1.99227760867052,Meta atingida
41011,41011,maternal_per_100000,health_region,Maternal mortality,"per 100,000 live births",70,2015,112.258643915582,4454,4,2.37140542316947,124.955015676344,Fora do caminho
41012,41012,maternal_per_100000,health_region,Maternal mortality,"per 100,000 live births",70,2015,52.4658971668416,3812,4,-1.15904251625844,33.6546164866973,Meta atingida
41013,41013,maternal_per_100000,health_region,Maternal mortality,"per 100,000 live births",70,2015,187.705302674801,2131,4,6.47657591904285,255.929452628043,Fora do caminho
41014,41014,maternal_per_100000,health_region,Maternal mortality,"per 100,000 live births",70,2015,77.8816199376947,3852,4,1.70682007231987,97.6296629425051,Fora do caminho
41015,41015,maternal_per_100000,health_region,Maternal mortality,"per 100,000 live births",70,2015,45.8926112895824,10895,4,0.106653179582106,69.2696494010975,Meta atingida
41016,41016,maternal_per_100000,health_region,Maternal mortality,"per 100,000 live births",70,2015,77.5344058926148,5159,4,3.492474836743,133.875410141918,Fora do caminho
41017,41017,maternal_per_100000,health_region,Maternal mortality,"per 100,000 live births",70,2015,79.8913477670368,12517,4,1.83963023218915,110.305121821184,Fora do caminho
41018,41018,maternal_per_100000,health_region,Maternal mortality,"per 100,000 live births",70,2015,0,2843,4,-4.42058501682759,0,Meta atingida
41019,41019,maternal_per_100000,health_region,Maternal mortality,"per 100,000 live births",70,2015,108.342361863489,3692,4,-2.06968246466269,37.2768472770331,No caminho
41020,41020,maternal_per_100000,health_region,Maternal mortality,"per 100,000 live births",70,2015,72.4375226367258,5522,4,1.95958682490305,117.339902892705,Fora do caminho
41021,41021,maternal_per_100000,health_region,Maternal mortality,"per 100,000 live births",70,2015,109.569028487947,2738,4,1.22968541688745,110.978662748256,Fora do caminho
41022,41022,maternal_per_100000,health_region,Maternal mortality,"per 100,000 live births",70,2015,56.5610859728507,1768,4,1.06898480192005,47.8785976882932,Meta atingida
42001,42001,maternal_per_100000,health_region,Maternal mortality,"per 100,000 live births",70,2015,0,2971,4,-3.09491859355729,0,Meta atingida
42002,42002,maternal_per_100000,health_region,Maternal mortality,"per 100,000 live births",70,2015,77.5193798449612,5160,4,-1.80219259856009,21.079217035945,No caminho
42003,42003,maternal_per_100000,health_region,Maternal mortality,"per 100,000 live births",70,2015,100.637370010064,2981,4,6.11498210644753,198.403815021811,Fora do caminho
42004,42004,maternal_per_100000,health_region,Maternal mortality,"per 100,000 live births",70,2015,24.7218788627936,4045,4,-1.38887491782549,0,Meta atingida
42005,42005,maternal_per_100000,health_region,Maternal mortality,"per 100,000 live births",70,2015,48.086170417388,10398,4,-0.0702203807243597,33.7671249952587,Meta atingida
42006,42006,maternal_per_100000,health_region,Maternal mortality,"per 100,000 live births",70,2015,30.7755437012721,9748,4,0.618891051601554,42.3844597698865,Meta atingida
42007,42007,maternal_per_100000,health_region,Maternal mortality,"per 100,000 live births",70,2015,31.5855969677827,15830,4,1.44464909422733,49.9689087506381,Meta atingida
42008,42008,maternal_per_100000,health_region,Maternal mortality,"per 100,000 live births",70,2015,0,2567,4,-4.08981271429902,0,Meta atingida
42009,42009,maternal_per_100000,health_region,Maternal mortality,"per 100,000 live births",70,2015,22.3214285714286,4480,4,-4.21517174961031,0,Meta atingida
42010,42010,maternal_per_100000,health_region,Maternal mortality,"per 100,000 live births",70,2015,0,1875,4,1.13700966458215,39.7953382603755,Meta atingida
42011,42011,maternal_per_100000,health_region,Maternal mortality,"per 100,000 live births",70,2015,13.6137771424682,14691,4,-0.0186675674760246,17.4983625148627,Meta atingida
42012,42012,maternal_per_100000,health_region,Maternal mortality,"per 100,000 live births",70,2015,37.1954621536173,5377,4,1.73072548273052,79.3517836461119,Meta atingida
42013,42013,maternal_per_100000,health_region,Maternal mortality,"per 100,000 live births",70,2015,24.2072137496974,4131,4,-1.17718445897379,7.27652025977659,Meta atingida
42014,42014,maternal_per_100000,health_region,Maternal mortality,"per 100,000 live births",70,2015,38.7446726075165,2581,4,-0.631224791462336,14.2373737467503,Meta atingida
42015,42015,maternal_per_100000,health_region,Maternal mortality,"per 100,000 live births",70,2015,0,5791,4,-3.38025669824484,0,Meta atingida
42016,42016,maternal_per_100000,health_region,Maternal mortality,"per 100,000 live births",70,2015,21.7627856365615,4595,4,-1.27487802309663,0,Meta atingida
43001,43001,maternal_per_100000,health_region,Maternal mortality,"per 100,000 live births",70,2015,19.1204588910134,5230,4,-1.8392615653338,8.01080726808686,Meta atingida
43002,43002,maternal_per_100000,health_region,Maternal mortality,"per 100,000 live births",70,2015,0,1329,4,1.51860288534548,53.1511009870924,Meta atingida
43003,43003,maternal_per_100000,health_region,Maternal mortality,"per 100,000 live births",70,2015,47.0366886171214,6378,4,-2.21325809784241,6.29005826774665,Meta atingida
43004,43004,maternal_per_100000,health_region,Maternal mortality,"per 100,000 live births",70,2015,43.2525951557093,2312,4,-2.87181467790118,0,Meta atingida
43005,43005,maternal_per_100000,health_region,Maternal mortality,"per 100,000 live births",70,2015,0,3010,4,-2.99645396833872,0,Meta atingida
43006,43006,maternal_per_100000,health_region,Maternal mortality,"per 100,000 live births",70,2015,33.6247478143914,2974,4,-0.745290491121425,47.1686058442581,Meta atingida
43007,43007,maternal_per_100000,health_region,Maternal mortality,"per 100,000 live births",70,2015,17.9985601151908,11112,4,-0.1140446460825,31.7086171826011,Meta atingida
43008,43008,maternal_per_100000,health_region,Maternal mortality,"per 100,000 live births",70,2015,78.3221651727439,11491,4,1.61606227796895,96.8993370835879,Fora do caminho
43009,43009,maternal_per_100000,health_region,Maternal mortality,"per 100,000 live births",70,2015,19.33114247052,5173,4,-1.04886593962923,32.2099788540268,Meta atingida
43010,43010,maternal_per_100000,health_region,Maternal mortality,"per 100,000 live births",70,2015,27.6497695852535,32550,4,-0.439043341767534,22.2741366147162,Meta atingida
43011,43011,maternal_per_100000,health_region,Maternal mortality,"per 100,000 live births",70,2015,29.171528588098,3428,4,-0.90847771946166,25.2296898613715,Meta atingida
43012,43012,maternal_per_100000,health_region,Maternal mortality,"per 100,000 live births",70,2015,0,1968,4,-2.35756385068762,0,Meta atingida
43013,43013,maternal_per_100000,health_region,Maternal mortality,"per 100,000 live births",70,2015,0,2896,4,-0.764149102653088,17.1725021352227,Meta atingida
43014,43014,maternal_per_100000,health_region,Maternal mortality,"per 100,000 live births",70,2015,38.0662352493338,2627,4,-1.94855453465917,0,Meta atingida
43015,43015,maternal_per_100000,health_region,Maternal mortality,"per 100,000 live births",70,2015,41.8585182084554,2389,4,2.8665352897457,126.855723013581,Meta atingida
43016,43016,maternal_per_100000,health_region,Maternal mortality,"per 100,000 live births",70,2015,71.301247771836,2805,4,0.64733150821149,92.4492064185256,Fora do caminho
43017,43017,maternal_per_100000,health_region,Maternal mortality,"per 100,000 live births",70,2015,0,5592,4,-1.14350508491911,13.065660879231,Meta atingida
43018,43018,maternal_per_100000,health_region,Maternal mortality,"per 100,000 live births",70,2015,61.3873542050338,1629,4,4.13519654590177,178.554331036303,Meta atingida
43019,43019,maternal_per_100000,health_region,Maternal mortality,"per 100,000 live births",70,2015,0,1334,4,-5.85693294395602,0,Meta atingida
43020,43020,maternal_per_100000,health_region,Maternal mortality,"per 100,000 live births",70,2015,0,2143,4,-9.38021535445556,0,Meta atingida
43021,43021,maternal_per_100000,health_region,Maternal mortality,"per 100,000 live births",70,2015,45.1793620674076,11067,4,0.637419170085959,60.2789728707742,Meta atingida
43022,43022,maternal_per_100000,health_region,Maternal mortality,"per 100,000 live births",70,2015,83.1946755407654,2404,4,4.48836528229523,169.744995030385,Fora do caminho
43023,43023,maternal_per_100000,health_region,Maternal mortality,"per 100,000 live births",70,2015,24.7157686604053,8092,4,-1.19663972843613,13.3334263607549,Meta atingida
43024,43024,maternal_per_100000,health_region,Maternal mortality,"per 100,000 live births",70,2015,0,1495,4,-3.36511497476163,0,Meta atingida
43025,43025,maternal_per_100000,health_region,Maternal mortality,"per 100,000 live births",70,2015,0,3831,4,-1.94767413556794,0,Meta atingida
43026,43026,maternal_per_100000,health_region,Maternal mortality,"per 100,000 live births",70,2015,87.6424189307625,2282,4,5.25854513584575,140.22787028922,Fora do caminho
43027,43027,maternal_per_100000,health_region,Maternal mortality,"per 100,000 live births",70,2015,0,2407,4,-4.26699572636541,0,Meta atingida
43028,43028,maternal_per_100000,health_region,Maternal mortality,"per 100,000 live births",70,2015,48.7448208627833,4103,4,-3.36357212046472,0,Meta atingida
43029,43029,maternal_per_100000,health_region,Maternal mortality,"per 100,000 live births",70,2015,0,2657,4,-2.59515570934256,0,Meta atingida
43030,43030,maternal_per_100000,health_region,Maternal mortality,"per 100,000 live births",70,2015,60.5693519079346,1651,4,2.15816092147754,119.215453339167,Meta atingida
50001,50001,maternal_per_100000,health_region,Maternal mortality,"per 100,000 live births",70,2015,50.6564228122758,23689,4,0.828360133239988,70.7459486656653,Meta atingida
50002,50002,maternal_per_100000,health_region,Maternal mortality,"per 100,000 live births",70,2015,170.575692963753,2345,4,10.5513471335016,363.178994242768,Fora do caminho
50003,50003,maternal_per_100000,health_region,Maternal mortality,"per 100,000 live births",70,2015,93.7072010379875,13873,4,3.65763113474863,154.179272202297,Fora do caminho
50004,50004,maternal_per_100000,health_region,Maternal mortality,"per 100,000 live births",70,2015,47.2255017709563,4235,4,-0.975727801378511,36.774512410615,Meta atingida
51001,51001,maternal_per_100000,health_region,Maternal mortality,"per 100,000 live births",70,2015,124.610591900312,1605,4,-3.66950945817926,31.6408771722054,No caminho
51002,51002,maternal_per_100000,health_region,Maternal mortality,"per 100,000 live births",70,2015,93.2237953737692,17163,4,2.00471800406192,114.422438919775,Fora do caminho
51003,51003,maternal_per_100000,health_region,Maternal mortality,"per 100,000 live births",70,2015,81.6993464052288,1224,4,0.239956122309069,84.0989076283195,Fora do caminho
51004,51004,maternal_per_100000,health_region,Maternal mortality,"per 100,000 live births",70,2015,0,1374,4,-2.2315336037205,0,Meta atingida
51005,51005,maternal_per_100000,health_region,Maternal mortality,"per 100,000 live births",70,2015,45.9770114942529,2175,4,5.28387321490769,161.947056774645,Meta atingida
51006,51006,maternal_per_100000,health_region,Maternal mortality,"per 100,000 live births",70,2015,55.2181115405853,1811,4,-4.62025291777105,0,Meta atingida
51007,51007,maternal_per_100000,health_region,Maternal mortality,"per 100,000 live births",70,2015,25.516713447308,3919,4,-6.26182111520398,0,Meta atingida
51008,51008,maternal_per_100000,health_region,Maternal mortality,"per 100,000 live births",70,2015,138.953219082909,2159,4,-0.228121586672197,108.73122206907,Fora do caminho
51009,51009,maternal_per_100000,health_region,Maternal mortality,"per 100,000 live births",70,2015,0,235,4,-5.0761421319797,0,Meta atingida
51010,51010,maternal_per_100000,health_region,Maternal mortality,"per 100,000 live births",70,2015,0,1141,4,1.22523597137227,123.269111088062,Meta atingida
51011,51011,maternal_per_100000,health_region,Maternal mortality,"per 100,000 live births",70,2015,162.39038648912,3079,4,3.14608930858305,177.110816410571,Fora do caminho
51012,51012,maternal_per_100000,health_region,Maternal mortality,"per 100,000 live births",70,2015,101.781170483461,1965,4,-2.5687436420985,21.8637991383985,No caminho
51013,51013,maternal_per_100000,health_region,Maternal mortality,"per 100,000 live births",70,2015,68.6341798215511,8742,4,1.72751427683645,110.273435033201,Meta atingida
51014,51014,maternal_per_100000,health_region,Maternal mortality,"per 100,000 live births",70,2015,51.5796260477112,7755,4,0.420043470682995,73.8553406242031,Meta atingida
51015,51015,maternal_per_100000,health_region,Maternal mortality,"per 100,000 live births",70,2015,0,1502,4,-3.0414894744242,0,Meta atingida
51016,51016,maternal_per_100000,health_region,Maternal mortality,"per 100,000 live births",70,2015,0,822,4,-9.93979472979888,0,Meta atingida
52001,52001,maternal_per_100000,health_region,Maternal mortality,"per 100,000 live births",70,2015,35.2621742656652,28359,4,-0.690683321185796,26.9478709785906,Meta atingida
52002,52002,maternal_per_100000,health_region,Maternal mortality,"per 100,000 live births",70,2015,58.0004350032625,13793,4,2.32770441633094,81.5171408570377,Meta atingida
52003,52003,maternal_per_100000,health_region,Maternal mortality,"per 100,000 live births",70,2015,73.837066207236,4063,4,4.53296569009476,177.306257991904,Fora do caminho
52004,52004,maternal_per_100000,health_region,Maternal mortality,"per 100,000 live births",70,2015,59.0929236223962,13538,4,4.83627272050621,155.379685088699,Meta atingida
52005,52005,maternal_per_100000,health_region,Maternal mortality,"per 100,000 live births",70,2015,74.5526838966203,4024,4,3.19587059637147,105.462390197082,Fora do caminho
52006,52006,maternal_per_100000,health_region,Maternal mortality,"per 100,000 live births",70,2015,132.275132275132,756,4,6.374988243235,262.250180270396,Fora do caminho
52007,52007,maternal_per_100000,health_region,Maternal mortality,"per 100,000 live births",70,2015,139.470013947001,1434,4,9.99942793768426,308.382280918606,Fora do caminho
52008,52008,maternal_per_100000,health_region,Maternal mortality,"per 100,000 live births",70,2015,101.574403250381,1969,4,3.55667055052552,153.029865421862,Fora do caminho
52009,52009,maternal_per_100000,health_region,Maternal mortality,"per 100,000 live births",70,2015,0,1386,4,0,0,Meta atingida
52010,52010,maternal_per_100000,health_region,Maternal mortality,"per 100,000 live births",70,2015,75.2445447705041,1329,4,4.61354982937562,163.503042221801,Fora do caminho
52011,52011,maternal_per_100000,health_region,Maternal mortality,"per 100,000 live births",70,2015,75,8000,4,2.69142090258024,111.432211124985,Fora do caminho
52012,52012,maternal_per_100000,health_region,Maternal mortality,"per 100,000 live births",70,2015,39.4011032308905,2538,4,0.921064750851986,48.6117507394104,Meta atingida
52013,52013,maternal_per_100000,health_region,Maternal mortality,"per 100,000 live births",70,2015,90.8265213442325,2202,4,6.460202700563,180.693833847588,Fora do caminho
52014,52014,maternal_per_100000,health_region,Maternal mortality,"per 100,000 live births",70,2015,61.9578686493185,1614,4,-3.45575484944596,0,Meta atingida
52015,52015,maternal_per_100000,health_region,Maternal mortality,"per 100,000 live births",70,2015,61.9003404518725,6462,4,3.70845258968243,107.660903135093,Meta atingida
52016,52016,maternal_per_100000,health_region,Maternal mortality,"per 100,000 live births",70,2015,88.6262924667651,3385,4,4.70194625959502,170.043723724604,Fora do caminho
52017,52017,maternal_per_100000,health_region,Maternal mortality,"per 100,000 live births",70,2015,58.8062334607468,3401,4,1.07758602072836,54.7144159992822,Meta atingida
52018,52018,maternal_per_100000,health_region,Maternal mortality,"per 100,000 live births",70,2015,0,2414,4,-3.4497154898743,0,Meta atingida
53001,53001,maternal_per_100000,health_region,Maternal mortality,"per 100,000 live births",70,2015,34.6906031828628,46122,4,0.0323918540603304,39.901226814068,Meta atingida
11001,11001,neonatal_per_1000,health_region,Neonatal mortality,"per 1,000 live births",12,2015,8.47022587268994,3896,4,0.0130106282289088,9.26115925435327,Meta atingida
11002,11002,neonatal_per_1000,health_region,Neonatal mortality,"per 1,000 live births",12,2015,11.0782865583456,2708,4,-0.139421896633376,8.87347608534316,Meta atingida
11003,11003,neonatal_per_1000,health_region,Neonatal mortality,"per 1,000 live births",12,2015,10.01701001701,5291,4,-0.343742227043466,4.81315965957958,Meta atingida
11004,11004,neonatal_per_1000,health_region,Neonatal mortality,"per 1,000 live births",12,2015,10.0343770324259,10763,4,-0.835044376991768,0,Meta atingida
11005,11005,neonatal_per_1000,health_region,Neonatal mortality,"per 1,000 live births",12,2015,11.7762512266928,2038,4,-0.112477586509676,9.39487509317692,Meta atingida
11006,11006,neonatal_per_1000,health_region,Neonatal mortality,"per 1,000 live births",12,2015,8.51581508515815,2466,4,0.108980666086521,13.1404131960128,Meta atingida
11007,11007,neonatal_per_1000,health_region,Neonatal mortality,"per 1,000 live births",12,2015,9.30851063829787,752,4,-0.129688371725637,7.76910912234393,Meta atingida
12001,12001,neonatal_per_1000,health_region,Neonatal mortality,"per 1,000 live births",12,2015,11.6788321167883,1370,4,0.255875682854578,17.4823741120304,Meta atingida
12002,12002,neonatal_per_1000,health_region,Neonatal mortality,"per 1,000 live births",12,2015,9.28792569659443,10336,4,-0.458549035760382,2.05302104755981,Meta atingida
12003,12003,neonatal_per_1000,health_region,Neonatal mortality,"per 1,000 live births",12,2015,12.3246113007205,5274,4,-0.604531714257941,0,No caminho
13001,13001,neonatal_per_1000,health_region,Neonatal mortality,"per 1,000 live births",12,2015,9.21982883367098,48374,4,-0.751036314294103,0,Meta atingida
13002,13002,neonatal_per_1000,health_region,Neonatal mortality,"per 1,000 live births",12,2015,7.61871013465627,5644,4,-0.135378808405139,5.76104432448534,Meta atingida
13003,13003,neonatal_per_1000,health_region,Neonatal mortality,"per 1,000 live births",12,2015,9.97195387971331,3209,4,0.281584968676837,15.5690813821498,Meta atingida
13004,13004,neonatal_per_1000,health_region,Neonatal mortality,"per 1,000 live births",12,2015,9.4876660341556,3162,4,0.129726609303055,11.9406598094557,Meta atingida
13005,13005,neonatal_per_1000,health_region,Neonatal mortality,"per 1,000 live births",12,2015,12.1149897330596,4870,4,0.206592826931932,14.322503806568,Fora do caminho
13006,13006,neonatal_per_1000,health_region,Neonatal mortality,"per 1,000 live births",12,2015,11.7351215423303,2386,4,0.57696919625712,20.6130074901291,Meta atingida
13007,13007,neonatal_per_1000,health_region,Neonatal mortality,"per 1,000 live births",12,2015,11.5922263893624,2933,4,0.0852173515900041,14.9293608868722,Meta atingida
13008,13008,neonatal_per_1000,health_region,Neonatal mortality,"per 1,000 live births",12,2015,11.6129032258065,3100,4,0.00534906592825211,12.7866104475154,Meta atingida
13009,13009,neonatal_per_1000,health_region,Neonatal mortality,"per 1,000 live births",12,2015,15.6225589751601,6401,4,-0.268386813043505,7.12445920034031,No caminho
14001,14001,neonatal_per_1000,health_region,Neonatal mortality,"per 1,000 live births",12,2015,9.84726688102894,9952,4,-0.116199323627406,6.93962780373079,Meta atingida
14002,14002,neonatal_per_1000,health_region,Neonatal mortality,"per 1,000 live births",12,2015,15.0995195607413,1457,4,0.215412683465497,15.5411226762312,Fora do caminho
15001,15001,neonatal_per_1000,health_region,Neonatal mortality,"per 1,000 live births",12,2015,9.21776981180387,7811,4,-0.346654151792396,3.93929962058076,Meta atingida
15002,15002,neonatal_per_1000,health_region,Neonatal mortality,"per 1,000 live births",12,2015,13.3849484941933,15241,4,0.109352285576574,16.1326019609115,Fora do caminho
15003,15003,neonatal_per_1000,health_region,Neonatal mortality,"per 1,000 live births",12,2015,10.4296296296296,16875,4,-0.581651337957778,0.888151623498743,Meta atingida
15004,15004,neonatal_per_1000,health_region,Neonatal mortality,"per 1,000 live births",12,2015,9.74157759437153,7391,4,-0.653711302532754,0.461806253550094,Meta atingida
15006,15006,neonatal_per_1000,health_region,Neonatal mortality,"per 1,000 live births",12,2015,10.3953906654879,32803,4,-0.606441558185868,0.174105411467281,Meta atingida
15007,15007,neonatal_per_1000,health_region,Neonatal mortality,"per 1,000 live births",12,2015,11.0282192669478,6166,4,-0.24235550220076,7.57980423280219,Meta atingida
15008,15008,neonatal_per_1000,health_region,Neonatal mortality,"per 1,000 live births",12,2015,9.49681077250177,14110,4,-0.280973984582802,5.5228925118895,Meta atingida
15009,15009,neonatal_per_1000,health_region,Neonatal mortality,"per 1,000 live births",12,2015,8.73753780665397,8927,4,-0.190773993444006,6.97985551466013,Meta atingida
15010,15010,neonatal_per_1000,health_region,Neonatal mortality,"per 1,000 live births",12,2015,11.3236034222446,3974,4,-0.0546338525489141,12.1572077184695,Meta atingida
15011,15011,neonatal_per_1000,health_region,Neonatal mortality,"per 1,000 live births",12,2015,11.7806593779134,11799,4,0.0388944190881159,13.2225027603908,Meta atingida
15012,15012,neonatal_per_1000,health_region,Neonatal mortality,"per 1,000 live births",12,2015,9.08836689038031,7152,4,-0.854430331153667,0,Meta atingida
15013,15013,neonatal_per_1000,health_region,Neonatal mortality,"per 1,000 live births",12,2015,13.3973710819009,3956,4,-0.0236433426245161,14.6169557801466,Fora do caminho
15014,15014,neonatal_per_1000,health_region,Neonatal mortality,"per 1,000 live births",12,2015,11.6778523489933,7450,4,-0.110004948308002,9.462601058215,Meta atingida
16001,16001,neonatal_per_1000,health_region,Neonatal mortality,"per 1,000 live births",12,2015,11.6048683838098,10599,4,-0.559473016633434,3.47016533269652,Meta atingida
16002,16002,neonatal_per_1000,health_region,Neonatal mortality,"per 1,000 live births",12,2015,7.41350906095552,1214,4,-0.179510312392035,7.06265676375051,Meta atingida
16003,16003,neonatal_per_1000,health_region,Neonatal mortality,"per 1,000 live births",12,2015,10.4219623792578,3934,4,-0.408594249369222,3.78341759204545,Meta atingida
17001,17001,neonatal_per_1000,health_region,Neonatal mortality,"per 1,000 live births",12,2015,9.08193484698914,5065,4,-0.329175080897835,2.53694466660306,Meta atingida
17002,17002,neonatal_per_1000,health_region,Neonatal mortality,"per 1,000 live births",12,2015,8.33581423042572,3359,4,-0.271918456213147,4.69019307846838,Meta atingida
17003,17003,neonatal_per_1000,health_region,Neonatal mortality,"per 1,000 live births",12,2015,9.58702064896755,1356,4,0.468392964635613,22.1513754346119,Meta atingida
17004,17004,neonatal_per_1000,health_region,Neonatal mortality,"per 1,000 live births",12,2015,6.18811881188119,2424,4,-0.613711896990595,0,Meta atingida
17005,17005,neonatal_per_1000,health_region,Neonatal mortality,"per 1,000 live births",12,2015,10.2118003025719,2644,4,-0.218368234355623,6.06466618330404,Meta atingida
17006,17006,neonatal_per_1000,health_region,Neonatal mortality,"per 1,000 live births",12,2015,9.16006831237386,6441,4,-0.287852250897007,3.51380752330476,Meta atingida
17007,17007,neonatal_per_1000,health_region,Neonatal mortality,"per 1,000 live births",12,2015,8.05585392051557,1862,4,-0.436122937100013,0,Meta atingida
17008,17008,neonatal_per_1000,health_region,Neonatal mortality,"per 1,000 live births",12,2015,8.18414322250639,1955,4,-0.570248755335643,0,Meta atingida
21001,21001,neonatal_per_1000,health_region,Neonatal mortality,"per 1,000 live births",12,2015,11.8858954041204,5048,4,-0.441307212114378,3.0872981304226,Meta atingida
21002,21002,neonatal_per_1000,health_region,Neonatal mortality,"per 1,000 live births",12,2015,10.370021211407,4243,4,0.119734910750154,12.8615566621145,Meta atingida
21003,21003,neonatal_per_1000,health_region,Neonatal mortality,"per 1,000 live births",12,2015,11.2011439466158,4196,4,0.712531464960263,24.0548790470066,Meta atingida
21004,21004,neonatal_per_1000,health_region,Neonatal mortality,"per 1,000 live births",12,2015,12.5230958735373,4871,4,0.213902391418862,16.0466764989843,Fora do caminho
21005,21005,neonatal_per_1000,health_region,Neonatal mortality,"per 1,000 live births",12,2015,11.9783616692427,5176,4,-0.363771867161058,7.80922043881253,Meta atingida
21006,21006,neonatal_per_1000,health_region,Neonatal mortality,"per 1,000 live births",12,2015,8.51816136290582,6222,4,0.190528671490407,13.6872021023323,Meta atingida
21007,21007,neonatal_per_1000,health_region,Neonatal mortality,"per 1,000 live births",12,2015,12.3867628027362,5409,4,-0.697131362099278,0,No caminho
21008,21008,neonatal_per_1000,health_region,Neonatal mortality,"per 1,000 live births",12,2015,9.01695579731452,10203,4,-0.369506371002809,2.59708700462863,Meta atingida
21009,21009,neonatal_per_1000,health_region,Neonatal mortality,"per 1,000 live births",12,2015,10.9597620165962,6387,4,0.217665387084756,15.0391000505558,Meta atingida
21010,21010,neonatal_per_1000,health_region,Neonatal mortality,"per 1,000 live births",12,2015,7.4370709382151,3496,4,0.305531090059875,13.9799212136898,Meta atingida
21011,21011,neonatal_per_1000,health_region,Neonatal mortality,"per 1,000 live births",12,2015,10.0401606425703,5976,4,0.300844456184359,16.8397212916517,Meta atingida
21012,21012,neonatal_per_1000,health_region,Neonatal mortality,"per 1,000 live births",12,2015,8.00865800865801,4620,4,-0.0718321394228954,6.32607086689231,Meta atingida
21013,21013,neonatal_per_1000,health_region,Neonatal mortality,"per 1,000 live births",12,2015,8.41514726507714,4991,4,-0.0162641184770407,8.57572773766805,Meta atingida
21014,21014,neonatal_per_1000,health_region,Neonatal mortality,"per 1,000 live births",12,2015,9.31814820292856,6761,4,0.185390908751842,12.5071702541148,Meta atingida
21015,21015,neonatal_per_1000,health_region,Neonatal mortality,"per 1,000 live births",12,2015,12.2408193854609,4003,4,0.0612283770335071,11.2364371196543,Fora do caminho
21016,21016,neonatal_per_1000,health_region,Neonatal mortality,"per 1,000 live births",12,2015,12.2634434690547,22669,4,-0.0704422658597058,10.3277862624951,No caminho
21017,21017,neonatal_per_1000,health_region,Neonatal mortality,"per 1,000 live births",12,2015,15.8530447911424,3974,4,0.225926018638134,18.9278381522657,Fora do caminho
21018,21018,neonatal_per_1000,health_region,Neonatal mortality,"per 1,000 live births",12,2015,13.296011196641,4287,4,0.48515544160911,21.3274913636851,Fora do caminho
21019,21019,neonatal_per_1000,health_region,Neonatal mortality,"per 1,000 live births",12,2015,10.5493630573248,5024,4,0.301966887845899,15.3389557636096,Meta atingida
22001,22001,neonatal_per_1000,health_region,Neonatal mortality,"per 1,000 live births",12,2015,13.5623869801085,2212,4,0.218974388717767,15.7965271536943,Fora do caminho
22002,22002,neonatal_per_1000,health_region,Neonatal mortality,"per 1,000 live births",12,2015,8.9197224975223,3027,4,-0.166724121349896,7.61230636912893,Meta atingida
22003,22003,neonatal_per_1000,health_region,Neonatal mortality,"per 1,000 live births",12,2015,12.8803735308324,6211,4,-0.445726816795022,4.47636950608865,No caminho
22004,22004,neonatal_per_1000,health_region,Neonatal mortality,"per 1,000 live births",12,2015,10.1267111088494,19651,4,-0.4398913647846,3.32748214973424,Meta atingida
22005,22005,neonatal_per_1000,health_region,Neonatal mortality,"per 1,000 live births",12,2015,12.6050420168067,4284,4,0.315686814807587,18.6995504566895,Fora do caminho
22006,22006,neonatal_per_1000,health_region,Neonatal mortality,"per 1,000 live births",12,2015,4.95718792248761,2219,4,-0.405983692913387,2.16606005550386,Meta atingida
22007,22007,neonatal_per_1000,health_region,Neonatal mortality,"per 1,000 live births",12,2015,5.11247443762781,978,4,-0.658461646104011,0,Meta atingida
22008,22008,neonatal_per_1000,health_region,Neonatal mortality,"per 1,000 live births",12,2015,12.3277737490935,1379,4,0.26035046913241,17.170348670889,Fora do caminho
22009,22009,neonatal_per_1000,health_region,Neonatal mortality,"per 1,000 live births",12,2015,12.7551020408163,5096,4,-0.240550561719104,9.93595623589312,No caminho
22010,22010,neonatal_per_1000,health_region,Neonatal mortality,"per 1,000 live births",12,2015,10.1167315175097,1285,4,-0.289497172591244,5.06800987327597,Meta atingida
22011,22011,neonatal_per_1000,health_region,Neonatal mortality,"per 1,000 live births",12,2015,10.6529209621993,2910,4,-0.32460825450852,5.5600703416103,Meta atingida
23001,23001,neonatal_per_1000,health_region,Neonatal mortality,"per 1,000 live births",12,2015,8.40651857417931,42586,4,-0.551744170841017,0,Meta atingida
23002,23002,neonatal_per_1000,health_region,Neonatal mortality,"per 1,000 live births",12,2015,6.8193926478423,9385,4,-0.235703935347324,2.78582846571777,Meta atingida
23003,23003,neonatal_per_1000,health_region,Neonatal mortality,"per 1,000 live births",12,2015,7.23791734765351,8566,4,-0.32794868346737,1.00949673955165,Meta atingida
23004,23004,neonatal_per_1000,health_region,Neonatal mortality,"per 1,000 live births",12,2015,5.38687561214496,2042,4,-0.117793951661681,5.05037432639446,Meta atingida
23005,23005,neonatal_per_1000,health_region,Neonatal mortality,"per 1,000 live births",12,2015,8.66738894907909,2769,4,-0.361354871529966,1.89807988159475,Meta atingida
23006,23006,neonatal_per_1000,health_region,Neonatal mortality,"per 1,000 live births",12,2015,9.87602437486867,4759,4,-0.624615215005772,0,Meta atingida
23007,23007,neonatal_per_1000,health_region,Neonatal mortality,"per 1,000 live births",12,2015,10.6516290726817,1596,4,-0.275103217958294,4.78364739360927,Meta atingida
23008,23008,neonatal_per_1000,health_region,Neonatal mortality,"per 1,000 live births",12,2015,9.85001119319454,4467,4,-0.504950173968225,1.1514921866858,Meta atingida
23009,23009,neonatal_per_1000,health_region,Neonatal mortality,"per 1,000 live births",12,2015,5.05443234836703,2572,4,-0.636714667336949,0,Meta atingida
23010,23010,neonatal_per_1000,health_region,Neonatal mortality,"per 1,000 live births",12,2015,11.0626885685551,2983,4,-0.295301712926739,4.16563715432199,Meta atingida
23011,23011,neonatal_per_1000,health_region,Neonatal mortality,"per 1,000 live births",12,2015,7.77642770352369,8230,4,-0.738706724210975,0,Meta atingida
23012,23012,neonatal_per_1000,health_region,Neonatal mortality,"per 1,000 live births",12,2015,9.81767180925666,3565,4,-0.675913010191585,0,Meta atingida
23013,23013,neonatal_per_1000,health_region,Neonatal mortality,"per 1,000 live births",12,2015,7.52624282036047,5049,4,-0.725869107390502,0,Meta atingida
23014,23014,neonatal_per_1000,health_region,Neonatal mortality,"per 1,000 live births",12,2015,9.23295454545454,1408,4,-0.836284996564005,0,Meta atingida
23015,23015,neonatal_per_1000,health_region,Neonatal mortality,"per 1,000 live births",12,2015,13.0310138128746,3837,4,-0.285912447503106,7.09371357082944,No caminho
23016,23016,neonatal_per_1000,health_region,Neonatal mortality,"per 1,000 live births",12,2015,11.1253744116389,2337,4,-0.15083422691488,8.90097995584966,Meta atingida
23017,23017,neonatal_per_1000,health_region,Neonatal mortality,"per 1,000 live births",12,2015,13.8568129330254,2165,4,-0.475153093089219,3.39541206117303,No caminho
23018,23018,neonatal_per_1000,health_region,Neonatal mortality,"per 1,000 live births",12,2015,6.34840020314881,3938,4,-0.799865194154585,0,Meta atingida
23019,23019,neonatal_per_1000,health_region,Neonatal mortality,"per 1,000 live births",12,2015,13.5092679861766,3183,4,0.0225084150496481,13.9139426032726,Fora do caminho
23020,23020,neonatal_per_1000,health_region,Neonatal mortality,"per 1,000 live births",12,2015,7.21884498480243,5264,4,-0.0069305497532988,9.28636412687908,Meta atingida
23021,23021,neonatal_per_1000,health_region,Neonatal mortality,"per 1,000 live births",12,2015,10.3092783505155,6887,4,-0.281810455823513,5.61085531770766,Meta atingida
23022,23022,neonatal_per_1000,health_region,Neonatal mortality,"per 1,000 live births",12,2015,7.50964075502334,4927,4,-0.239857220088703,3.50862991967284,Meta atingida
24001,24001,neonatal_per_1000,health_region,Neonatal mortality,"per 1,000 live births",12,2015,9.11002102312544,5708,4,-0.0500737134507489,7.88755949656579,Meta atingida
24002,24002,neonatal_per_1000,health_region,Neonatal mortality,"per 1,000 live births",12,2015,7.96633097850594,6653,4,-0.880915859275839,0,Meta atingida
24003,24003,neonatal_per_1000,health_region,Neonatal mortality,"per 1,000 live births",12,2015,10.9912070343725,5004,4,0.267032486383407,14.0186305806625,Meta atingida
24004,24004,neonatal_per_1000,health_region,Neonatal mortality,"per 1,000 live births",12,2015,10.5124835742444,3805,4,-0.497589488663424,3.91364109901963,Meta atingida
24005,24005,neonatal_per_1000,health_region,Neonatal mortality,"per 1,000 live births",12,2015,7.29128691213999,2743,4,-0.465848305633662,0,Meta atingida
24006,24006,neonatal_per_1000,health_region,Neonatal mortality,"per 1,000 live births",12,2015,10.3550295857988,3380,4,0.00659453695223746,10.6676327002037,Meta atingida
24007,24007,neonatal_per_1000,health_region,Neonatal mortality,"per 1,000 live births",12,2015,10.4770623537789,19662,4,-0.178605675334413,6.29959661356577,Meta atingida
24008,24008,neonatal_per_1000,health_region,Neonatal mortality,"per 1,000 live births",12,2015,9.79477611940299,2144,4,-0.515070055709485,0.337258202016983,Meta atingida
25001,25001,neonatal_per_1000,health_region,Neonatal mortality,"per 1,000 live births",12,2015,7.08720784116612,19895,4,-0.409979961383134,1.04774705974501,Meta atingida
25002,25002,neonatal_per_1000,health_region,Neonatal mortality,"per 1,000 live births",12,2015,8.2411113727337,4247,4,-0.671507474800715,0,Meta atingida
25003,25003,neonatal_per_1000,health_region,Neonatal mortality,"per 1,000 live births",12,2015,7.0945945945946,2960,4,-0.581892834161143,0,Meta atingida
25004,25004,neonatal_per_1000,health_region,Neonatal mortality,"per 1,000 live births",12,2015,6.09756097560976,1476,4,-1.044633733496,0,Meta atingida
25005,25005,neonatal_per_1000,health_region,Neonatal mortality,"per 1,000 live births",12,2015,14.4927536231884,1587,4,-0.495210213793975,3.59919009443809,No caminho
25006,25006,neonatal_per_1000,health_region,Neonatal mortality,"per 1,000 live births",12,2015,9.61258374599476,3433,4,-0.498597772990436,1.97227545259102,Meta atingida
25007,25007,neonatal_per_1000,health_region,Neonatal mortality,"per 1,000 live births",12,2015,11.4314115308151,2012,4,-0.564042086574096,1.83489797367201,Meta atingida
25008,25008,neonatal_per_1000,health_region,Neonatal mortality,"per 1,000 live births",12,2015,8.86637112096264,1579,4,-0.330205291342897,4.11204706187607,Meta atingida
25009,25009,neonatal_per_1000,health_region,Neonatal mortality,"per 1,000 live births",12,2015,10.6951871657754,2431,4,0.085437656438902,13.0435545440416,Meta atingida
25010,25010,neonatal_per_1000,health_region,Neonatal mortality,"per 1,000 live births",12,2015,15.2998776009792,1634,4,0.768251039467614,28.9240572908832,Fora do caminho
25011,25011,neonatal_per_1000,health_region,Neonatal mortality,"per 1,000 live births",12,2015,2.85714285714286,1050,4,-1.352826201768,0,Meta atingida
25012,25012,neonatal_per_1000,health_region,Neonatal mortality,"per 1,000 live births",12,2015,7.41289844329133,2698,4,-0.872802788587798,0,Meta atingida
25013,25013,neonatal_per_1000,health_region,Neonatal mortality,"per 1,000 live births",12,2015,6.2111801242236,805,4,-0.537284932593147,0,Meta atingida
25014,25014,neonatal_per_1000,health_region,Neonatal mortality,"per 1,000 live births",12,2015,5.5366269165247,2348,4,-0.608899941365966,0,Meta atingida
25015,25015,neonatal_per_1000,health_region,Neonatal mortality,"per 1,000 live births",12,2015,7.12377560106857,2246,4,-1.10538028974168,0,Meta atingida
25016,25016,neonatal_per_1000,health_region,Neonatal mortality,"per 1,000 live births",12,2015,9.66850828729282,8688,4,-1.11856475023292,0,Meta atingida
26001,26001,neonatal_per_1000,health_region,Neonatal mortality,"per 1,000 live births",12,2015,8.17923186344239,2812,4,-0.776648845909769,0,Meta atingida
26002,26002,neonatal_per_1000,health_region,Neonatal mortality,"per 1,000 live births",12,2015,13.275751759437,6252,4,0.103553991008474,16.0512657421309,Fora do caminho
26003,26003,neonatal_per_1000,health_region,Neonatal mortality,"per 1,000 live births",12,2015,9.28295448843394,19929,4,-0.704360069926906,0,Meta atingida
26004,26004,neonatal_per_1000,health_region,Neonatal mortality,"per 1,000 live births",12,2015,10.3312745648512,8905,4,-0.46724916461524,3.05640257457685,Meta atingida
26005,26005,neonatal_per_1000,health_region,Neonatal mortality,"per 1,000 live births",12,2015,9.01278557954307,4771,4,-0.572215508365779,0,Meta atingida
26006,26006,neonatal_per_1000,health_region,Neonatal mortality,"per 1,000 live births",12,2015,7.57849151930711,8313,4,-0.481884380393627,0,Meta atingida
26007,26007,neonatal_per_1000,health_region,Neonatal mortality,"per 1,000 live births",12,2015,11.5435356200528,6064,4,-0.0518341805669298,13.3007439959349,Meta atingida
26008,26008,neonatal_per_1000,health_region,Neonatal mortality,"per 1,000 live births",12,2015,8.54866912764717,10294,4,-0.794249231779008,0,Meta atingida
26009,26009,neonatal_per_1000,health_region,Neonatal mortality,"per 1,000 live births",12,2015,12.0839283752609,9103,4,-0.660443850474188,1.1922008777442,No caminho
26010,26010,neonatal_per_1000,health_region,Neonatal mortality,"per 1,000 live births",12,2015,8.48015675441273,62263,4,-0.471021950968333,0.616382084269958,Meta atingida
26011,26011,neonatal_per_1000,health_region,Neonatal mortality,"per 1,000 live births",12,2015,12.856568903174,2489,4,-0.413174164320652,5.16223767841132,No caminho
26012,26012,neonatal_per_1000,health_region,Neonatal mortality,"per 1,000 live births",12,2015,12.0198588973086,3827,4,-0.386272466420138,6.84789163372022,No caminho
27001,27001,neonatal_per_1000,health_region,Neonatal mortality,"per 1,000 live births",12,2015,11.1797437337281,19589,4,-0.743110801780772,0,Meta atingida
27002,27002,neonatal_per_1000,health_region,Neonatal mortality,"per 1,000 live births",12,2015,6.81044267877412,2643,4,-0.913830625339179,0,Meta atingida
27003,27003,neonatal_per_1000,health_region,Neonatal mortality,"per 1,000 live births",12,2015,8.96107532903949,3571,4,-0.336888127998693,4.95432790976179,Meta atingida
27004,27004,neonatal_per_1000,health_region,Neonatal mortality,"per 1,000 live births",12,2015,9.58029197080292,2192,4,-0.611010605006407,0,Meta atingida
27005,27005,neonatal_per_1000,health_region,Neonatal mortality,"per 1,000 live births",12,2015,13.3085731971526,3231,4,0.105317665677946,14.6291416514169,Fora do caminho
27006,27006,neonatal_per_1000,health_region,Neonatal mortality,"per 1,000 live births",12,2015,11.5336658354115,3208,4,-0.64782750691983,0,Meta atingida
27007,27007,neonatal_per_1000,health_region,Neonatal mortality,"per 1,000 live births",12,2015,10.1621374743092,8758,4,-0.223029880086806,7.61883088629446,Meta atingida
27008,27008,neonatal_per_1000,health_region,Neonatal mortality,"per 1,000 live births",12,2015,7.40740740740741,2430,4,-0.761037754529859,0,Meta atingida
27009,27009,neonatal_per_1000,health_region,Neonatal mortality,"per 1,000 live births",12,2015,9.85346134411319,3958,4,-0.192443236618262,8.1086519834559,Meta atingida
27010,27010,neonatal_per_1000,health_region,Neonatal mortality,"per 1,000 live births",12,2015,11.2065745237206,2677,4,0.170358806015544,15.4773371826407,Meta atingida
28001,28001,neonatal_per_1000,health_region,Neonatal mortality,"per 1,000 live births",12,2015,11.9302539002753,13076,4,-0.72300244278628,0,Meta atingida
28002,28002,neonatal_per_1000,health_region,Neonatal mortality,"per 1,000 live births",12,2015,10.1397643189915,3649,4,-0.40801193415477,2.82731809742381,Meta atingida
28003,28003,neonatal_per_1000,health_region,Neonatal mortality,"per 1,000 live births",12,2015,10.7586206896552,3625,4,-0.350446746715016,5.6015967720931,Meta atingida
28004,28004,neonatal_per_1000,health_region,Neonatal mortality,"per 1,000 live births",12,2015,10.8695652173913,3588,4,-0.236505885572956,6.36898358468557,Meta atingida
28005,28005,neonatal_per_1000,health_region,Neonatal mortality,"per 1,000 live births",12,2015,6.88405797101449,2760,4,-0.662288111626309,0,Meta atingida
28006,28006,neonatal_per_1000,health_region,Neonatal mortality,"per 1,000 live births",12,2015,10.40763226366,5765,4,-1.05750536583812,0,Meta atingida
28007,28007,neonatal_per_1000,health_region,Neonatal mortality,"per 1,000 live births",12,2015,11.4099429502852,2454,4,-0.272334741442034,6.14892656931181,Meta atingida
29001,29001,neonatal_per_1000,health_region,Neonatal mortality,"per 1,000 live births",12,2015,13.8869406648899,7129,4,-0.0929381344560301,12.2285909769727,Fora do caminho
29002,29002,neonatal_per_1000,health_region,Neonatal mortality,"per 1,000 live births",12,2015,13.0962227736421,7254,4,0.296011330521759,17.3207279158065,Fora do caminho
29003,29003,neonatal_per_1000,health_region,Neonatal mortality,"per 1,000 live births",12,2015,13.2583366813982,4978,4,-0.378018088875132,7.43623375188122,No caminho
29004,29004,neonatal_per_1000,health_region,Neonatal mortality,"per 1,000 live births",12,2015,10.6773440106773,8991,4,-0.398705657999788,4.87640583286589,Meta atingida
29005,29005,neonatal_per_1000,health_region,Neonatal mortality,"per 1,000 live births",12,2015,12.4680306905371,3128,4,-0.704267229483792,0,No caminho
29006,29006,neonatal_per_1000,health_region,Neonatal mortality,"per 1,000 live births",12,2015,8.87949260042283,16555,4,0.0146135206040572,10.8958781545626,Meta atingida
29007,29007,neonatal_per_1000,health_region,Neonatal mortality,"per 1,000 live births",12,2015,7.92556857339766,5804,4,-0.516436202067918,0.327965059583448,Meta atingida
29008,29008,neonatal_per_1000,health_region,Neonatal mortality,"per 1,000 live births",12,2015,11.9739993157715,2923,4,0.121657070778087,14.8932199554367,Meta atingida
29009,29009,neonatal_per_1000,health_region,Neonatal mortality,"per 1,000 live births",12,2015,12.4252185918086,4346,4,-0.425860222001538,6.54341321655272,No caminho
29010,29010,neonatal_per_1000,health_region,Neonatal mortality,"per 1,000 live births",12,2015,12.2679580306699,6195,4,0.0475853306923163,13.8872251995374,Fora do caminho
29011,29011,neonatal_per_1000,health_region,Neonatal mortality,"per 1,000 live births",12,2015,10.9673790776153,3556,4,-0.304881559992352,7.18441604375312,Meta atingida
29012,29012,neonatal_per_1000,health_region,Neonatal mortality,"per 1,000 live births",12,2015,15.5049786628734,7030,4,-0.464811812550654,8.59974336915605,No caminho
29013,29013,neonatal_per_1000,health_region,Neonatal mortality,"per 1,000 live births",12,2015,13.9549635267999,3153,4,0.200774565856466,19.4780659329564,Fora do caminho
29014,29014,neonatal_per_1000,health_region,Neonatal mortality,"per 1,000 live births",12,2015,11.7015154421638,5213,4,0.051790334334406,13.7290281479862,Meta atingida
29015,29015,neonatal_per_1000,health_region,Neonatal mortality,"per 1,000 live births",12,2015,13.7760022041604,7259,4,-0.151217180254646,10.9547845837113,No caminho
29016,29016,neonatal_per_1000,health_region,Neonatal mortality,"per 1,000 live births",12,2015,11.3611772343649,9242,4,-0.484944423773196,3.69608188820871,Meta atingida
29017,29017,neonatal_per_1000,health_region,Neonatal mortality,"per 1,000 live births",12,2015,11.0294117647059,3808,4,0.045829723910718,14.3760385212744,Meta atingida
29018,29018,neonatal_per_1000,health_region,Neonatal mortality,"per 1,000 live births",12,2015,9.84983045373809,6193,4,-0.659740082152115,0,Meta atingida
29019,29019,neonatal_per_1000,health_region,Neonatal mortality,"per 1,000 live births",12,2015,14.0105078809107,3426,4,-0.165674327097164,8.34833741006753,No caminho
29020,29020,neonatal_per_1000,health_region,Neonatal mortality,"per 1,000 live births",12,2015,10.7419661877351,44126,4,-0.624741122337418,0.7576480683299,Meta atingida
29021,29021,neonatal_per_1000,health_region,Neonatal mortality,"per 1,000 live births",12,2015,11.3242431245667,4327,4,-0.266854290452914,6.45101175342904,Meta atingida
29022,29022,neonatal_per_1000,health_region,Neonatal mortality,"per 1,000 live births",12,2015,9.66268446943078,5692,4,-0.89647663530373,0,Meta atingida
29023,29023,neonatal_per_1000,health_region,Neonatal mortality,"per 1,000 live births",12,2015,8.41346153846154,2496,4,-0.178378273069177,8.46989064668458,Meta atingida
29024,29024,neonatal_per_1000,health_region,Neonatal mortality,"per 1,000 live births",12,2015,12.3889668069191,4278,4,0.0869336482932339,13.5743865764299,Fora do caminho
29025,29025,neonatal_per_1000,health_region,Neonatal mortality,"per 1,000 live births",12,2015,10.4416706673068,8332,4,0.00525102936220428,9.76479735970336,Meta atingida
29026,29026,neonatal_per_1000,health_region,Neonatal mortality,"per 1,000 live births",12,2015,8.50021610718917,6941,4,-0.875136416290734,0,Meta atingida
29027,29027,neonatal_per_1000,health_region,Neonatal mortality,"per 1,000 live births",12,2015,11.9811724433034,4674,4,-0.0155889388779132,13.313914134067,Meta atingida
29028,29028,neonatal_per_1000,health_region,Neonatal mortality,"per 1,000 live births",12,2015,12.6120491974151,9594,4,-0.319482774104982,7.91017485599048,No caminho
31001,31001,neonatal_per_1000,health_region,Neonatal mortality,"per 1,000 live births",12,2015,7.2992700729927,3425,4,-0.534353641053049,0,Meta atingida
31002,31002,neonatal_per_1000,health_region,Neonatal mortality,"per 1,000 live births",12,2015,6.67880995749848,1647,4,-1.00491486507358,0,Meta atingida
31003,31003,neonatal_per_1000,health_region,Neonatal mortality,"per 1,000 live births",12,2015,6.2266500622665,2409,4,-0.639378046295772,0,Meta atingida
31004,31004,neonatal_per_1000,health_region,Neonatal mortality,"per 1,000 live births",12,2015,8.81057268722467,2270,4,-0.726151845237316,0,Meta atingida
31006,31006,neonatal_per_1000,health_region,Neonatal mortality,"per 1,000 live births",12,2015,7.51610594130279,2794,4,-0.291550963207398,1.3004180282893,Meta atingida
31007,31007,neonatal_per_1000,health_region,Neonatal mortality,"per 1,000 live births",12,2015,7.68122899663946,6249,4,-0.281823648819654,2.8269135346942,Meta atingida
31008,31008,neonatal_per_1000,health_region,Neonatal mortality,"per 1,000 live births",12,2015,7.75193798449612,2967,4,-0.526734151435435,0,Meta atingida
31009,31009,neonatal_per_1000,health_region,Neonatal mortality,"per 1,000 live births",12,2015,8.26972010178117,1572,4,-0.0487830227169528,8.25179232524215,Meta atingida
31010,31010,neonatal_per_1000,health_region,Neonatal mortality,"per 1,000 live births",12,2015,10.1130279595479,1681,4,-0.113360108186588,10.0660789102322,Meta atingida
31011,31011,neonatal_per_1000,health_region,Neonatal mortality,"per 1,000 live births",12,2015,11.2570356472796,1599,4,-0.411545360980124,4.51309622613519,Meta atingida
31012,31012,neonatal_per_1000,health_region,Neonatal mortality,"per 1,000 live births",12,2015,8.69909054962436,2529,4,-0.305492354033834,1.90168771744106,Meta atingida
31013,31013,neonatal_per_1000,health_region,Neonatal mortality,"per 1,000 live births",12,2015,7.85854616895874,2545,4,-0.930440437352298,0,Meta atingida
31015,31015,neonatal_per_1000,health_region,Neonatal mortality,"per 1,000 live births",12,2015,9.70873786407767,2575,4,-0.71356254207339,0,Meta atingida
31016,31016,neonatal_per_1000,health_region,Neonatal mortality,"per 1,000 live births",12,2015,6.92963752665245,45024,4,-0.354633347182779,1.47999672696176,Meta atingida
31017,31017,neonatal_per_1000,health_region,Neonatal mortality,"per 1,000 live births",12,2015,7.76662246637621,10558,4,-0.314894964948915,1.79391863672515,Meta atingida
31018,31018,neonatal_per_1000,health_region,Neonatal mortality,"per 1,000 live births",12,2015,7.81440781440781,12285,4,-0.338621578515866,1.53715400569592,Meta atingida
31019,31019,neonatal_per_1000,health_region,Neonatal mortality,"per 1,000 live births",12,2015,12.3853211009174,2180,4,0.00587976544232421,11.9809517308422,Fora do caminho
31020,31020,neonatal_per_1000,health_region,Neonatal mortality,"per 1,000 live births",12,2015,9.01713255184851,1109,4,-0.604498450625763,1.56223777553987,Meta atingida
31021,31021,neonatal_per_1000,health_region,Neonatal mortality,"per 1,000 live births",12,2015,7.53465943339361,3318,4,-0.581415242947695,0,Meta atingida
31022,31022,neonatal_per_1000,health_region,Neonatal mortality,"per 1,000 live births",12,2015,4.16982562547384,2638,4,-0.990115607972228,0,Meta atingida
31023,31023,neonatal_per_1000,health_region,Neonatal mortality,"per 1,000 live births",12,2015,9.45626477541371,1692,4,-0.695079760690192,0,Meta atingida
31024,31024,neonatal_per_1000,health_region,Neonatal mortality,"per 1,000 live births",12,2015,8.78959897454679,5461,4,-0.460907478721179,1.2735844980416,Meta atingida
31025,31025,neonatal_per_1000,health_region,Neonatal mortality,"per 1,000 live births",12,2015,4.77673935617861,4815,4,-0.393943836838718,0,Meta atingida
31026,31026,neonatal_per_1000,health_region,Neonatal mortality,"per 1,000 live births",12,2015,8.18330605564648,1833,4,-0.791343705604849,0,Meta atingida
31027,31027,neonatal_per_1000,health_region,Neonatal mortality,"per 1,000 live births",12,2015,8.40336134453782,1309,4,0.222023098470444,16.0480052375314,Meta atingida
31028,31028,neonatal_per_1000,health_region,Neonatal mortality,"per 1,000 live births",12,2015,10.9335576114382,1189,4,-0.207702712901927,7.46119599968921,Meta atingida
31030,31030,neonatal_per_1000,health_region,Neonatal mortality,"per 1,000 live births",12,2015,8.23045267489712,1215,4,-0.379088134102196,1.07529192235108,Meta atingida
31031,31031,neonatal_per_1000,health_region,Neonatal mortality,"per 1,000 live births",12,2015,9.00900900900901,1443,4,-0.114712766590112,7.71945651467098,Meta atingida
31032,31032,neonatal_per_1000,health_region,Neonatal mortality,"per 1,000 live births",12,2015,8.10567397178025,3331,4,-0.540003689474506,0,Meta atingida
31034,31034,neonatal_per_1000,health_region,Neonatal mortality,"per 1,000 live births",12,2015,12.4271844660194,2575,4,-0.63332186831036,2.28697690446643,No caminho
31035,31035,neonatal_per_1000,health_region,Neonatal mortality,"per 1,000 live births",12,2015,4.45510623714873,2918,4,-0.758638531892492,0,Meta atingida
31036,31036,neonatal_per_1000,health_region,Neonatal mortality,"per 1,000 live births",12,2015,8.65201591970929,5779,4,-0.770450633995581,0,Meta atingida
31037,31037,neonatal_per_1000,health_region,Neonatal mortality,"per 1,000 live births",12,2015,7.62932638630443,5374,4,-0.226001395045306,3.51229498493979,Meta atingida
31038,31038,neonatal_per_1000,health_region,Neonatal mortality,"per 1,000 live births",12,2015,9.1743119266055,872,4,-0.869997847816064,0,Meta atingida
31040,31040,neonatal_per_1000,health_region,Neonatal mortality,"per 1,000 live births",12,2015,13.6986301369863,1095,4,-0.0334525332657974,10.6404008289213,No caminho
31041,31041,neonatal_per_1000,health_region,Neonatal mortality,"per 1,000 live births",12,2015,8.45070422535211,710,4,-0.101207228635593,10.9320461278329,Meta atingida
31042,31042,neonatal_per_1000,health_region,Neonatal mortality,"per 1,000 live births",12,2015,6.5554231227652,1678,4,-1.32097746050709,0,Meta atingida
31044,31044,neonatal_per_1000,health_region,Neonatal mortality,"per 1,000 live births",12,2015,6.90021231422505,1884,4,-0.465630279079912,0,Meta atingida
31045,31045,neonatal_per_1000,health_region,Neonatal mortality,"per 1,000 live births",12,2015,7.6608784473953,1958,4,-0.550789484407974,0,Meta atingida
31046,31046,neonatal_per_1000,health_region,Neonatal mortality,"per 1,000 live births",12,2015,5.78034682080925,519,4,-0.489218032436319,2.39945447557977,Meta atingida
31047,31047,neonatal_per_1000,health_region,Neonatal mortality,"per 1,000 live births",12,2015,12.70207852194,866,4,-0.379655180312866,6.48599413189265,No caminho
31048,31048,neonatal_per_1000,health_region,Neonatal mortality,"per 1,000 live births",12,2015,8.84222160817905,3619,4,-0.917246804404031,0,Meta atingida
31049,31049,neonatal_per_1000,health_region,Neonatal mortality,"per 1,000 live births",12,2015,12.6835781041389,2996,4,-0.444575803331686,3.72463520980045,No caminho
31050,31050,neonatal_per_1000,health_region,Neonatal mortality,"per 1,000 live births",12,2015,17.9533213644524,557,4,0.497879761744833,26.0940415296199,Fora do caminho
31051,31051,neonatal_per_1000,health_region,Neonatal mortality,"per 1,000 live births",12,2015,9.87654320987654,810,4,-0.873018780161637,0,Meta atingida
31052,31052,neonatal_per_1000,health_region,Neonatal mortality,"per 1,000 live births",12,2015,8.62998921251348,3708,4,-0.0381305211058826,7.07229034696997,Meta atingida
31053,31053,neonatal_per_1000,health_region,Neonatal mortality,"per 1,000 live births",12,2015,13.1004366812227,1603,4,0.360387011321969,18.4444880633246,Fora do caminho
31055,31055,neonatal_per_1000,health_region,Neonatal mortality,"per 1,000 live births",12,2015,6.66666666666667,1950,4,-0.319180317529512,5.48614127938595,Meta atingida
31057,31057,neonatal_per_1000,health_region,Neonatal mortality,"per 1,000 live births",12,2015,9.50871632329635,3155,4,-0.442442371680315,2.58775289590494,Meta atingida
31058,31058,neonatal_per_1000,health_region,Neonatal mortality,"per 1,000 live births",12,2015,8.21692686935086,3651,4,-0.185959240192531,4.72163505921975,Meta atingida
31059,31059,neonatal_per_1000,health_region,Neonatal mortality,"per 1,000 live births",12,2015,8.3281282531751,4803,4,-0.635796229037966,0,Meta atingida
31060,31060,neonatal_per_1000,health_region,Neonatal mortality,"per 1,000 live births",12,2015,5.27009222661397,2277,4,-0.670033030516406,0,Meta atingida
31061,31061,neonatal_per_1000,health_region,Neonatal mortality,"per 1,000 live births",12,2015,6.49350649350649,1540,4,-0.225652617000704,7.03232381300796,Meta atingida
31062,31062,neonatal_per_1000,health_region,Neonatal mortality,"per 1,000 live births",12,2015,19.2307692307692,780,4,0.873346545163695,32.034469526172,Fora do caminho
31064,31064,neonatal_per_1000,health_region,Neonatal mortality,"per 1,000 live births",12,2015,12.3456790123457,891,4,-0.16152165887148,8.99241695767023,No caminho
31065,31065,neonatal_per_1000,health_region,Neonatal mortality,"per 1,000 live births",12,2015,8.79765395894428,1023,4,0.0593011318327057,12.464378218487,Meta atingida
31066,31066,neonatal_per_1000,health_region,Neonatal mortality,"per 1,000 live births",12,2015,8.14901047729919,859,4,-0.441424980404085,1.45314203804855,Meta atingida
31067,31067,neonatal_per_1000,health_region,Neonatal mortality,"per 1,000 live births",12,2015,17.7095631641086,847,4,0.636790294113835,27.8583285257228,Fora do caminho
31068,31068,neonatal_per_1000,health_region,Neonatal mortality,"per 1,000 live births",12,2015,8.35322195704057,838,4,-0.548381901445476,2.61713010713402,Meta atingida
31070,31070,neonatal_per_1000,health_region,Neonatal mortality,"per 1,000 live births",12,2015,7.421875,2560,4,-0.516976828967235,0,Meta atingida
31071,31071,neonatal_per_1000,health_region,Neonatal mortality,"per 1,000 live births",12,2015,7.95507721104352,2137,4,-0.537846111405461,0,Meta atingida
31072,31072,neonatal_per_1000,health_region,Neonatal mortality,"per 1,000 live births",12,2015,9.15783803196265,5569,4,-0.322797201673503,2.92173752904125,Meta atingida
31073,31073,neonatal_per_1000,health_region,Neonatal mortality,"per 1,000 live births",12,2015,8.52400179452669,2229,4,-0.279917006994854,3.22515575980583,Meta atingida
31074,31074,neonatal_per_1000,health_region,Neonatal mortality,"per 1,000 live births",12,2015,9.65169953839698,2383,4,-0.223722434708849,6.17912745118309,Meta atingida
31075,31075,neonatal_per_1000,health_region,Neonatal mortality,"per 1,000 live births",12,2015,6.9215291750503,12425,4,-0.233699598396632,3.2734596002494,Meta atingida
31076,31076,neonatal_per_1000,health_region,Neonatal mortality,"per 1,000 live births",12,2015,14.4124168514412,902,4,0.182248197323268,17.906957830595,Fora do caminho
31077,31077,neonatal_per_1000,health_region,Neonatal mortality,"per 1,000 live births",12,2015,14.9114631873253,1073,4,0.190592167301297,14.4391446041964,Fora do caminho
31078,31078,neonatal_per_1000,health_region,Neonatal mortality,"per 1,000 live births",12,2015,7.2202166064982,1662,4,-0.59528750778064,0,Meta atingida
31079,31079,neonatal_per_1000,health_region,Neonatal mortality,"per 1,000 live births",12,2015,8.64677907479464,2313,4,-0.860233572599805,0,Meta atingida
31080,31080,neonatal_per_1000,health_region,Neonatal mortality,"per 1,000 live births",12,2015,2.96296296296296,675,4,-0.835074603408627,0,Meta atingida
31081,31081,neonatal_per_1000,health_region,Neonatal mortality,"per 1,000 live births",12,2015,8.23045267489712,486,4,-0.360236414854858,0.0209737288826091,Meta atingida
31082,31082,neonatal_per_1000,health_region,Neonatal mortality,"per 1,000 live births",12,2015,6.1633281972265,1298,4,-0.486567508937153,0,Meta atingida
31083,31083,neonatal_per_1000,health_region,Neonatal mortality,"per 1,000 live births",12,2015,11.3052415210689,973,4,0.083406926998826,12.4644207547214,Meta atingida
31084,31084,neonatal_per_1000,health_region,Neonatal mortality,"per 1,000 live births",12,2015,7.61876307140723,6694,4,-0.599064683947219,0,Meta atingida
31085,31085,neonatal_per_1000,health_region,Neonatal mortality,"per 1,000 live births",12,2015,9.3185789167152,1717,4,0.066362131227863,11.1473501491949,Meta atingida
31086,31086,neonatal_per_1000,health_region,Neonatal mortality,"per 1,000 live births",12,2015,6.90675875678342,4054,4,-0.543497860374141,0,Meta atingida
31087,31087,neonatal_per_1000,health_region,Neonatal mortality,"per 1,000 live births",12,2015,5.75815738963532,1563,4,-0.342952321888124,1.16960558467042,Meta atingida
31088,31088,neonatal_per_1000,health_region,Neonatal mortality,"per 1,000 live births",12,2015,8.24931255728689,1091,4,-0.647799577314446,0,Meta atingida
31089,31089,neonatal_per_1000,health_region,Neonatal mortality,"per 1,000 live births",12,2015,8.79765395894428,1023,4,-0.366870117248914,2.03529925254713,Meta atingida
31090,31090,neonatal_per_1000,health_region,Neonatal mortality,"per 1,000 live births",12,2015,9.61538461538461,728,4,-0.642579745330344,0,Meta atingida
31091,31091,neonatal_per_1000,health_region,Neonatal mortality,"per 1,000 live births",12,2015,9.59692898272553,521,4,-0.395204020522382,0,Meta atingida
31092,31092,neonatal_per_1000,health_region,Neonatal mortality,"per 1,000 live births",12,2015,7.77907429015947,2571,4,-0.852823570846415,0,Meta atingida
31093,31093,neonatal_per_1000,health_region,Neonatal mortality,"per 1,000 live births",12,2015,8.82723833543506,793,4,-0.0899672667959804,8.22429066379903,Meta atingida
31094,31094,neonatal_per_1000,health_region,Neonatal mortality,"per 1,000 live births",12,2015,15.5155155155155,1998,4,-0.66588602698379,1.20302247068548,No caminho
31095,31095,neonatal_per_1000,health_region,Neonatal mortality,"per 1,000 live births",12,2015,13.1195335276968,686,4,-0.059855847800758,8.88595288454347,No caminho
31096,31096,neonatal_per_1000,health_region,Neonatal mortality,"per 1,000 live births",12,2015,11.1821086261981,626,4,0.113530506485325,13.7286730866642,Meta atingida
31097,31097,neonatal_per_1000,health_region,Neonatal mortality,"per 1,000 live births",12,2015,8.66813428728674,7268,4,-0.552985889272316,0.847661768909802,Meta atingida
31098,31098,neonatal_per_1000,health_region,Neonatal mortality,"per 1,000 live births",12,2015,6.80272108843537,882,4,0.0742393210667258,9.56956694200841,Meta atingida
31099,31099,neonatal_per_1000,health_region,Neonatal mortality,"per 1,000 live births",12,2015,8.06900389538119,3594,4,0.0608649420272745,12.6825024000371,Meta atingida
32001,32001,neonatal_per_1000,health_region,Neonatal mortality,"per 1,000 live births",12,2015,9.45782470031893,9093,4,-0.227341532008352,4.85346686048212,Meta atingida
32002,32002,neonatal_per_1000,health_region,Neonatal mortality,"per 1,000 live births",12,2015,7.1406680968434,32630,4,-0.294091461013555,2.43059291992427,Meta atingida
32003,32003,neonatal_per_1000,health_region,Neonatal mortality,"per 1,000 live births",12,2015,9.08059023836549,6167,4,-0.208982837338343,6.19305530135534,Meta atingida
32004,32004,neonatal_per_1000,health_region,Neonatal mortality,"per 1,000 live births",12,2015,7.84443707877583,9051,4,-0.528444980501108,0,Meta atingida
33001,33001,neonatal_per_1000,health_region,Neonatal mortality,"per 1,000 live births",12,2015,8.87355188562978,4057,4,-0.250806887185342,3.12540505551323,Meta atingida
33002,33002,neonatal_per_1000,health_region,Neonatal mortality,"per 1,000 live births",12,2015,7.83312047679864,11745,4,-0.494847048761185,0,Meta atingida
33003,33003,neonatal_per_1000,health_region,Neonatal mortality,"per 1,000 live births",12,2015,9.60658737419945,4372,4,-0.425358340751387,2.73763670374046,Meta atingida
33004,33004,neonatal_per_1000,health_region,Neonatal mortality,"per 1,000 live births",12,2015,6.3787604516852,11601,4,-0.747871309847055,0,Meta atingida
33005,33005,neonatal_per_1000,health_region,Neonatal mortality,"per 1,000 live births",12,2015,8.42744088288763,147969,4,-0.277567648308631,3.90842030183183,Meta atingida
33006,33006,neonatal_per_1000,health_region,Neonatal mortality,"per 1,000 live births",12,2015,7.25875320239112,25762,4,-0.293069694595461,3.37147238971772,Meta atingida
33007,33007,neonatal_per_1000,health_region,Neonatal mortality,"per 1,000 live births",12,2015,9.29899856938484,4194,4,-0.447822309279555,0.695073311044325,Meta atingida
33008,33008,neonatal_per_1000,health_region,Neonatal mortality,"per 1,000 live births",12,2015,10.6418579747005,14941,4,-0.492113668631428,2.09488108922471,Meta atingida
33009,33009,neonatal_per_1000,health_region,Neonatal mortality,"per 1,000 live births",12,2015,8.85818772856562,12305,4,-0.438584858201125,2.25018003390551,Meta atingida
35011,35011,neonatal_per_1000,health_region,Neonatal mortality,"per 1,000 live births",12,2015,7.65795843418746,47924,4,-0.45346548089112,0,Meta atingida
35012,35012,neonatal_per_1000,health_region,Neonatal mortality,"per 1,000 live births",12,2015,8.52605776404135,9383,4,-0.362358032082314,2.18803633390007,Meta atingida
35013,35013,neonatal_per_1000,health_region,Neonatal mortality,"per 1,000 live births",12,2015,7.24789915966387,19040,4,-0.238085171101178,3.37023158061578,Meta atingida
35014,35014,neonatal_per_1000,health_region,Neonatal mortality,"per 1,000 live births",12,2015,7.40311966853522,32824,4,-0.287049865855071,2.27173891341408,Meta atingida
35015,35015,neonatal_per_1000,health_region,Neonatal mortality,"per 1,000 live births",12,2015,7.1201456640487,36797,4,-0.197520142500568,4.39605139720879,Meta atingida
35016,35016,neonatal_per_1000,health_region,Neonatal mortality,"per 1,000 live births",12,2015,7.50937253634162,176313,4,-0.194121138401436,4.19118158242247,Meta atingida
35021,35021,neonatal_per_1000,health_region,Neonatal mortality,"per 1,000 live births",12,2015,7.05513457015939,3827,4,-0.436547221192742,0.340292732859211,Meta atingida
35022,35022,neonatal_per_1000,health_region,Neonatal mortality,"per 1,000 live births",12,2015,6.09756097560976,2296,4,-0.451752950047055,0,Meta atingida
35023,35023,neonatal_per_1000,health_region,Neonatal mortality,"per 1,000 live births",12,2015,8.9414479376983,3467,4,-0.167187309092573,8.05331274994842,Meta atingida
35031,35031,neonatal_per_1000,health_region,Neonatal mortality,"per 1,000 live births",12,2015,9.58702064896755,4068,4,-0.0207944366064582,8.05140081518372,Meta atingida
35032,35032,neonatal_per_1000,health_region,Neonatal mortality,"per 1,000 live births",12,2015,8.72093023255814,1720,4,-0.189447291188827,6.03666623493535,Meta atingida
35033,35033,neonatal_per_1000,health_region,Neonatal mortality,"per 1,000 live births",12,2015,13.5678391959799,1990,4,0.0743181390641958,13.6784059641726,Fora do caminho
35034,35034,neonatal_per_1000,health_region,Neonatal mortality,"per 1,000 live births",12,2015,6.57239593706433,5021,4,-0.0143395702179926,5.95548937248786,Meta atingida
35041,35041,neonatal_per_1000,health_region,Neonatal mortality,"per 1,000 live births",12,2015,10.4006010993791,25287,4,-0.369288771074036,4.01617946892554,Meta atingida
35051,35051,neonatal_per_1000,health_region,Neonatal mortality,"per 1,000 live births",12,2015,4.8820179007323,3687,4,-0.62841852825342,0,Meta atingida
35052,35052,neonatal_per_1000,health_region,Neonatal mortality,"per 1,000 live births",12,2015,9.12721049629207,1753,4,0.0827659408016297,8.74517364801406,Meta atingida
35061,35061,neonatal_per_1000,health_region,Neonatal mortality,"per 1,000 live births",12,2015,7.15872624043446,4051,4,-0.207817441210575,4.15712130773687,Meta atingida
35062,35062,neonatal_per_1000,health_region,Neonatal mortality,"per 1,000 live births",12,2015,7.89662598707825,8358,4,-0.279062922332121,3.58980223457615,Meta atingida
35063,35063,neonatal_per_1000,health_region,Neonatal mortality,"per 1,000 live births",12,2015,8.71513944223108,4016,4,-0.0646208751043716,6.80170824016065,Meta atingida
35064,35064,neonatal_per_1000,health_region,Neonatal mortality,"per 1,000 live births",12,2015,9.67585873246251,4134,4,-0.33846343023555,3.60420791070499,Meta atingida
35065,35065,neonatal_per_1000,health_region,Neonatal mortality,"per 1,000 live births",12,2015,6.9204152249135,2023,4,-0.693673779066396,0,Meta atingida
35071,35071,neonatal_per_1000,health_region,Neonatal mortality,"per 1,000 live births",12,2015,9.6961861667744,6188,4,-0.246036828918334,6.19078029593402,Meta atingida
35072,35072,neonatal_per_1000,health_region,Neonatal mortality,"per 1,000 live births",12,2015,6.05190034380446,42466,4,-0.194844300133035,3.02928352447032,Meta atingida
35073,35073,neonatal_per_1000,health_region,Neonatal mortality,"per 1,000 live births",12,2015,6.49789029535865,11850,4,-0.278059984621876,2.11851474088064,Meta atingida
35074,35074,neonatal_per_1000,health_region,Neonatal mortality,"per 1,000 live births",12,2015,4.92307692307692,1625,4,-0.343959463466051,0,Meta atingida
35081,35081,neonatal_per_1000,health_region,Neonatal mortality,"per 1,000 live births",12,2015,6.79463224052998,5887,4,-0.335783303046063,1.40291283170097,Meta atingida
35082,35082,neonatal_per_1000,health_region,Neonatal mortality,"per 1,000 live births",12,2015,6.11309220580744,1963,4,-0.563351977506558,0,Meta atingida
35083,35083,neonatal_per_1000,health_region,Neonatal mortality,"per 1,000 live births",12,2015,13.3689839572193,1496,4,-0.368311542090852,4.18860220823842,No caminho
35091,35091,neonatal_per_1000,health_region,Neonatal mortality,"per 1,000 live births",12,2015,10.6470106470106,1221,4,-0.207806252778333,6.24052818992692,Meta atingida
35092,35092,neonatal_per_1000,health_region,Neonatal mortality,"per 1,000 live births",12,2015,5.851755526658,3076,4,-0.350173519176534,0.546857391146091,Meta atingida
35093,35093,neonatal_per_1000,health_region,Neonatal mortality,"per 1,000 live births",12,2015,7.79967159277504,4872,4,-0.367161931293429,0.667847270666016,Meta atingida
35094,35094,neonatal_per_1000,health_region,Neonatal mortality,"per 1,000 live births",12,2015,6.30182421227197,3015,4,-0.261059434734238,1.80882778835451,Meta atingida
35095,35095,neonatal_per_1000,health_region,Neonatal mortality,"per 1,000 live births",12,2015,10.0502512562814,1592,4,-0.330565310788358,3.53281341627371,Meta atingida
35101,35101,neonatal_per_1000,health_region,Neonatal mortality,"per 1,000 live births",12,2015,6.6793893129771,4192,4,-0.258079039662882,2.32135044810332,Meta atingida
35102,35102,neonatal_per_1000,health_region,Neonatal mortality,"per 1,000 live births",12,2015,6.99616339426766,4431,4,-0.00790096607100272,7.47037600060008,Meta atingida
35103,35103,neonatal_per_1000,health_region,Neonatal mortality,"per 1,000 live births",12,2015,9.58711491755081,7823,4,-0.122306526014632,6.16833337737552,Meta atingida
35104,35104,neonatal_per_1000,health_region,Neonatal mortality,"per 1,000 live births",12,2015,5.16246583662314,3293,4,-0.14292579562684,5.15240889184639,Meta atingida
35111,35111,neonatal_per_1000,health_region,Neonatal mortality,"per 1,000 live births",12,2015,6.94444444444445,1584,4,-0.437695273662522,0,Meta atingida
35112,35112,neonatal_per_1000,health_region,Neonatal mortality,"per 1,000 live births",12,2015,5.98918083462133,5176,4,-0.407979827536051,0,Meta atingida
35113,35113,neonatal_per_1000,health_region,Neonatal mortality,"per 1,000 live births",12,2015,10.1522842639594,788,4,-0.296838398376782,6.93112938053355,Meta atingida
35114,35114,neonatal_per_1000,health_region,Neonatal mortality,"per 1,000 live births",12,2015,12.7970749542962,1094,4,-0.0941830400654856,10.8589154068136,No caminho
35115,35115,neonatal_per_1000,health_region,Neonatal mortality,"per 1,000 live births",12,2015,9.43396226415094,954,4,-0.332991212724134,4.03594400820532,Meta atingida
35121,35121,neonatal_per_1000,health_region,Neonatal mortality,"per 1,000 live births",12,2015,7.61542122798667,4202,4,-0.4045466830893,0.202974950314569,Meta atingida
35131,35131,neonatal_per_1000,health_region,Neonatal mortality,"per 1,000 live births",12,2015,7.5634792004322,5553,4,-0.0498997396462258,7.48087788138959,Meta atingida
35132,35132,neonatal_per_1000,health_region,Neonatal mortality,"per 1,000 live births",12,2015,6.9521929448116,11651,4,-0.140779847604459,4.36744441859645,Meta atingida
35133,35133,neonatal_per_1000,health_region,Neonatal mortality,"per 1,000 live births",12,2015,5.76368876080692,1735,4,-0.429919514311464,0.106150653873215,Meta atingida
35141,35141,neonatal_per_1000,health_region,Neonatal mortality,"per 1,000 live births",12,2015,5.24809160305344,4192,4,-0.244086741232838,2.32492831008653,Meta atingida
35142,35142,neonatal_per_1000,health_region,Neonatal mortality,"per 1,000 live births",12,2015,9.72053462940462,3292,4,-0.443373508024218,1.20165314854592,Meta atingida
35143,35143,neonatal_per_1000,health_region,Neonatal mortality,"per 1,000 live births",12,2015,5.5379746835443,2528,4,-0.752857039037487,0,Meta atingida
35151,35151,neonatal_per_1000,health_region,Neonatal mortality,"per 1,000 live births",12,2015,7.56938603868797,3567,4,-0.0242955199251963,6.98737605947626,Meta atingida
35152,35152,neonatal_per_1000,health_region,Neonatal mortality,"per 1,000 live births",12,2015,10.0671140939597,596,4,0.466726335202743,17.1977101332004,Meta atingida
35153,35153,neonatal_per_1000,health_region,Neonatal mortality,"per 1,000 live births",12,2015,9.95475113122172,1105,4,-0.0034472298061285,9.70999781498664,Meta atingida
35154,35154,neonatal_per_1000,health_region,Neonatal mortality,"per 1,000 live births",12,2015,4.32900432900433,1386,4,-0.564115441087311,0,Meta atingida
35155,35155,neonatal_per_1000,health_region,Neonatal mortality,"per 1,000 live births",12,2015,6.53521126760563,8875,4,-0.179632031192713,2.9477297997604,Meta atingida
35156,35156,neonatal_per_1000,health_region,Neonatal mortality,"per 1,000 live births",12,2015,8.32639467110741,1201,4,-0.418555931165876,0.449316990057241,Meta atingida
35157,35157,neonatal_per_1000,health_region,Neonatal mortality,"per 1,000 live births",12,2015,4.35161009573542,2298,4,-0.258141897623526,1.05177779176847,Meta atingida
35161,35161,neonatal_per_1000,health_region,Neonatal mortality,"per 1,000 live births",12,2015,8.63480720559774,6717,4,-0.336174283309157,2.74846110981889,Meta atingida
35162,35162,neonatal_per_1000,health_region,Neonatal mortality,"per 1,000 live births",12,2015,12.7079482439926,4328,4,-0.448278125559424,4.93167677339386,No caminho
35163,35163,neonatal_per_1000,health_region,Neonatal mortality,"per 1,000 live births",12,2015,8.23661549981281,24039,4,-0.184327293472542,5.74362646179947,Meta atingida
35171,35171,neonatal_per_1000,health_region,Neonatal mortality,"per 1,000 live births",12,2015,8.02280864606816,15082,4,-0.224491977809362,3.83566179512337,Meta atingida
35172,35172,neonatal_per_1000,health_region,Neonatal mortality,"per 1,000 live births",12,2015,6.84931506849315,5986,4,-0.681799775404505,0,Meta atingida
35173,35173,neonatal_per_1000,health_region,Neonatal mortality,"per 1,000 live births",12,2015,6.29953261532209,4921,4,-0.400562851962795,1.33029146672402,Meta atingida
35174,35174,neonatal_per_1000,health_region,Neonatal mortality,"per 1,000 live births",12,2015,6.58697243230056,8198,4,-0.274454168236173,4.30379310980027,Meta atingida
41001,41001,neonatal_per_1000,health_region,Neonatal mortality,"per 1,000 live births",12,2015,6.28789580058388,4453,4,-0.765582477016403,0,Meta atingida
41002,41002,neonatal_per_1000,health_region,Neonatal mortality,"per 1,000 live births",12,2015,6.79104045685181,51833,4,-0.322241438879027,1.78473040156939,Meta atingida
41003,41003,neonatal_per_1000,health_region,Neonatal mortality,"per 1,000 live births",12,2015,7.93732604886094,9701,4,-0.44860275391327,0.824210222175907,Meta atingida
41004,41004,neonatal_per_1000,health_region,Neonatal mortality,"per 1,000 live births",12,2015,8.0168776371308,2370,4,-0.593037580873228,0,Meta atingida
41005,41005,neonatal_per_1000,health_region,Neonatal mortality,"per 1,000 live births",12,2015,10.8710609605064,7267,4,-0.325809739209028,6.17204021824239,Meta atingida
41006,41006,neonatal_per_1000,health_region,Neonatal mortality,"per 1,000 live births",12,2015,9.12336374454581,2521,4,-0.171924325461832,4.49454683030433,Meta atingida
41007,41007,neonatal_per_1000,health_region,Neonatal mortality,"per 1,000 live births",12,2015,8.16718712466971,4163,4,-0.328728538098889,2.9838584111734,Meta atingida
41008,41008,neonatal_per_1000,health_region,Neonatal mortality,"per 1,000 live births",12,2015,4.16840350145894,4798,4,-0.5900662758368,0,Meta atingida
41009,41009,neonatal_per_1000,health_region,Neonatal mortality,"per 1,000 live births",12,2015,10.3827677049434,6453,4,-0.222127283127529,5.08547194773917,Meta atingida
41010,41010,neonatal_per_1000,health_region,Neonatal mortality,"per 1,000 live births",12,2015,6.87156421789106,8004,4,-0.252454792725986,2.61376031939801,Meta atingida
41011,41011,neonatal_per_1000,health_region,Neonatal mortality,"per 1,000 live births",12,2015,11.001347103727,4454,4,-0.177842651111424,7.42133407729631,Meta atingida
41012,41012,neonatal_per_1000,health_region,Neonatal mortality,"per 1,000 live births",12,2015,11.8048268625393,3812,4,-0.214118706645312,6.41964712271391,Meta atingida
41013,41013,neonatal_per_1000,health_region,Neonatal mortality,"per 1,000 live births",12,2015,5.16189582355702,2131,4,-0.362372422598159,0.618542579405016,Meta atingida
41014,41014,neonatal_per_1000,health_region,Neonatal mortality,"per 1,000 live births",12,2015,7.00934579439252,3852,4,-0.454374669949572,0,Meta atingida
41015,41015,neonatal_per_1000,health_region,Neonatal mortality,"per 1,000 live births",12,2015,7.98531436438733,10895,4,-0.137069493813452,5.16769834749346,Meta atingida
41016,41016,neonatal_per_1000,health_region,Neonatal mortality,"per 1,000 live births",12,2015,10.8548168249661,5159,4,-0.207893363276501,6.76189145161447,Meta atingida
41017,41017,neonatal_per_1000,health_region,Neonatal mortality,"per 1,000 live births",12,2015,8.30870016777183,12517,4,-0.0866289510811721,6.66695081836082,Meta atingida
41018,41018,neonatal_per_1000,health_region,Neonatal mortality,"per 1,000 live births",12,2015,8.79352796341892,2843,4,-0.314648405829915,3.72054577777897,Meta atingida
41019,41019,neonatal_per_1000,health_region,Neonatal mortality,"per 1,000 live births",12,2015,7.04225352112676,3692,4,-0.674198677868446,0,Meta atingida
41020,41020,neonatal_per_1000,health_region,Neonatal mortality,"per 1,000 live births",12,2015,6.70047084389714,5522,4,-0.500667083374034,0,Meta atingida
41021,41021,neonatal_per_1000,health_region,Neonatal mortality,"per 1,000 live births",12,2015,11.3221329437546,2738,4,-0.30695936231252,7.56511760018304,Meta atingida
41022,41022,neonatal_per_1000,health_region,Neonatal mortality,"per 1,000 live births",12,2015,8.4841628959276,1768,4,-0.0698660497424151,7.48787286801846,Meta atingida
42001,42001,neonatal_per_1000,health_region,Neonatal mortality,"per 1,000 live births",12,2015,8.07808818579603,2971,4,-0.393524706730398,1.47976751725889,Meta atingida
42002,42002,neonatal_per_1000,health_region,Neonatal mortality,"per 1,000 live births",12,2015,5.81395348837209,5160,4,-0.337343801806131,0,Meta atingida
42003,42003,neonatal_per_1000,health_region,Neonatal mortality,"per 1,000 live births",12,2015,6.70915800067092,2981,4,-0.57112204730011,0,Meta atingida
42004,42004,neonatal_per_1000,health_region,Neonatal mortality,"per 1,000 live births",12,2015,5.68603213844252,4045,4,-0.131652140222281,5.28534699474517,Meta atingida
42005,42005,neonatal_per_1000,health_region,Neonatal mortality,"per 1,000 live births",12,2015,8.46316599346028,10398,4,0.0239948093527531,8.03775473663024,Meta atingida
42006,42006,neonatal_per_1000,health_region,Neonatal mortality,"per 1,000 live births",12,2015,8.41198194501436,9748,4,0.0583661262207606,9.22375805639847,Meta atingida
42007,42007,neonatal_per_1000,health_region,Neonatal mortality,"per 1,000 live births",12,2015,6.06443461781428,15830,4,-0.122933386715202,4.05870954950149,Meta atingida
42008,42008,neonatal_per_1000,health_region,Neonatal mortality,"per 1,000 live births",12,2015,8.57031554343592,2567,4,-0.541720071002455,0,Meta atingida
42009,42009,neonatal_per_1000,health_region,Neonatal mortality,"per 1,000 live births",12,2015,6.47321428571429,4480,4,-0.367838125620595,1.11819615401248,Meta atingida
42010,42010,neonatal_per_1000,health_region,Neonatal mortality,"per 1,000 live births",12,2015,4.8,1875,4,-0.380718927106295,0,Meta atingida
42011,42011,neonatal_per_1000,health_region,Neonatal mortality,"per 1,000 live births",12,2015,5.990061942686,14691,4,-0.0739399112425795,4.71147152288202,Meta atingida
42012,42012,neonatal_per_1000,health_region,Neonatal mortality,"per 1,000 live births",12,2015,7.43909243072345,5377,4,-0.275897703605803,2.82595832126503,Meta atingida
42013,42013,neonatal_per_1000,health_region,Neonatal mortality,"per 1,000 live births",12,2015,12.1036068748487,4131,4,0.0512088597927423,13.5719983731809,Fora do caminho
42014,42014,neonatal_per_1000,health_region,Neonatal mortality,"per 1,000 live births",12,2015,8.13638124757846,2581,4,-0.131707102953463,5.13596271943595,Meta atingida
42015,42015,neonatal_per_1000,health_region,Neonatal mortality,"per 1,000 live births",12,2015,8.28872388188569,5791,4,-0.082509700803969,6.64871701554881,Meta atingida
42016,42016,neonatal_per_1000,health_region,Neonatal mortality,"per 1,000 live births",12,2015,7.3993471164309,4595,4,-0.209853199123014,3.05065699743352,Meta atingida
43001,43001,neonatal_per_1000,health_region,Neonatal mortality,"per 1,000 live births",12,2015,5.16252390057361,5230,4,-0.232398201565742,2.27223074018474,Meta atingida
43002,43002,neonatal_per_1000,health_region,Neonatal mortality,"per 1,000 live births",12,2015,7.52445447705041,1329,4,-0.437750334656601,0.668357942241642,Meta atingida
43003,43003,neonatal_per_1000,health_region,Neonatal mortality,"per 1,000 live births",12,2015,7.52587017873942,6378,4,-0.483628612575793,1.67671588727444,Meta atingida
43004,43004,neonatal_per_1000,health_region,Neonatal mortality,"per 1,000 live births",12,2015,3.89273356401384,2312,4,-0.22616471330342,1.74801077547636,Meta atingida
43005,43005,neonatal_per_1000,health_region,Neonatal mortality,"per 1,000 live births",12,2015,8.30564784053156,3010,4,-0.1030847551153,5.22145957324716,Meta atingida
43006,43006,neonatal_per_1000,health_region,Neonatal mortality,"per 1,000 live births",12,2015,7.06119704102219,2974,4,-0.168015973101698,3.91136327357083,Meta atingida
43007,43007,neonatal_per_1000,health_region,Neonatal mortality,"per 1,000 live births",12,2015,8.18934485241181,11112,4,-0.0569300889950207,6.95194600615486,Meta atingida
43008,43008,neonatal_per_1000,health_region,Neonatal mortality,"per 1,000 live births",12,2015,7.13601949351667,11491,4,-0.158778946520526,4.37488937867289,Meta atingida
43009,43009,neonatal_per_1000,health_region,Neonatal mortality,"per 1,000 live births",12,2015,6.1859655905664,5173,4,-0.173039226517874,2.87444258542382,Meta atingida
43010,43010,neonatal_per_1000,health_region,Neonatal mortality,"per 1,000 live births",12,2015,6.39016897081413,32550,4,-0.129366360973711,4.30843474284353,Meta atingida
43011,43011,neonatal_per_1000,health_region,Neonatal mortality,"per 1,000 live births",12,2015,5.25087514585764,3428,4,-0.342870458547001,0.73257203553635,Meta atingida
43012,43012,neonatal_per_1000,health_region,Neonatal mortality,"per 1,000 live births",12,2015,7.6219512195122,1968,4,-0.41010998076673,0.469454994348439,Meta atingida
43013,43013,neonatal_per_1000,health_region,Neonatal mortality,"per 1,000 live births",12,2015,7.94198895027624,2896,4,-0.128473608945511,5.20452852938297,Meta atingida
43014,43014,neonatal_per_1000,health_region,Neonatal mortality,"per 1,000 live births",12,2015,10.6585458698135,2627,4,0.0311279289033636,10.2470387731866,Meta atingida
43015,43015,neonatal_per_1000,health_region,Neonatal mortality,"per 1,000 live births",12,2015,5.02302218501465,2389,4,-0.370708390635742,0,Meta atingida
43016,43016,neonatal_per_1000,health_region,Neonatal mortality,"per 1,000 live births",12,2015,6.06060606060606,2805,4,-0.0765960743650247,4.73457914298325,Meta atingida
43017,43017,neonatal_per_1000,health_region,Neonatal mortality,"per 1,000 live births",12,2015,9.12017167381974,5592,4,-0.103603719333778,6.46527583406001,Meta atingida
43018,43018,neonatal_per_1000,health_region,Neonatal mortality,"per 1,000 live births",12,2015,10.4358502148557,1629,4,-0.0182758367764656,8.84008560742045,Meta atingida
43019,43019,neonatal_per_1000,health_region,Neonatal mortality,"per 1,000 live births",12,2015,8.24587706146927,1334,4,-0.0776404352683918,9.633383564285,Meta atingida
43020,43020,neonatal_per_1000,health_region,Neonatal mortality,"per 1,000 live births",12,2015,4.66635557629491,2143,4,-0.405278112163361,0,Meta atingida
43021,43021,neonatal_per_1000,health_region,Neonatal mortality,"per 1,000 live births",12,2015,9.39730731002078,11067,4,-0.18346770162703,6.2589563518971,Meta atingida
43022,43022,neonatal_per_1000,health_region,Neonatal mortality,"per 1,000 live births",12,2015,11.6472545757072,2404,4,-0.239077941561486,5.09107418803887,Meta atingida
43023,43023,neonatal_per_1000,health_region,Neonatal mortality,"per 1,000 live births",12,2015,6.67325753830944,8092,4,-0.119882429207721,6.31930759539674,Meta atingida
43024,43024,neonatal_per_1000,health_region,Neonatal mortality,"per 1,000 live births",12,2015,9.36454849498328,1495,4,0.0817566683147794,12.0032741443574,Meta atingida
43025,43025,neonatal_per_1000,health_region,Neonatal mortality,"per 1,000 live births",12,2015,7.30879665883581,3831,4,0.198669364115106,10.7656446289786,Meta atingida
43026,43026,neonatal_per_1000,health_region,Neonatal mortality,"per 1,000 live births",12,2015,3.94390885188431,2282,4,-0.257250591494217,0,Meta atingida
43027,43027,neonatal_per_1000,health_region,Neonatal mortality,"per 1,000 live births",12,2015,7.89364353967595,2407,4,-0.0882999001104335,5.67111239546586,Meta atingida
43028,43028,neonatal_per_1000,health_region,Neonatal mortality,"per 1,000 live births",12,2015,5.60565439922008,4103,4,-0.399864828537492,0,Meta atingida
43029,43029,neonatal_per_1000,health_region,Neonatal mortality,"per 1,000 live births",12,2015,7.15092209258562,2657,4,-0.190522042710898,3.46447020226634,Meta atingida
43030,43030,neonatal_per_1000,health_region,Neonatal mortality,"per 1,000 live births",12,2015,7.8740157480315,1651,4,-0.112688661235796,4.09272545246031,Meta atingida
50001,50001,neonatal_per_1000,health_region,Neonatal mortality,"per 1,000 live births",12,2015,7.1341128793955,23689,4,-0.363653473448127,1.73736220089643,Meta atingida
50002,50002,neonatal_per_1000,health_region,Neonatal mortality,"per 1,000 live births",12,2015,16.2046908315565,2345,4,-0.670412764648094,3.64682913735965,No caminho
50003,50003,neonatal_per_1000,health_region,Neonatal mortality,"per 1,000 live births",12,2015,7.71282347004974,13873,4,-0.694022976680088,0,Meta atingida
50004,50004,neonatal_per_1000,health_region,Neonatal mortality,"per 1,000 live births",12,2015,9.44510035419126,4235,4,-0.545474306856859,0,Meta atingida
51001,51001,neonatal_per_1000,health_region,Neonatal mortality,"per 1,000 live births",12,2015,10.5919003115265,1605,4,-0.383956655348838,4.16139519928572,Meta atingida
51002,51002,neonatal_per_1000,health_region,Neonatal mortality,"per 1,000 live births",12,2015,10.196352619006,17163,4,-0.273425255075185,5.20539609248385,Meta atingida
51003,51003,neonatal_per_1000,health_region,Neonatal mortality,"per 1,000 live births",12,2015,8.16993464052288,1224,4,-0.542476878387552,0,Meta atingida
51004,51004,neonatal_per_1000,health_region,Neonatal mortality,"per 1,000 live births",12,2015,10.1892285298399,1374,4,-0.881669807893283,0,Meta atingida
51005,51005,neonatal_per_1000,health_region,Neonatal mortality,"per 1,000 live births",12,2015,7.35632183908046,2175,4,-0.287425077385888,8.23067919375103,Meta atingida
51006,51006,neonatal_per_1000,health_region,Neonatal mortality,"per 1,000 live births",12,2015,11.5958034235229,1811,4,-0.257669028789213,6.71367004071396,Meta atingida
51007,51007,neonatal_per_1000,health_region,Neonatal mortality,"per 1,000 live births",12,2015,12.5031895891809,3919,4,-0.284236409994762,5.76874788763007,No caminho
51008,51008,neonatal_per_1000,health_region,Neonatal mortality,"per 1,000 live births",12,2015,10.1899027327466,2159,4,-0.0844278060193701,9.89318373827197,Meta atingida
51009,51009,neonatal_per_1000,health_region,Neonatal mortality,"per 1,000 live births",12,2015,4.25531914893617,235,4,0.165070746368856,13.0161422496702,Meta atingida
51010,51010,neonatal_per_1000,health_region,Neonatal mortality,"per 1,000 live births",12,2015,7.88781770376862,1141,4,-0.900446503539601,0,Meta atingida
51011,51011,neonatal_per_1000,health_region,Neonatal mortality,"per 1,000 live births",12,2015,8.44430009743423,3079,4,-0.659010644376656,0,Meta atingida
51012,51012,neonatal_per_1000,health_region,Neonatal mortality,"per 1,000 live births",12,2015,11.704834605598,1965,4,-0.280740476843908,6.2817033954567,Meta atingida
51013,51013,neonatal_per_1000,health_region,Neonatal mortality,"per 1,000 live births",12,2015,8.69366277739648,8742,4,-0.477679108834949,0.368107594051367,Meta atingida
51014,51014,neonatal_per_1000,health_region,Neonatal mortality,"per 1,000 live births",12,2015,5.67375886524823,7755,4,-0.410684064284211,0,Meta atingida
51015,51015,neonatal_per_1000,health_region,Neonatal mortality,"per 1,000 live births",12,2015,8.65512649800266,1502,4,-0.678032968916631,0,Meta atingida
51016,51016,neonatal_per_1000,health_region,Neonatal mortality,"per 1,000 live births",12,2015,9.7323600973236,822,4,-0.0808607301244159,10.1867984801323,Meta atingida
52001,52001,neonatal_per_1000,health_region,Neonatal mortality,"per 1,000 live births",12,2015,8.07503790683734,28359,4,-0.142522374210581,6.39761628074427,Meta atingida
52002,52002,neonatal_per_1000,health_region,Neonatal mortality,"per 1,000 live births",12,2015,9.86007395055463,13793,4,-0.0615188640266691,8.79818684334965,Meta atingida
52003,52003,neonatal_per_1000,health_region,Neonatal mortality,"per 1,000 live births",12,2015,8.36820083682008,4063,4,-0.113127176498688,7.32047500364709,Meta atingida
52004,52004,neonatal_per_1000,health_region,Neonatal mortality,"per 1,000 live births",12,2015,7.7559462254395,13538,4,-0.114667672680189,5.87562420694664,Meta atingida
52005,52005,neonatal_per_1000,health_region,Neonatal mortality,"per 1,000 live births",12,2015,10.1888667992048,4024,4,-0.241487261340518,4.88666706183307,Meta atingida
52006,52006,neonatal_per_1000,health_region,Neonatal mortality,"per 1,000 live births",12,2015,3.96825396825397,756,4,0.0342916941805757,5.78232123104507,Meta atingida
52007,52007,neonatal_per_1000,health_region,Neonatal mortality,"per 1,000 live births",12,2015,13.9470013947001,1434,4,0.12664536786813,13.1353997901543,Fora do caminho
52008,52008,neonatal_per_1000,health_region,Neonatal mortality,"per 1,000 live births",12,2015,10.66531234129,1969,4,0.0234478467355826,9.1158867141507,Meta atingida
52009,52009,neonatal_per_1000,health_region,Neonatal mortality,"per 1,000 live births",12,2015,13.7085137085137,1386,4,-0.0685406356189252,10.9858108602874,No caminho
52010,52010,neonatal_per_1000,health_region,Neonatal mortality,"per 1,000 live births",12,2015,11.2866817155756,1329,4,0.175175071073552,14.1080661014701,Meta atingida
52011,52011,neonatal_per_1000,health_region,Neonatal mortality,"per 1,000 live births",12,2015,8.125,8000,4,-0.4850857144495,0.433415853686483,Meta atingida
52012,52012,neonatal_per_1000,health_region,Neonatal mortality,"per 1,000 live births",12,2015,5.12214342001576,2538,4,-0.611589875342988,0,Meta atingida
52013,52013,neonatal_per_1000,health_region,Neonatal mortality,"per 1,000 live births",12,2015,10.4450499545867,2202,4,0.316099722409717,15.4945473162038,Meta atingida
52014,52014,neonatal_per_1000,health_region,Neonatal mortality,"per 1,000 live births",12,2015,12.3915737298637,1614,4,-0.0108354247166081,10.6571325703027,No caminho
52015,52015,neonatal_per_1000,health_region,Neonatal mortality,"per 1,000 live births",12,2015,10.3683070256886,6462,4,-0.171052991575823,6.61601645286515,Meta atingida
52016,52016,neonatal_per_1000,health_region,Neonatal mortality,"per 1,000 live births",12,2015,11.2259970457903,3385,4,0.282869462102146,16.6651527653791,Meta atingida
52017,52017,neonatal_per_1000,health_region,Neonatal mortality,"per 1,000 live births",12,2015,9.70302852102323,3401,4,0.0344656647653238,10.9648048210234,Meta atingida
52018,52018,neonatal_per_1000,health_region,Neonatal mortality,"per 1,000 live births",12,2015,9.11350455675228,2414,4,0.0347426475649071,9.94314542006718,Meta atingida
53001,53001,neonatal_per_1000,health_region,Neonatal mortality,"per 1,000 live births",12,2015,8.15229174797277,46122,4,-0.103961736174059,6.74263925999242,Meta atingida
11001,11001,under5_per_1000,health_region,Under-5 mortality,"per 1,000 live births",25,2015,15.6570841889117,3896,4,-0.164159305642546,12.6255472458062,Meta atingida
11002,11002,under5_per_1000,health_region,Under-5 mortality,"per 1,000 live births",25,2015,16.98670605613,2708,4,-0.240039530191854,13.0705463277076,Meta atingida
11003,11003,under5_per_1000,health_region,Under-5 mortality,"per 1,000 live births",25,2015,16.4430164430164,5291,4,-0.54353240781459,9.33474765367646,Meta atingida
11004,11004,under5_per_1000,health_region,Under-5 mortality,"per 1,000 live births",25,2015,15.6090309393292,10763,4,-1.25804715435184,0,Meta atingida
11005,11005,under5_per_1000,health_region,Under-5 mortality,"per 1,000 live births",25,2015,17.6643768400393,2038,4,-0.311037420326494,12.4596688560758,Meta atingida
11006,11006,under5_per_1000,health_region,Under-5 mortality,"per 1,000 live births",25,2015,13.38199513382,2466,4,-0.174192479755995,13.7280348805624,Meta atingida
11007,11007,under5_per_1000,health_region,Under-5 mortality,"per 1,000 live births",25,2015,18.6170212765957,752,4,-1.10522271440504,0,Meta atingida
12001,12001,under5_per_1000,health_region,Under-5 mortality,"per 1,000 live births",25,2015,22.6277372262774,1370,4,0.0182343671383946,23.607410586059,Meta atingida
12002,12002,under5_per_1000,health_region,Under-5 mortality,"per 1,000 live births",25,2015,17.2213622291022,10336,4,-0.962648563517308,2.62470775155703,Meta atingida
12003,12003,under5_per_1000,health_region,Under-5 mortality,"per 1,000 live births",25,2015,22.9427379598028,5274,4,-2.01257956506951,0,Meta atingida
13001,13001,under5_per_1000,health_region,Under-5 mortality,"per 1,000 live births",25,2015,16.8272212345475,48374,4,-1.28038712797881,0,Meta atingida
13002,13002,under5_per_1000,health_region,Under-5 mortality,"per 1,000 live births",25,2015,16.1233167965982,5644,4,-0.779704883880848,3.1067148379509,Meta atingida
13003,13003,under5_per_1000,health_region,Under-5 mortality,"per 1,000 live births",25,2015,18.6974135244625,3209,4,0.344873843381558,25.026843694207,Meta atingida
13004,13004,under5_per_1000,health_region,Under-5 mortality,"per 1,000 live births",25,2015,13.9152435167615,3162,4,-0.73626351213186,2.36508242209311,Meta atingida
13005,13005,under5_per_1000,health_region,Under-5 mortality,"per 1,000 live births",25,2015,19.5071868583162,4870,4,-0.183526331710844,16.7514163312447,Meta atingida
13006,13006,under5_per_1000,health_region,Under-5 mortality,"per 1,000 live births",25,2015,22.2129086336966,2386,4,-0.120933389735553,19.4199364730173,Meta atingida
13007,13007,under5_per_1000,health_region,Under-5 mortality,"per 1,000 live births",25,2015,25.2301397886123,2933,4,-0.629934461862884,19.9690147144547,No caminho
13008,13008,under5_per_1000,health_region,Under-5 mortality,"per 1,000 live births",25,2015,19.6774193548387,3100,4,-0.53633596692024,12.9748817030056,Meta atingida
13009,13009,under5_per_1000,health_region,Under-5 mortality,"per 1,000 live births",25,2015,32.1824714888299,6401,4,-0.750486272696586,15.4964904522062,No caminho
14001,14001,under5_per_1000,health_region,Under-5 mortality,"per 1,000 live births",25,2015,18.2877813504823,9952,4,-0.587058597025814,7.87128116940858,Meta atingida
14002,14002,under5_per_1000,health_region,Under-5 mortality,"per 1,000 live births",25,2015,24.7083047357584,1457,4,0.228567740698828,24.7896810674778,Meta atingida
15001,15001,under5_per_1000,health_region,Under-5 mortality,"per 1,000 live births",25,2015,15.3629496863398,7811,4,-0.77582037648744,4.01401765086234,Meta atingida
15002,15002,under5_per_1000,health_region,Under-5 mortality,"per 1,000 live births",25,2015,19.8149727708156,15241,4,-0.110373071287952,18.9966286612448,Meta atingida
15003,15003,under5_per_1000,health_region,Under-5 mortality,"per 1,000 live births",25,2015,16.9481481481482,16875,4,-1.48103461685682,0,Meta atingida
15004,15004,under5_per_1000,health_region,Under-5 mortality,"per 1,000 live births",25,2015,17.588959545393,7391,4,-1.85689612203275,0,Meta atingida
15006,15006,under5_per_1000,health_region,Under-5 mortality,"per 1,000 live births",25,2015,16.7667591378837,32803,4,-0.826976829756816,3.22543529276936,Meta atingida
15007,15007,under5_per_1000,health_region,Under-5 mortality,"per 1,000 live births",25,2015,19.1372040220564,6166,4,-0.616228432973754,10.0177118919316,Meta atingida
15008,15008,under5_per_1000,health_region,Under-5 mortality,"per 1,000 live births",25,2015,15.2374202693125,14110,4,-0.93114581754926,0.914956737968168,Meta atingida
15009,15009,under5_per_1000,health_region,Under-5 mortality,"per 1,000 live births",25,2015,14.56256301109,8927,4,-0.89015287240391,1.13548603379445,Meta atingida
15010,15010,under5_per_1000,health_region,Under-5 mortality,"per 1,000 live births",25,2015,16.6079516859587,3974,4,-0.833403934214662,7.84294290450725,Meta atingida
15011,15011,under5_per_1000,health_region,Under-5 mortality,"per 1,000 live births",25,2015,19.4084244427494,11799,4,-0.29473802257221,16.3555403889177,Meta atingida
15012,15012,under5_per_1000,health_region,Under-5 mortality,"per 1,000 live births",25,2015,17.337807606264,7152,4,-1.45337284698308,0,Meta atingida
15013,15013,under5_per_1000,health_region,Under-5 mortality,"per 1,000 live births",25,2015,22.2446916076845,3956,4,-0.580637997883574,14.4261472832593,Meta atingida
15014,15014,under5_per_1000,health_region,Under-5 mortality,"per 1,000 live births",25,2015,20.9395973154362,7450,4,-1.031196426175,4.92865962373435,Meta atingida
16001,16001,under5_per_1000,health_region,Under-5 mortality,"per 1,000 live births",25,2015,19.5301443532409,10599,4,-0.440542996750142,13.5925252020298,Meta atingida
16002,16002,under5_per_1000,health_region,Under-5 mortality,"per 1,000 live births",25,2015,19.7693574958814,1214,4,0.00216051132524237,22.4660401269626,Meta atingida
16003,16003,under5_per_1000,health_region,Under-5 mortality,"per 1,000 live births",25,2015,18.8103711235384,3934,4,-0.250290917953356,13.8300312506541,Meta atingida
17001,17001,under5_per_1000,health_region,Under-5 mortality,"per 1,000 live births",25,2015,15.004935834156,5065,4,-0.921203420728458,0.769062289141402,Meta atingida
17002,17002,under5_per_1000,health_region,Under-5 mortality,"per 1,000 live births",25,2015,16.6716284608514,3359,4,-0.908386524400114,3.69978446609707,Meta atingida
17003,17003,under5_per_1000,health_region,Under-5 mortality,"per 1,000 live births",25,2015,16.2241887905605,1356,4,0.46361347256466,29.9916802002626,Meta atingida
17004,17004,under5_per_1000,health_region,Under-5 mortality,"per 1,000 live births",25,2015,11.5511551155116,2424,4,-1.10210425652087,0,Meta atingida
17005,17005,under5_per_1000,health_region,Under-5 mortality,"per 1,000 live births",25,2015,15.1285930408472,2644,4,-0.476651139835302,8.0799544476879,Meta atingida
17006,17006,under5_per_1000,health_region,Under-5 mortality,"per 1,000 live births",25,2015,15.680794907623,6441,4,-0.848210180793764,0.128848353900594,Meta atingida
17007,17007,under5_per_1000,health_region,Under-5 mortality,"per 1,000 live births",25,2015,19.8711063372718,1862,4,-0.299925572869624,12.6648795138162,Meta atingida
17008,17008,under5_per_1000,health_region,Under-5 mortality,"per 1,000 live births",25,2015,15.8567774936061,1955,4,-1.02960185646048,0,Meta atingida
21001,21001,under5_per_1000,health_region,Under-5 mortality,"per 1,000 live births",25,2015,20.9984152139461,5048,4,-0.879808015426698,4.42482807345755,Meta atingida
21002,21002,under5_per_1000,health_region,Under-5 mortality,"per 1,000 live births",25,2015,18.1475371199623,4243,4,-0.786690056818232,6.11330395307482,Meta atingida
21003,21003,under5_per_1000,health_region,Under-5 mortality,"per 1,000 live births",25,2015,17.6358436606292,4196,4,0.845311453023071,35.0910664532232,Meta atingida
21004,21004,under5_per_1000,health_region,Under-5 mortality,"per 1,000 live births",25,2015,22.1720385957709,4871,4,0.217767398139058,26.3256787915565,Meta atingida
21005,21005,under5_per_1000,health_region,Under-5 mortality,"per 1,000 live births",25,2015,16.6151468315301,5176,4,-0.82743786268975,5.38247303313642,Meta atingida
21006,21006,under5_per_1000,health_region,Under-5 mortality,"per 1,000 live births",25,2015,14.143362262938,6222,4,0.0680884936607421,18.5053760206083,Meta atingida
21007,21007,under5_per_1000,health_region,Under-5 mortality,"per 1,000 live births",25,2015,16.4540580513958,5409,4,-1.7783478595443,0,Meta atingida
21008,21008,under5_per_1000,health_region,Under-5 mortality,"per 1,000 live births",25,2015,15.0935999215917,10203,4,-0.696218668688672,5.10362824940808,Meta atingida
21009,21009,under5_per_1000,health_region,Under-5 mortality,"per 1,000 live births",25,2015,17.848755284171,6387,4,-0.357958586685904,13.2506259701797,Meta atingida
21010,21010,under5_per_1000,health_region,Under-5 mortality,"per 1,000 live births",25,2015,15.7322654462243,3496,4,0.497423108502492,25.1901835991409,Meta atingida
21011,21011,under5_per_1000,health_region,Under-5 mortality,"per 1,000 live births",25,2015,16.7336010709505,5976,4,0.118417546817706,20.9859830540474,Meta atingida
21012,21012,under5_per_1000,health_region,Under-5 mortality,"per 1,000 live births",25,2015,11.6883116883117,4620,4,-0.576450322773184,2.9738468707194,Meta atingida
21013,21013,under5_per_1000,health_region,Under-5 mortality,"per 1,000 live births",25,2015,15.0270486876377,4991,4,-0.587274447967672,7.1565040084015,Meta atingida
21014,21014,under5_per_1000,health_region,Under-5 mortality,"per 1,000 live births",25,2015,17.1572252625351,6761,4,-0.410350593632508,10.2855256074258,Meta atingida
21015,21015,under5_per_1000,health_region,Under-5 mortality,"per 1,000 live births",25,2015,16.4876342742943,4003,4,-0.763734801875912,3.37354632186634,Meta atingida
21016,21016,under5_per_1000,health_region,Under-5 mortality,"per 1,000 live births",25,2015,19.0127486876351,22669,4,-0.490199451730276,10.2453797026374,Meta atingida
21017,21017,under5_per_1000,health_region,Under-5 mortality,"per 1,000 live births",25,2015,23.4021137393055,3974,4,0.060540051904574,24.1651503342481,Meta atingida
21018,21018,under5_per_1000,health_region,Under-5 mortality,"per 1,000 live births",25,2015,21.4602285980872,4287,4,-0.018871615406638,20.9419612285507,Meta atingida
21019,21019,under5_per_1000,health_region,Under-5 mortality,"per 1,000 live births",25,2015,16.5207006369427,5024,4,-0.269351787848552,11.6987782362689,Meta atingida
22001,22001,under5_per_1000,health_region,Under-5 mortality,"per 1,000 live births",25,2015,21.6998191681736,2212,4,0.222168505895122,23.0586409187079,Meta atingida
22002,22002,under5_per_1000,health_region,Under-5 mortality,"per 1,000 live births",25,2015,16.5180046250413,3027,4,-0.584643208746232,8.49508886718263,Meta atingida
22003,22003,under5_per_1000,health_region,Under-5 mortality,"per 1,000 live births",25,2015,19.6425696345194,6211,4,-0.859718398064515,4.49318656064315,Meta atingida
22004,22004,under5_per_1000,health_region,Under-5 mortality,"per 1,000 live births",25,2015,15.7752786117755,19651,4,-0.749143023268892,4.11219294388206,Meta atingida
22005,22005,under5_per_1000,health_region,Under-5 mortality,"per 1,000 live births",25,2015,19.8412698412698,4284,4,0.0931648552393243,21.9456877539324,Meta atingida
22006,22006,under5_per_1000,health_region,Under-5 mortality,"per 1,000 live births",25,2015,8.56241550247859,2219,4,-1.434592422609,0,Meta atingida
22007,22007,under5_per_1000,health_region,Under-5 mortality,"per 1,000 live births",25,2015,7.15746421267894,978,4,-1.11789915790349,0,Meta atingida
22008,22008,under5_per_1000,health_region,Under-5 mortality,"per 1,000 live births",25,2015,22.4800580130529,1379,4,-0.221101918542896,17.245918193435,Meta atingida
22009,22009,under5_per_1000,health_region,Under-5 mortality,"per 1,000 live births",25,2015,19.8194662480377,5096,4,-0.545963340853218,11.7805699812391,Meta atingida
22010,22010,under5_per_1000,health_region,Under-5 mortality,"per 1,000 live births",25,2015,16.3424124513619,1285,4,-0.556495447225174,8.51045906644731,Meta atingida
22011,22011,under5_per_1000,health_region,Under-5 mortality,"per 1,000 live births",25,2015,15.1202749140893,2910,4,-0.741175543491456,4.90576558668317,Meta atingida
23001,23001,under5_per_1000,health_region,Under-5 mortality,"per 1,000 live births",25,2015,12.6332597567276,42586,4,-1.03537575871374,0,Meta atingida
23002,23002,under5_per_1000,health_region,Under-5 mortality,"per 1,000 live births",25,2015,13.319126265317,9385,4,-0.988536556267094,0,Meta atingida
23003,23003,under5_per_1000,health_region,Under-5 mortality,"per 1,000 live births",25,2015,12.0242820452954,8566,4,-0.975867849418864,0,Meta atingida
23004,23004,under5_per_1000,health_region,Under-5 mortality,"per 1,000 live births",25,2015,10.7737512242899,2042,4,-0.99167926333611,0,Meta atingida
23005,23005,under5_per_1000,health_region,Under-5 mortality,"per 1,000 live births",25,2015,14.0845070422535,2769,4,-1.25884860064837,0,Meta atingida
23006,23006,under5_per_1000,health_region,Under-5 mortality,"per 1,000 live births",25,2015,14.7089724732087,4759,4,-1.74798287610004,0,Meta atingida
23007,23007,under5_per_1000,health_region,Under-5 mortality,"per 1,000 live births",25,2015,18.796992481203,1596,4,-0.441714153330365,8.44418725317053,Meta atingida
23008,23008,under5_per_1000,health_region,Under-5 mortality,"per 1,000 live births",25,2015,14.9988806805462,4467,4,-1.34427499158864,0,Meta atingida
23009,23009,under5_per_1000,health_region,Under-5 mortality,"per 1,000 live births",25,2015,9.33125972006221,2572,4,-1.30306321270805,0,Meta atingida
23010,23010,under5_per_1000,health_region,Under-5 mortality,"per 1,000 live births",25,2015,14.7502514247402,2983,4,-0.659249038033382,2.68278701077657,Meta atingida
23011,23011,under5_per_1000,health_region,Under-5 mortality,"per 1,000 live births",25,2015,13.3657351154314,8230,4,-1.46107182365473,0,Meta atingida
23012,23012,under5_per_1000,health_region,Under-5 mortality,"per 1,000 live births",25,2015,17.671809256662,3565,4,-1.25472330707687,0,Meta atingida
23013,23013,under5_per_1000,health_region,Under-5 mortality,"per 1,000 live births",25,2015,14.0621905327788,5049,4,-1.81764389700143,0,Meta atingida
23014,23014,under5_per_1000,health_region,Under-5 mortality,"per 1,000 live births",25,2015,13.4943181818182,1408,4,-1.67024736338135,0,Meta atingida
23015,23015,under5_per_1000,health_region,Under-5 mortality,"per 1,000 live births",25,2015,19.2859004430545,3837,4,-0.775340305170612,4.80593470606732,Meta atingida
23016,23016,under5_per_1000,health_region,Under-5 mortality,"per 1,000 live births",25,2015,17.5438596491228,2337,4,-1.6836871707128,0,Meta atingida
23017,23017,under5_per_1000,health_region,Under-5 mortality,"per 1,000 live births",25,2015,22.6327944572748,2165,4,-1.09074114067727,0,Meta atingida
23018,23018,under5_per_1000,health_region,Under-5 mortality,"per 1,000 live births",25,2015,11.1731843575419,3938,4,-1.27333797117951,0,Meta atingida
23019,23019,under5_per_1000,health_region,Under-5 mortality,"per 1,000 live births",25,2015,20.1068174677977,3183,4,-0.343577625456536,13.9458537901597,Meta atingida
23020,23020,under5_per_1000,health_region,Under-5 mortality,"per 1,000 live births",25,2015,11.968085106383,5264,4,-0.951273809608948,0,Meta atingida
23021,23021,under5_per_1000,health_region,Under-5 mortality,"per 1,000 live births",25,2015,14.5201103528387,6887,4,-1.13516555850102,0,Meta atingida
23022,23022,under5_per_1000,health_region,Under-5 mortality,"per 1,000 live births",25,2015,10.9600162370611,4927,4,-1.17223513514741,0,Meta atingida
24001,24001,under5_per_1000,health_region,Under-5 mortality,"per 1,000 live births",25,2015,16.4681149264191,5708,4,-0.579356139040332,6.27483619415534,Meta atingida
24002,24002,under5_per_1000,health_region,Under-5 mortality,"per 1,000 live births",25,2015,13.2271155869533,6653,4,-1.32659170680018,0,Meta atingida
24003,24003,under5_per_1000,health_region,Under-5 mortality,"per 1,000 live births",25,2015,17.1862509992006,5004,4,-0.14745434817238,13.6417089985266,Meta atingida
24004,24004,under5_per_1000,health_region,Under-5 mortality,"per 1,000 live births",25,2015,16.8199737187911,3805,4,-0.76385276783111,4.6450142265885,Meta atingida
24005,24005,under5_per_1000,health_region,Under-5 mortality,"per 1,000 live births",25,2015,11.666059059424,2743,4,-1.09765057027056,0,Meta atingida
24006,24006,under5_per_1000,health_region,Under-5 mortality,"per 1,000 live births",25,2015,16.8639053254438,3380,4,-0.141736862931636,14.4817305986212,Meta atingida
24007,24007,under5_per_1000,health_region,Under-5 mortality,"per 1,000 live births",25,2015,16.2241887905605,19662,4,-0.481307583233234,6.54737049248138,Meta atingida
24008,24008,under5_per_1000,health_region,Under-5 mortality,"per 1,000 live births",25,2015,13.0597014925373,2144,4,-0.997165671812982,0,Meta atingida
25001,25001,under5_per_1000,health_region,Under-5 mortality,"per 1,000 live births",25,2015,12.1638602663986,19895,4,-1.0219940969084,0,Meta atingida
25002,25002,under5_per_1000,health_region,Under-5 mortality,"per 1,000 live births",25,2015,12.7148575465034,4247,4,-2.33616746229681,0,Meta atingida
25003,25003,under5_per_1000,health_region,Under-5 mortality,"per 1,000 live births",25,2015,15.2027027027027,2960,4,-1.355192359891,0,Meta atingida
25004,25004,under5_per_1000,health_region,Under-5 mortality,"per 1,000 live births",25,2015,12.1951219512195,1476,4,-1.63945528355655,0,Meta atingida
25005,25005,under5_per_1000,health_region,Under-5 mortality,"per 1,000 live births",25,2015,21.4240705734089,1587,4,-1.2423108903354,0,Meta atingida
25006,25006,under5_per_1000,health_region,Under-5 mortality,"per 1,000 live births",25,2015,13.3993591610836,3433,4,-1.54488295132411,0,Meta atingida
25007,25007,under5_per_1000,health_region,Under-5 mortality,"per 1,000 live births",25,2015,18.389662027833,2012,4,-1.64272234337207,0,Meta atingida
25008,25008,under5_per_1000,health_region,Under-5 mortality,"per 1,000 live births",25,2015,12.6662444585181,1579,4,-0.73406992122737,1.46265143749019,Meta atingida
25009,25009,under5_per_1000,health_region,Under-5 mortality,"per 1,000 live births",25,2015,15.6314273961333,2431,4,-0.458136644623104,8.83762563067205,Meta atingida
25010,25010,under5_per_1000,health_region,Under-5 mortality,"per 1,000 live births",25,2015,20.1958384332925,1634,4,0.526402897039566,30.0114005902444,Meta atingida
25011,25011,under5_per_1000,health_region,Under-5 mortality,"per 1,000 live births",25,2015,11.4285714285714,1050,4,-2.45111275707586,0,Meta atingida
25012,25012,under5_per_1000,health_region,Under-5 mortality,"per 1,000 live births",25,2015,14.4551519644181,2698,4,-2.75021683566328,0,Meta atingida
25013,25013,under5_per_1000,health_region,Under-5 mortality,"per 1,000 live births",25,2015,13.6645962732919,805,4,-1.06896986926554,0,Meta atingida
25014,25014,under5_per_1000,health_region,Under-5 mortality,"per 1,000 live births",25,2015,12.350936967632,2348,4,-3.11601472392097,0,Meta atingida
25015,25015,under5_per_1000,health_region,Under-5 mortality,"per 1,000 live births",25,2015,14.2475512021371,2246,4,-2.05228247306422,0,Meta atingida
25016,25016,under5_per_1000,health_region,Under-5 mortality,"per 1,000 live births",25,2015,14.7329650092081,8688,4,-1.67816501356763,0,Meta atingida
26001,26001,under5_per_1000,health_region,Under-5 mortality,"per 1,000 live births",25,2015,12.4466571834993,2812,4,-1.49347157068284,0,Meta atingida
26002,26002,under5_per_1000,health_region,Under-5 mortality,"per 1,000 live births",25,2015,19.5137555982086,6252,4,-1.23684969838317,1.59240626755263,Meta atingida
26003,26003,under5_per_1000,health_region,Under-5 mortality,"per 1,000 live births",25,2015,16.5587836820714,19929,4,-1.70201485741512,0,Meta atingida
26004,26004,under5_per_1000,health_region,Under-5 mortality,"per 1,000 live births",25,2015,15.9460976979225,8905,4,-2.04075759129474,0,Meta atingida
26005,26005,under5_per_1000,health_region,Under-5 mortality,"per 1,000 live births",25,2015,15.3007755187592,4771,4,-1.68123872316692,0,Meta atingida
26006,26006,under5_per_1000,health_region,Under-5 mortality,"per 1,000 live births",25,2015,11.9090581017683,8313,4,-1.52159476514816,0,Meta atingida
26007,26007,under5_per_1000,health_region,Under-5 mortality,"per 1,000 live births",25,2015,19.1292875989446,6064,4,-0.795440283809224,9.61516284675076,Meta atingida
26008,26008,under5_per_1000,health_region,Under-5 mortality,"per 1,000 live births",25,2015,14.1830192345055,10294,4,-2.53505513182912,0,Meta atingida
26009,26009,under5_per_1000,health_region,Under-5 mortality,"per 1,000 live births",25,2015,18.5653081401736,9103,4,-1.28199875163307,0,Meta atingida
26010,26010,under5_per_1000,health_region,Under-5 mortality,"per 1,000 live births",25,2015,13.186001316994,62263,4,-0.878062581490706,0,Meta atingida
26011,26011,under5_per_1000,health_region,Under-5 mortality,"per 1,000 live births",25,2015,19.284853354761,2489,4,-0.702195484998818,6.3820688127305,Meta atingida
26012,26012,under5_per_1000,health_region,Under-5 mortality,"per 1,000 live births",25,2015,18.2910896263392,3827,4,-0.9658140639845,3.95887751843384,Meta atingida
27001,27001,under5_per_1000,health_region,Under-5 mortality,"per 1,000 live births",25,2015,16.1315023737812,19589,4,-1.36444306422599,0,Meta atingida
27002,27002,under5_per_1000,health_region,Under-5 mortality,"per 1,000 live births",25,2015,13.9992432841468,2643,4,-2.81082440788879,0,Meta atingida
27003,27003,under5_per_1000,health_region,Under-5 mortality,"per 1,000 live births",25,2015,16.802016241949,3571,4,-2.01468969342807,0,Meta atingida
27004,27004,under5_per_1000,health_region,Under-5 mortality,"per 1,000 live births",25,2015,20.529197080292,2192,4,-1.75434240127014,0,Meta atingida
27005,27005,under5_per_1000,health_region,Under-5 mortality,"per 1,000 live births",25,2015,19.4986072423398,3231,4,-0.790192579897338,6.54427633208229,Meta atingida
27006,27006,under5_per_1000,health_region,Under-5 mortality,"per 1,000 live births",25,2015,16.8329177057357,3208,4,-1.61601410556669,0,Meta atingida
27007,27007,under5_per_1000,health_region,Under-5 mortality,"per 1,000 live births",25,2015,16.0995661109842,8758,4,-0.999598404080058,1.44910558664469,Meta atingida
27008,27008,under5_per_1000,health_region,Under-5 mortality,"per 1,000 live births",25,2015,15.2263374485597,2430,4,-1.21369158944631,0,Meta atingida
27009,27009,under5_per_1000,health_region,Under-5 mortality,"per 1,000 live births",25,2015,17.433046993431,3958,4,-1.07561752901921,1.98212191420498,Meta atingida
27010,27010,under5_per_1000,health_region,Under-5 mortality,"per 1,000 live births",25,2015,19.051176690325,2677,4,-0.46997652453378,14.6710539019269,Meta atingida
28001,28001,under5_per_1000,health_region,Under-5 mortality,"per 1,000 live births",25,2015,18.2777607831141,13076,4,-1.02377820178749,1.28345060331185,Meta atingida
28002,28002,under5_per_1000,health_region,Under-5 mortality,"per 1,000 live births",25,2015,17.2650041107153,3649,4,-1.22977376056924,0,Meta atingida
28003,28003,under5_per_1000,health_region,Under-5 mortality,"per 1,000 live births",25,2015,17.9310344827586,3625,4,-0.754001068066426,6.04850243255055,Meta atingida
28004,28004,under5_per_1000,health_region,Under-5 mortality,"per 1,000 live births",25,2015,17.5585284280936,3588,4,-0.73788464639559,4.69966067462815,Meta atingida
28005,28005,under5_per_1000,health_region,Under-5 mortality,"per 1,000 live births",25,2015,16.6666666666667,2760,4,-1.44912714930021,0,Meta atingida
28006,28006,under5_per_1000,health_region,Under-5 mortality,"per 1,000 live births",25,2015,16.8256721595837,5765,4,-1.81986571417989,0,Meta atingida
28007,28007,under5_per_1000,health_region,Under-5 mortality,"per 1,000 live births",25,2015,17.9299103504482,2454,4,-1.34377253572998,0,Meta atingida
29001,29001,under5_per_1000,health_region,Under-5 mortality,"per 1,000 live births",25,2015,19.6380979099453,7129,4,-1.03249955391626,2.4270341943643,Meta atingida
29002,29002,under5_per_1000,health_region,Under-5 mortality,"per 1,000 live births",25,2015,20.2646815550041,7254,4,0.167088889108522,22.4696100572755,Meta atingida
29003,29003,under5_per_1000,health_region,Under-5 mortality,"per 1,000 live births",25,2015,17.4768983527521,4978,4,-0.876654059559446,4.18172373554557,Meta atingida
29004,29004,under5_per_1000,health_region,Under-5 mortality,"per 1,000 live births",25,2015,16.7945723501279,8991,4,-0.84637562510138,3.35944452776812,Meta atingida
29005,29005,under5_per_1000,health_region,Under-5 mortality,"per 1,000 live births",25,2015,18.542199488491,3128,4,-1.22008390367788,0,Meta atingida
29006,29006,under5_per_1000,health_region,Under-5 mortality,"per 1,000 live births",25,2015,13.349441256418,16555,4,-0.290691225815766,11.7013398151627,Meta atingida
29007,29007,under5_per_1000,health_region,Under-5 mortality,"per 1,000 live births",25,2015,12.749827705031,5804,4,-0.959607486194828,0,Meta atingida
29008,29008,under5_per_1000,health_region,Under-5 mortality,"per 1,000 live births",25,2015,18.1320561067397,2923,4,-0.3882696851187,13.6361730675534,Meta atingida
29009,29009,under5_per_1000,health_region,Under-5 mortality,"per 1,000 live births",25,2015,18.8679245283019,4346,4,-1.58074463541294,0,Meta atingida
29010,29010,under5_per_1000,health_region,Under-5 mortality,"per 1,000 live births",25,2015,18.2405165456013,6195,4,-0.375359627529458,12.658745923561,Meta atingida
29011,29011,under5_per_1000,health_region,Under-5 mortality,"per 1,000 live births",25,2015,17.7165354330709,3556,4,-1.61568687082622,0,Meta atingida
29012,29012,under5_per_1000,health_region,Under-5 mortality,"per 1,000 live births",25,2015,20.6258890469417,7030,4,-1.79248011270679,0,Meta atingida
29013,29013,under5_per_1000,health_region,Under-5 mortality,"per 1,000 live births",25,2015,20.2981287662544,3153,4,-0.315295049394479,17.8178971583809,Meta atingida
29014,29014,under5_per_1000,health_region,Under-5 mortality,"per 1,000 live births",25,2015,18.2236715902551,5213,4,-0.714721901055296,7.6114424061816,Meta atingida
29015,29015,under5_per_1000,health_region,Under-5 mortality,"per 1,000 live births",25,2015,20.8017633282821,7259,4,-0.77221473049774,7.92419600217113,Meta atingida
29016,29016,under5_per_1000,health_region,Under-5 mortality,"per 1,000 live births",25,2015,18.2860852629301,9242,4,-0.90581051895272,2.90088594018266,Meta atingida
29017,29017,under5_per_1000,health_region,Under-5 mortality,"per 1,000 live births",25,2015,17.5945378151261,3808,4,-0.772595078358926,6.48472227882348,Meta atingida
29018,29018,under5_per_1000,health_region,Under-5 mortality,"per 1,000 live births",25,2015,17.277571451639,6193,4,-1.46557373830588,0,Meta atingida
29019,29019,under5_per_1000,health_region,Under-5 mortality,"per 1,000 live births",25,2015,22.1833041447753,3426,4,-1.27171233435964,0,Meta atingida
29020,29020,under5_per_1000,health_region,Under-5 mortality,"per 1,000 live births",25,2015,16.2942482889906,44126,4,-0.93678855334682,1.26856768714993,Meta atingida
29021,29021,under5_per_1000,health_region,Under-5 mortality,"per 1,000 live births",25,2015,17.5641321932055,4327,4,-0.679309101242666,5.54731807255712,Meta atingida
29022,29022,under5_per_1000,health_region,Under-5 mortality,"per 1,000 live births",25,2015,13.1763879128602,5692,4,-1.56053874479797,0,Meta atingida
29023,29023,under5_per_1000,health_region,Under-5 mortality,"per 1,000 live births",25,2015,14.823717948718,2496,4,-0.562752351439892,7.96038856435416,Meta atingida
29024,29024,under5_per_1000,health_region,Under-5 mortality,"per 1,000 live births",25,2015,18.4665731650304,4278,4,-0.187643243032238,14.9104843082542,Meta atingida
29025,29025,under5_per_1000,health_region,Under-5 mortality,"per 1,000 live births",25,2015,18.0028804608737,8332,4,-0.501827721999856,8.54250849664186,Meta atingida
29026,29026,under5_per_1000,health_region,Under-5 mortality,"per 1,000 live births",25,2015,13.5427171877251,6941,4,-2.31419204274896,0,Meta atingida
29027,29027,under5_per_1000,health_region,Under-5 mortality,"per 1,000 live births",25,2015,16.9020111253744,4674,4,-0.53334073122191,10.4971716835701,Meta atingida
29028,29028,under5_per_1000,health_region,Under-5 mortality,"per 1,000 live births",25,2015,19.4913487596414,9594,4,-0.739172951260148,8.60759684335972,Meta atingida
31001,31001,under5_per_1000,health_region,Under-5 mortality,"per 1,000 live births",25,2015,13.7226277372263,3425,4,-0.59661405999945,2.17316755847583,Meta atingida
31002,31002,under5_per_1000,health_region,Under-5 mortality,"per 1,000 live births",25,2015,15.1791135397693,1647,4,-0.926763306414453,0,Meta atingida
31003,31003,under5_per_1000,health_region,Under-5 mortality,"per 1,000 live births",25,2015,10.3777501037775,2409,4,-0.847971906677888,0,Meta atingida
31004,31004,under5_per_1000,health_region,Under-5 mortality,"per 1,000 live births",25,2015,15.4185022026432,2270,4,-0.78939479987908,0,Meta atingida
31006,31006,under5_per_1000,health_region,Under-5 mortality,"per 1,000 live births",25,2015,11.0952040085898,2794,4,-0.521022724074423,1.03045281397044,Meta atingida
31007,31007,under5_per_1000,health_region,Under-5 mortality,"per 1,000 live births",25,2015,12.4819971195391,6249,4,-0.382050115144554,5.79798213291144,Meta atingida
31008,31008,under5_per_1000,health_region,Under-5 mortality,"per 1,000 live births",25,2015,14.1557128412538,2967,4,-0.65259422320812,2.26092539249999,Meta atingida
31009,31009,under5_per_1000,health_region,Under-5 mortality,"per 1,000 live births",25,2015,11.4503816793893,1572,4,-0.459086937102412,5.95679576136092,Meta atingida
31010,31010,under5_per_1000,health_region,Under-5 mortality,"per 1,000 live births",25,2015,14.8720999405116,1681,4,-1.02280053073621,0,Meta atingida
31011,31011,under5_per_1000,health_region,Under-5 mortality,"per 1,000 live births",25,2015,15.0093808630394,1599,4,-0.774385369049018,2.42188010004929,Meta atingida
31012,31012,under5_per_1000,health_region,Under-5 mortality,"per 1,000 live births",25,2015,15.8165282720443,2529,4,-0.20028839573147,10.2774417772077,Meta atingida
31013,31013,under5_per_1000,health_region,Under-5 mortality,"per 1,000 live births",25,2015,11.3948919449902,2545,4,-1.38587386349046,0,Meta atingida
31015,31015,under5_per_1000,health_region,Under-5 mortality,"per 1,000 live births",25,2015,14.368932038835,2575,4,-1.07571307318494,0,Meta atingida
31016,31016,under5_per_1000,health_region,Under-5 mortality,"per 1,000 live births",25,2015,11.749289267946,45024,4,-0.654727660045366,1.35827538749163,Meta atingida
31017,31017,under5_per_1000,health_region,Under-5 mortality,"per 1,000 live births",25,2015,12.123508240197,10558,4,-0.70292987239649,0.132310685394259,Meta atingida
31018,31018,under5_per_1000,health_region,Under-5 mortality,"per 1,000 live births",25,2015,12.3728123728124,12285,4,-0.692397098659174,0.93213337201405,Meta atingida
31019,31019,under5_per_1000,health_region,Under-5 mortality,"per 1,000 live births",25,2015,16.0550458715596,2180,4,-0.334839798603524,10.5047383435017,Meta atingida
31020,31020,under5_per_1000,health_region,Under-5 mortality,"per 1,000 live births",25,2015,12.6239855725879,1109,4,-1.19652672916393,0,Meta atingida
31021,31021,under5_per_1000,health_region,Under-5 mortality,"per 1,000 live births",25,2015,10.5485232067511,3318,4,-1.08816469102756,0,Meta atingida
31022,31022,under5_per_1000,health_region,Under-5 mortality,"per 1,000 live births",25,2015,8.33965125094769,2638,4,-1.49756214198282,0,Meta atingida
31023,31023,under5_per_1000,health_region,Under-5 mortality,"per 1,000 live births",25,2015,14.1843971631206,1692,4,-1.15914323823886,0,Meta atingida
31024,31024,under5_per_1000,health_region,Under-5 mortality,"per 1,000 live births",25,2015,13.3675151071232,5461,4,-0.766805583130012,1.02037766533499,Meta atingida
31025,31025,under5_per_1000,health_region,Under-5 mortality,"per 1,000 live births",25,2015,10.7995846313603,4815,4,-0.61842872318343,2.33466761362206,Meta atingida
31026,31026,under5_per_1000,health_region,Under-5 mortality,"per 1,000 live births",25,2015,18.5488270594654,1833,4,-1.07270435196536,0,Meta atingida
31027,31027,under5_per_1000,health_region,Under-5 mortality,"per 1,000 live births",25,2015,12.987012987013,1309,4,-0.262841890918714,12.8583168804337,Meta atingida
31028,31028,under5_per_1000,health_region,Under-5 mortality,"per 1,000 live births",25,2015,15.1387720773759,1189,4,-0.17866837144582,13.3986431029226,Meta atingida
31030,31030,under5_per_1000,health_region,Under-5 mortality,"per 1,000 live births",25,2015,12.3456790123457,1215,4,-0.75429158538596,0,Meta atingida
31031,31031,under5_per_1000,health_region,Under-5 mortality,"per 1,000 live births",25,2015,13.1670131670132,1443,4,-0.295054307498842,9.05660061762899,Meta atingida
31032,31032,under5_per_1000,health_region,Under-5 mortality,"per 1,000 live births",25,2015,11.4079855899129,3331,4,-0.771461236486138,0.242753615296806,Meta atingida
31034,31034,under5_per_1000,health_region,Under-5 mortality,"per 1,000 live births",25,2015,17.0873786407767,2575,4,-1.46945203194259,0,Meta atingida
31035,31035,under5_per_1000,health_region,Under-5 mortality,"per 1,000 live births",25,2015,8.91021247429747,2918,4,-1.18616071626861,0,Meta atingida
31036,31036,under5_per_1000,health_region,Under-5 mortality,"per 1,000 live births",25,2015,14.7084270635058,5779,4,-0.969630143541392,0,Meta atingida
31037,31037,under5_per_1000,health_region,Under-5 mortality,"per 1,000 live births",25,2015,12.4674358020097,5374,4,-0.571485660833984,2.99475922527358,Meta atingida
31038,31038,under5_per_1000,health_region,Under-5 mortality,"per 1,000 live births",25,2015,20.6422018348624,872,4,-0.997455472481111,1.60474595472419,Meta atingida
31040,31040,under5_per_1000,health_region,Under-5 mortality,"per 1,000 live births",25,2015,18.2648401826484,1095,4,-0.30227360159108,13.2672823264526,Meta atingida
31041,31041,under5_per_1000,health_region,Under-5 mortality,"per 1,000 live births",25,2015,12.6760563380282,710,4,-1.10452962395653,0,Meta atingida
31042,31042,under5_per_1000,health_region,Under-5 mortality,"per 1,000 live births",25,2015,10.7270560190703,1678,4,-1.63571079680044,0,Meta atingida
31044,31044,under5_per_1000,health_region,Under-5 mortality,"per 1,000 live births",25,2015,14.8619957537155,1884,4,-0.576423431675544,3.88516744338676,Meta atingida
31045,31045,under5_per_1000,health_region,Under-5 mortality,"per 1,000 live births",25,2015,10.2145045965271,1958,4,-1.01879649037048,0,Meta atingida
31046,31046,under5_per_1000,health_region,Under-5 mortality,"per 1,000 live births",25,2015,9.63391136801541,519,4,-0.817836742572661,0.616263681032478,Meta atingida
31047,31047,under5_per_1000,health_region,Under-5 mortality,"per 1,000 live births",25,2015,15.0115473441109,866,4,-0.777165729888064,4.20371097505381,Meta atingida
31048,31048,under5_per_1000,health_region,Under-5 mortality,"per 1,000 live births",25,2015,12.1580547112462,3619,4,-1.35765503193751,0,Meta atingida
31049,31049,under5_per_1000,health_region,Under-5 mortality,"per 1,000 live births",25,2015,20.3604806408545,2996,4,-0.715322567381066,5.83992520848892,Meta atingida
31050,31050,under5_per_1000,health_region,Under-5 mortality,"per 1,000 live births",25,2015,21.5439856373429,557,4,-0.305336611238344,17.769305943761,Meta atingida
31051,31051,under5_per_1000,health_region,Under-5 mortality,"per 1,000 live births",25,2015,13.5802469135802,810,4,-1.53412116983546,0,Meta atingida
31052,31052,under5_per_1000,health_region,Under-5 mortality,"per 1,000 live births",25,2015,15.1024811218986,3708,4,-0.321208721139748,8.72046259326987,Meta atingida
31053,31053,under5_per_1000,health_region,Under-5 mortality,"per 1,000 live births",25,2015,19.9625701809108,1603,4,0.363018505763324,25.5461432402703,Meta atingida
31055,31055,under5_per_1000,health_region,Under-5 mortality,"per 1,000 live births",25,2015,12.8205128205128,1950,4,-0.707765593450353,5.74624401599908,Meta atingida
31057,31057,under5_per_1000,health_region,Under-5 mortality,"per 1,000 live births",25,2015,13.6291600633914,3155,4,-0.759613786485462,1.08582228243063,Meta atingida
31058,31058,under5_per_1000,health_region,Under-5 mortality,"per 1,000 live births",25,2015,14.7904683648316,3651,4,-0.209713437174516,11.7859781671643,Meta atingida
31059,31059,under5_per_1000,health_region,Under-5 mortality,"per 1,000 live births",25,2015,12.9085987924214,4803,4,-1.28337779262244,0,Meta atingida
31060,31060,under5_per_1000,health_region,Under-5 mortality,"per 1,000 live births",25,2015,11.4185331576636,2277,4,-1.23802336315514,0,Meta atingida
31061,31061,under5_per_1000,health_region,Under-5 mortality,"per 1,000 live births",25,2015,11.038961038961,1540,4,-0.746304667833844,3.76993563110273,Meta atingida
31062,31062,under5_per_1000,health_region,Under-5 mortality,"per 1,000 live births",25,2015,32.0512820512821,780,4,0.669098044060111,44.1435093839702,Fora do caminho
31064,31064,under5_per_1000,health_region,Under-5 mortality,"per 1,000 live births",25,2015,16.8350168350168,891,4,-0.39466098653378,10.1192951016272,Meta atingida
31065,31065,under5_per_1000,health_region,Under-5 mortality,"per 1,000 live births",25,2015,13.6852394916911,1023,4,-0.142927964428676,16.874330561109,Meta atingida
31066,31066,under5_per_1000,health_region,Under-5 mortality,"per 1,000 live births",25,2015,16.2980209545984,859,4,-0.612091838064488,5.61386530353389,Meta atingida
31067,31067,under5_per_1000,health_region,Under-5 mortality,"per 1,000 live births",25,2015,27.1546635182999,847,4,0.179393159486592,28.7089668495331,Fora do caminho
31068,31068,under5_per_1000,health_region,Under-5 mortality,"per 1,000 live births",25,2015,17.8997613365155,838,4,-1.3220870878373,0,Meta atingida
31070,31070,under5_per_1000,health_region,Under-5 mortality,"per 1,000 live births",25,2015,10.9375,2560,4,-0.763481302705472,0,Meta atingida
31071,31071,under5_per_1000,health_region,Under-5 mortality,"per 1,000 live births",25,2015,12.1665886757136,2137,4,-0.631239810844704,1.30243339487697,Meta atingida
31072,31072,under5_per_1000,health_region,Under-5 mortality,"per 1,000 live births",25,2015,12.7491470641049,5569,4,-0.68361040089768,1.00637537546208,Meta atingida
31073,31073,under5_per_1000,health_region,Under-5 mortality,"per 1,000 live births",25,2015,13.4589502018843,2229,4,-0.395005915510376,5.77566413343777,Meta atingida
31074,31074,under5_per_1000,health_region,Under-5 mortality,"per 1,000 live births",25,2015,15.9462861938733,2383,4,-0.40794678362076,8.01195492237264,Meta atingida
31075,31075,under5_per_1000,health_region,Under-5 mortality,"per 1,000 live births",25,2015,10.7042253521127,12425,4,-0.490246982625348,3.16005356664243,Meta atingida
31076,31076,under5_per_1000,health_region,Under-5 mortality,"per 1,000 live births",25,2015,19.9556541019956,902,4,-0.446759615471962,13.2770202141716,Meta atingida
31077,31077,under5_per_1000,health_region,Under-5 mortality,"per 1,000 live births",25,2015,19.5712954333644,1073,4,0.290451207401282,22.2782622002327,Meta atingida
31078,31078,under5_per_1000,health_region,Under-5 mortality,"per 1,000 live births",25,2015,15.6438026474128,1662,4,-0.354189105822578,11.4269702969808,Meta atingida
31079,31079,under5_per_1000,health_region,Under-5 mortality,"per 1,000 live births",25,2015,13.8348465196714,2313,4,-1.46220579027084,0,Meta atingida
31080,31080,under5_per_1000,health_region,Under-5 mortality,"per 1,000 live births",25,2015,8.88888888888889,675,4,-2.01220160575266,0,Meta atingida
31081,31081,under5_per_1000,health_region,Under-5 mortality,"per 1,000 live births",25,2015,8.23045267489712,486,4,-2.11708214905787,0,Meta atingida
31082,31082,under5_per_1000,health_region,Under-5 mortality,"per 1,000 live births",25,2015,13.8674884437596,1298,4,-0.117180487258642,12.9104476439632,Meta atingida
31083,31083,under5_per_1000,health_region,Under-5 mortality,"per 1,000 live births",25,2015,16.4439876670093,973,4,-0.0941734295579041,14.5014246597582,Meta atingida
31084,31084,under5_per_1000,health_region,Under-5 mortality,"per 1,000 live births",25,2015,13.4448760083657,6694,4,-0.656763810324582,2.27575463467679,Meta atingida
31085,31085,under5_per_1000,health_region,Under-5 mortality,"per 1,000 live births",25,2015,12.2306348281887,1717,4,-0.234882652705946,9.71626787530829,Meta atingida
31086,31086,under5_per_1000,health_region,Under-5 mortality,"per 1,000 live births",25,2015,12.086827824371,4054,4,-0.575089296962928,4.1772918161405,Meta atingida
31087,31087,under5_per_1000,health_region,Under-5 mortality,"per 1,000 live births",25,2015,9.59692898272553,1563,4,-0.409475725779436,3.10717478279389,Meta atingida
31088,31088,under5_per_1000,health_region,Under-5 mortality,"per 1,000 live births",25,2015,13.7488542621448,1091,4,-0.860768585343226,0,Meta atingida
31089,31089,under5_per_1000,health_region,Under-5 mortality,"per 1,000 live births",25,2015,13.6852394916911,1023,4,-0.448222382328114,5.18842181271839,Meta atingida
31090,31090,under5_per_1000,health_region,Under-5 mortality,"per 1,000 live births",25,2015,17.8571428571429,728,4,-0.740293104879192,3.92228315925763,Meta atingida
31091,31091,under5_per_1000,health_region,Under-5 mortality,"per 1,000 live births",25,2015,15.3550863723608,521,4,-0.400867451129066,5.98227472641656,Meta atingida
31092,31092,under5_per_1000,health_region,Under-5 mortality,"per 1,000 live births",25,2015,14.002333722287,2571,4,-0.934151570056584,0,Meta atingida
31093,31093,under5_per_1000,health_region,Under-5 mortality,"per 1,000 live births",25,2015,10.0882723833544,793,4,-0.814042944487871,0,Meta atingida
31094,31094,under5_per_1000,health_region,Under-5 mortality,"per 1,000 live births",25,2015,21.021021021021,1998,4,-1.67153179399647,0,Meta atingida
31095,31095,under5_per_1000,health_region,Under-5 mortality,"per 1,000 live births",25,2015,17.4927113702624,686,4,-0.252419568027252,10.4629404458028,Meta atingida
31096,31096,under5_per_1000,health_region,Under-5 mortality,"per 1,000 live births",25,2015,20.7667731629393,626,4,-0.416716715832762,12.4425266979695,Meta atingida
31097,31097,under5_per_1000,health_region,Under-5 mortality,"per 1,000 live births",25,2015,14.0341221794166,7268,4,-0.74288635224332,3.65682582254954,Meta atingida
31098,31098,under5_per_1000,health_region,Under-5 mortality,"per 1,000 live births",25,2015,10.2040816326531,882,4,-0.349428703051654,7.3919322045258,Meta atingida
31099,31099,under5_per_1000,health_region,Under-5 mortality,"per 1,000 live births",25,2015,15.8597662771285,3594,4,0.077624552877396,22.4702208204895,Meta atingida
32001,32001,under5_per_1000,health_region,Under-5 mortality,"per 1,000 live births",25,2015,14.8465852853844,9093,4,-0.569251452502882,4.3213501064381,Meta atingida
32002,32002,under5_per_1000,health_region,Under-5 mortality,"per 1,000 live births",25,2015,12.4731841863316,32630,4,-0.502160693526188,4.31693638094839,Meta atingida
32003,32003,under5_per_1000,health_region,Under-5 mortality,"per 1,000 live births",25,2015,14.2694989460029,6167,4,-0.627191667323046,4.56054800933225,Meta atingida
32004,32004,under5_per_1000,health_region,Under-5 mortality,"per 1,000 live births",25,2015,14.2525687769307,9051,4,-0.826652562390572,0.753385813071418,Meta atingida
33001,33001,under5_per_1000,health_region,Under-5 mortality,"per 1,000 live births",25,2015,13.0638402760661,4057,4,-0.459956762256496,4.76681342303607,Meta atingida
33002,33002,under5_per_1000,health_region,Under-5 mortality,"per 1,000 live births",25,2015,14.3891017454236,11745,4,-0.699722294787384,2.14674887297406,Meta atingida
33003,33003,under5_per_1000,health_region,Under-5 mortality,"per 1,000 live births",25,2015,16.2397072278134,4372,4,-0.530509996436092,6.32965139229054,Meta atingida
33004,33004,under5_per_1000,health_region,Under-5 mortality,"per 1,000 live births",25,2015,9.99913800534437,11601,4,-1.06684603634961,0,Meta atingida
33005,33005,under5_per_1000,health_region,Under-5 mortality,"per 1,000 live births",25,2015,14.6990247957342,147969,4,-0.45937284582308,7.47502961989767,Meta atingida
33006,33006,under5_per_1000,health_region,Under-5 mortality,"per 1,000 live births",25,2015,13.7799860259297,25762,4,-0.316927719628208,9.57352191140728,Meta atingida
33007,33007,under5_per_1000,health_region,Under-5 mortality,"per 1,000 live births",25,2015,13.3524082021936,4194,4,-0.642627351741356,2.56999702731423,Meta atingida
33008,33008,under5_per_1000,health_region,Under-5 mortality,"per 1,000 live births",25,2015,16.3309015460813,14941,4,-0.73547570898705,3.96221665880262,Meta atingida
33009,33009,under5_per_1000,health_region,Under-5 mortality,"per 1,000 live births",25,2015,13.4904510361642,12305,4,-0.681664076501148,3.3092487523445,Meta atingida
35011,35011,under5_per_1000,health_region,Under-5 mortality,"per 1,000 live births",25,2015,12.7493531424756,47924,4,-0.793431471957104,0,Meta atingida
35012,35012,under5_per_1000,health_region,Under-5 mortality,"per 1,000 live births",25,2015,13.9614195886177,9383,4,-0.68967396085916,2.63238357582441,Meta atingida
35013,35013,under5_per_1000,health_region,Under-5 mortality,"per 1,000 live births",25,2015,12.8676470588235,19040,4,-0.562127327537694,3.51665183043974,Meta atingida
35014,35014,under5_per_1000,health_region,Under-5 mortality,"per 1,000 live births",25,2015,12.7955154764806,32824,4,-0.452364472383162,5.13183027157493,Meta atingida
35015,35015,under5_per_1000,health_region,Under-5 mortality,"per 1,000 live births",25,2015,11.5770307362013,36797,4,-0.388555506334572,6.14391168267878,Meta atingida
35016,35016,under5_per_1000,health_region,Under-5 mortality,"per 1,000 live births",25,2015,12.2225814318853,176313,4,-0.413753017424892,5.43436186509575,Meta atingida
35021,35021,under5_per_1000,health_region,Under-5 mortality,"per 1,000 live births",25,2015,14.6328717010713,3827,4,-0.631197374160334,3.18716175809232,Meta atingida
35022,35022,under5_per_1000,health_region,Under-5 mortality,"per 1,000 live births",25,2015,9.58188153310105,2296,4,-0.608490208752711,1.47498993557974,Meta atingida
35023,35023,under5_per_1000,health_region,Under-5 mortality,"per 1,000 live births",25,2015,14.1332564176522,3467,4,-0.265751631816578,11.9311135056794,Meta atingida
35031,35031,under5_per_1000,health_region,Under-5 mortality,"per 1,000 live births",25,2015,12.5368731563422,4068,4,-0.396918049647436,5.05475693871904,Meta atingida
35032,35032,under5_per_1000,health_region,Under-5 mortality,"per 1,000 live births",25,2015,14.5348837209302,1720,4,-0.595771107274676,5.53834425000696,Meta atingida
35033,35033,under5_per_1000,health_region,Under-5 mortality,"per 1,000 live births",25,2015,18.0904522613065,1990,4,-0.139869292194798,14.1786124303165,Meta atingida
35034,35034,under5_per_1000,health_region,Under-5 mortality,"per 1,000 live births",25,2015,11.3523202549293,5021,4,-0.143942754098298,8.43770558779318,Meta atingida
35041,35041,under5_per_1000,health_region,Under-5 mortality,"per 1,000 live births",25,2015,16.2138648317317,25287,4,-0.592097693893468,6.56896281282866,Meta atingida
35051,35051,under5_per_1000,health_region,Under-5 mortality,"per 1,000 live births",25,2015,10.3064822348793,3687,4,-0.936981473113164,0,Meta atingida
35052,35052,under5_per_1000,health_region,Under-5 mortality,"per 1,000 live births",25,2015,13.6908157444381,1753,4,-0.0243388706332082,11.1477990669412,Meta atingida
35061,35061,under5_per_1000,health_region,Under-5 mortality,"per 1,000 live births",25,2015,13.3300419649469,4051,4,-0.485184718184792,5.26942205803721,Meta atingida
35062,35062,under5_per_1000,health_region,Under-5 mortality,"per 1,000 live births",25,2015,13.1610433117971,8358,4,-0.383116124690514,6.74997375042949,Meta atingida
35063,35063,under5_per_1000,health_region,Under-5 mortality,"per 1,000 live births",25,2015,13.695219123506,4016,4,-0.274963864458016,8.76692305315328,Meta atingida
35064,35064,under5_per_1000,health_region,Under-5 mortality,"per 1,000 live births",25,2015,14.9975810353169,4134,4,-0.335506658254102,8.97023641752821,Meta atingida
35065,35065,under5_per_1000,health_region,Under-5 mortality,"per 1,000 live births",25,2015,7.4147305981216,2023,4,-1.13766078755497,0,Meta atingida
35071,35071,under5_per_1000,health_region,Under-5 mortality,"per 1,000 live births",25,2015,13.8978668390433,6188,4,-0.659716417771568,3.83373007738373,Meta atingida
35072,35072,under5_per_1000,health_region,Under-5 mortality,"per 1,000 live births",25,2015,10.0315546554891,42466,4,-0.379139226195258,4.12202020996688,Meta atingida
35073,35073,under5_per_1000,health_region,Under-5 mortality,"per 1,000 live births",25,2015,10.6329113924051,11850,4,-0.423719882825008,4.33362284555767,Meta atingida
35074,35074,under5_per_1000,health_region,Under-5 mortality,"per 1,000 live births",25,2015,6.15384615384615,1625,4,-0.703412317838997,0,Meta atingida
35081,35081,under5_per_1000,health_region,Under-5 mortality,"per 1,000 live births",25,2015,11.0412773908612,5887,4,-0.656117672763088,0.341129277360778,Meta atingida
35082,35082,under5_per_1000,health_region,Under-5 mortality,"per 1,000 live births",25,2015,9.67906265919511,1963,4,-0.886698129499362,0,Meta atingida
35083,35083,under5_per_1000,health_region,Under-5 mortality,"per 1,000 live births",25,2015,19.3850267379679,1496,4,-0.459875108606419,7.4620447723637,Meta atingida
35091,35091,under5_per_1000,health_region,Under-5 mortality,"per 1,000 live births",25,2015,13.9230139230139,1221,4,-0.436836690525917,5.16882252187884,Meta atingida
35092,35092,under5_per_1000,health_region,Under-5 mortality,"per 1,000 live births",25,2015,9.10273081924577,3076,4,-0.519718153592328,1.63119874871313,Meta atingida
35093,35093,under5_per_1000,health_region,Under-5 mortality,"per 1,000 live births",25,2015,12.9310344827586,4872,4,-0.554520269039608,3.18734142782455,Meta atingida
35094,35094,under5_per_1000,health_region,Under-5 mortality,"per 1,000 live births",25,2015,10.9452736318408,3015,4,-0.463435587381574,3.13141058962356,Meta atingida
35095,35095,under5_per_1000,health_region,Under-5 mortality,"per 1,000 live births",25,2015,13.8190954773869,1592,4,-0.44524607415517,7.14279621552828,Meta atingida
35101,35101,under5_per_1000,health_region,Under-5 mortality,"per 1,000 live births",25,2015,11.2118320610687,4192,4,-0.436772639485828,4.21770189867948,Meta atingida
35102,35102,under5_per_1000,health_region,Under-5 mortality,"per 1,000 live births",25,2015,10.832769126608,4431,4,-0.28431825519408,7.45767588820581,Meta atingida
35103,35103,under5_per_1000,health_region,Under-5 mortality,"per 1,000 live births",25,2015,13.2941326856705,7823,4,-0.289503491645938,8.47409876375548,Meta atingida
35104,35104,under5_per_1000,health_region,Under-5 mortality,"per 1,000 live births",25,2015,8.80655936835712,3293,4,-0.345630679039199,5.76758913318167,Meta atingida
35111,35111,under5_per_1000,health_region,Under-5 mortality,"per 1,000 live births",25,2015,11.3636363636364,1584,4,-0.598478975509482,3.43402278991266,Meta atingida
35112,35112,under5_per_1000,health_region,Under-5 mortality,"per 1,000 live births",25,2015,9.08037094281298,5176,4,-0.702767213389605,0,Meta atingida
35113,35113,under5_per_1000,health_region,Under-5 mortality,"per 1,000 live births",25,2015,15.2284263959391,788,4,-0.543671973102568,8.15569676042105,Meta atingida
35114,35114,under5_per_1000,health_region,Under-5 mortality,"per 1,000 live births",25,2015,14.6252285191956,1094,4,-0.464916622225184,7.40012508818688,Meta atingida
35115,35115,under5_per_1000,health_region,Under-5 mortality,"per 1,000 live births",25,2015,14.6750524109015,954,4,-0.67468141237649,3.60552347303155,Meta atingida
35121,35121,under5_per_1000,health_region,Under-5 mortality,"per 1,000 live births",25,2015,12.1370775821038,4202,4,-0.70465377175861,1.52257232526017,Meta atingida
35131,35131,under5_per_1000,health_region,Under-5 mortality,"per 1,000 live births",25,2015,10.9850531244372,5553,4,-0.413435481997732,4.42598142235966,Meta atingida
35132,35132,under5_per_1000,health_region,Under-5 mortality,"per 1,000 live births",25,2015,10.2995451034246,11651,4,-0.429838950193646,2.9969920277282,Meta atingida
35133,35133,under5_per_1000,health_region,Under-5 mortality,"per 1,000 live births",25,2015,13.8328530259366,1735,4,-0.31546024539359,9.31441217020324,Meta atingida
35141,35141,under5_per_1000,health_region,Under-5 mortality,"per 1,000 live births",25,2015,9.78053435114504,4192,4,-0.338920819818826,5.1579464206211,Meta atingida
35142,35142,under5_per_1000,health_region,Under-5 mortality,"per 1,000 live births",25,2015,13.6695018226002,3292,4,-0.702601842466782,1.35276804654973,Meta atingida
35143,35143,under5_per_1000,health_region,Under-5 mortality,"per 1,000 live births",25,2015,8.70253164556962,2528,4,-1.0970562196638,0,Meta atingida
35151,35151,under5_per_1000,health_region,Under-5 mortality,"per 1,000 live births",25,2015,11.4942528735632,3567,4,-0.0945006750678177,9.58220190292127,Meta atingida
35152,35152,under5_per_1000,health_region,Under-5 mortality,"per 1,000 live births",25,2015,11.744966442953,596,4,0.343516879127417,19.0245495264027,Meta atingida
35153,35153,under5_per_1000,health_region,Under-5 mortality,"per 1,000 live births",25,2015,18.0995475113122,1105,4,-0.10694473613312,13.8317603358556,Meta atingida
35154,35154,under5_per_1000,health_region,Under-5 mortality,"per 1,000 live births",25,2015,6.49350649350649,1386,4,-0.800604599611833,0,Meta atingida
35155,35155,under5_per_1000,health_region,Under-5 mortality,"per 1,000 live births",25,2015,10.0281690140845,8875,4,-0.321634823734289,4.49228781771728,Meta atingida
35156,35156,under5_per_1000,health_region,Under-5 mortality,"per 1,000 live births",25,2015,11.6569525395504,1201,4,-0.378683090438142,6.17060033020289,Meta atingida
35157,35157,under5_per_1000,health_region,Under-5 mortality,"per 1,000 live births",25,2015,6.96257615317668,2298,4,-0.356444770154726,4.80181135007774,Meta atingida
35161,35161,under5_per_1000,health_region,Under-5 mortality,"per 1,000 live births",25,2015,12.6544588357898,6717,4,-0.686246362432388,1.37879371356757,Meta atingida
35162,35162,under5_per_1000,health_region,Under-5 mortality,"per 1,000 live births",25,2015,18.2532347504621,4328,4,-1.2721889642708,0,Meta atingida
35163,35163,under5_per_1000,health_region,Under-5 mortality,"per 1,000 live births",25,2015,12.438121386081,24039,4,-0.474881396679934,5.30051889672063,Meta atingida
35171,35171,under5_per_1000,health_region,Under-5 mortality,"per 1,000 live births",25,2015,13.3271449409893,15082,4,-0.341362972565768,6.74229359552658,Meta atingida
35172,35172,under5_per_1000,health_region,Under-5 mortality,"per 1,000 live births",25,2015,10.0233879051119,5986,4,-0.921851824629016,0,Meta atingida
35173,35173,under5_per_1000,health_region,Under-5 mortality,"per 1,000 live births",25,2015,9.75411501727291,4921,4,-0.832644032124827,0,Meta atingida
35174,35174,under5_per_1000,health_region,Under-5 mortality,"per 1,000 live births",25,2015,10.8563064161991,8198,4,-0.446615563987578,5.50272443737208,Meta atingida
41001,41001,under5_per_1000,health_region,Under-5 mortality,"per 1,000 live births",25,2015,10.1055468223669,4453,4,-1.10933164949726,0,Meta atingida
41002,41002,under5_per_1000,health_region,Under-5 mortality,"per 1,000 live births",25,2015,11.1319043852372,51833,4,-0.689569660308226,0,Meta atingida
41003,41003,under5_per_1000,health_region,Under-5 mortality,"per 1,000 live births",25,2015,14.3284197505412,9701,4,-0.846312058765826,0.331576034037198,Meta atingida
41004,41004,under5_per_1000,health_region,Under-5 mortality,"per 1,000 live births",25,2015,11.3924050632911,2370,4,-1.38674580847467,0,Meta atingida
41005,41005,under5_per_1000,health_region,Under-5 mortality,"per 1,000 live births",25,2015,16.3753956240539,7267,4,-1.11974403521357,0,Meta atingida
41006,41006,under5_per_1000,health_region,Under-5 mortality,"per 1,000 live births",25,2015,14.2800476001587,2521,4,-0.879219301791774,0,Meta atingida
41007,41007,under5_per_1000,health_region,Under-5 mortality,"per 1,000 live births",25,2015,15.1333173192409,4163,4,-0.620250814544334,4.15629694072186,Meta atingida
41008,41008,under5_per_1000,health_region,Under-5 mortality,"per 1,000 live births",25,2015,8.96206752813672,4798,4,-0.731667768067859,0,Meta atingida
41009,41009,under5_per_1000,health_region,Under-5 mortality,"per 1,000 live births",25,2015,16.1165349449868,6453,4,-0.470255737444542,6.49975690410861,Meta atingida
41010,41010,under5_per_1000,health_region,Under-5 mortality,"per 1,000 live births",25,2015,11.8690654672664,8004,4,-0.55722816043018,2.29826534149788,Meta atingida
41011,41011,under5_per_1000,health_region,Under-5 mortality,"per 1,000 live births",25,2015,16.1652447238437,4454,4,-0.35572037283665,9.53942099600351,Meta atingida
41012,41012,under5_per_1000,health_region,Under-5 mortality,"per 1,000 live births",25,2015,16.7890870933893,3812,4,-0.44603350837809,7.09088375548265,Meta atingida
41013,41013,under5_per_1000,health_region,Under-5 mortality,"per 1,000 live births",25,2015,9.38526513374003,2131,4,-0.450218969247922,3.63363711421312,Meta atingida
41014,41014,under5_per_1000,health_region,Under-5 mortality,"per 1,000 live births",25,2015,9.60539979231568,3852,4,-0.745533180414431,0,Meta atingida
41015,41015,under5_per_1000,health_region,Under-5 mortality,"per 1,000 live births",25,2015,11.3813675998164,10895,4,-0.251374730503316,6.86767335109374,Meta atingida
41016,41016,under5_per_1000,health_region,Under-5 mortality,"per 1,000 live births",25,2015,14.9253731343284,5159,4,-0.672054399976354,3.29204559709206,Meta atingida
41017,41017,under5_per_1000,health_region,Under-5 mortality,"per 1,000 live births",25,2015,11.3445713829192,12517,4,-0.403123030999248,4.8685576476189,Meta atingida
41018,41018,under5_per_1000,health_region,Under-5 mortality,"per 1,000 live births",25,2015,13.3661625043968,2843,4,-0.55471409648475,4.50079314579625,Meta atingida
41019,41019,under5_per_1000,health_region,Under-5 mortality,"per 1,000 live births",25,2015,11.3759479956663,3692,4,-1.15828429598465,0,Meta atingida
41020,41020,under5_per_1000,health_region,Under-5 mortality,"per 1,000 live births",25,2015,12.4954726548352,5522,4,-0.610074885883262,1.45991508135717,Meta atingida
41021,41021,under5_per_1000,health_region,Under-5 mortality,"per 1,000 live births",25,2015,12.7830533235939,2738,4,-0.808610915431676,3.87232577518626,Meta atingida
41022,41022,under5_per_1000,health_region,Under-5 mortality,"per 1,000 live births",25,2015,13.5746606334842,1768,4,-0.402424667796156,7.57184576800671,Meta atingida
42001,42001,under5_per_1000,health_region,Under-5 mortality,"per 1,000 live births",25,2015,11.443958263211,2971,4,-0.560091107690276,2.97640179437144,Meta atingida
42002,42002,under5_per_1000,health_region,Under-5 mortality,"per 1,000 live births",25,2015,11.6279069767442,5160,4,-0.458445551801794,3.40794420638031,Meta atingida
42003,42003,under5_per_1000,health_region,Under-5 mortality,"per 1,000 live births",25,2015,12.7474002012747,2981,4,-0.93526338669285,0,Meta atingida
42004,42004,under5_per_1000,health_region,Under-5 mortality,"per 1,000 live births",25,2015,12.3609394313968,4045,4,-0.421189608181766,6.24707740036729,Meta atingida
42005,42005,under5_per_1000,health_region,Under-5 mortality,"per 1,000 live births",25,2015,13.2717830351991,10398,4,-0.406062176801688,4.86192381114199,Meta atingida
42006,42006,under5_per_1000,health_region,Under-5 mortality,"per 1,000 live births",25,2015,12.105047189167,9748,4,0.0187133208524741,12.2836468297975,Meta atingida
42007,42007,under5_per_1000,health_region,Under-5 mortality,"per 1,000 live births",25,2015,8.90713834491472,15830,4,-0.434586737731595,2.01894748100437,Meta atingida
42008,42008,under5_per_1000,health_region,Under-5 mortality,"per 1,000 live births",25,2015,13.2450331125828,2567,4,-0.827700261970972,0,Meta atingida
42009,42009,under5_per_1000,health_region,Under-5 mortality,"per 1,000 live births",25,2015,10.2678571428571,4480,4,-0.94813737020033,0,Meta atingida
42010,42010,under5_per_1000,health_region,Under-5 mortality,"per 1,000 live births",25,2015,7.46666666666667,1875,4,-0.74557002729623,0,Meta atingida
42011,42011,under5_per_1000,health_region,Under-5 mortality,"per 1,000 live births",25,2015,10.3464706282758,14691,4,-0.212294649982546,6.69617306495746,Meta atingida
42012,42012,under5_per_1000,health_region,Under-5 mortality,"per 1,000 live births",25,2015,10.4147294030128,5377,4,-1.0277461973842,0,Meta atingida
42013,42013,under5_per_1000,health_region,Under-5 mortality,"per 1,000 live births",25,2015,16.4609053497942,4131,4,-0.516170899707214,9.7113975657951,Meta atingida
42014,42014,under5_per_1000,health_region,Under-5 mortality,"per 1,000 live births",25,2015,12.7857419604804,2581,4,-0.27507134562447,7.41139984935069,Meta atingida
42015,42015,under5_per_1000,health_region,Under-5 mortality,"per 1,000 live births",25,2015,11.3969953375928,5791,4,-0.306365482745254,6.91726509572527,Meta atingida
42016,42016,under5_per_1000,health_region,Under-5 mortality,"per 1,000 live births",25,2015,12.1871599564744,4595,4,-0.4121647275252,5.05317871537807,Meta atingida
43001,43001,under5_per_1000,health_region,Under-5 mortality,"per 1,000 live births",25,2015,8.41300191204589,5230,4,-0.545891868124953,1.29381019733023,Meta atingida
43002,43002,under5_per_1000,health_region,Under-5 mortality,"per 1,000 live births",25,2015,11.2866817155756,1329,4,-0.778431426057086,0,Meta atingida
43003,43003,under5_per_1000,health_region,Under-5 mortality,"per 1,000 live births",25,2015,12.5431169645657,6378,4,-0.8971516951084,0,Meta atingida
43004,43004,under5_per_1000,health_region,Under-5 mortality,"per 1,000 live births",25,2015,7.78546712802768,2312,4,-0.302465764467709,4.91711249309219,Meta atingida
43005,43005,under5_per_1000,health_region,Under-5 mortality,"per 1,000 live births",25,2015,13.6212624584718,3010,4,-0.401936458774362,6.19888938051031,Meta atingida
43006,43006,under5_per_1000,health_region,Under-5 mortality,"per 1,000 live births",25,2015,10.0874243443174,2974,4,-0.56031295818373,1.8620345767149,Meta atingida
43007,43007,under5_per_1000,health_region,Under-5 mortality,"per 1,000 live births",25,2015,12.5089992800576,11112,4,-0.188913339004032,9.34614993128866,Meta atingida
43008,43008,under5_per_1000,health_region,Under-5 mortality,"per 1,000 live births",25,2015,12.7055956835785,11491,4,-0.327707418769316,6.49476861490189,Meta atingida
43009,43009,under5_per_1000,health_region,Under-5 mortality,"per 1,000 live births",25,2015,12.1786197564276,5173,4,-0.346745997467587,5.67589521396383,Meta atingida
43010,43010,under5_per_1000,health_region,Under-5 mortality,"per 1,000 live births",25,2015,10.8755760368664,32550,4,-0.422004030161232,4.32997021241135,Meta atingida
43011,43011,under5_per_1000,health_region,Under-5 mortality,"per 1,000 live births",25,2015,10.2100350058343,3428,4,-0.42448552169693,4.91662328602968,Meta atingida
43012,43012,under5_per_1000,health_region,Under-5 mortality,"per 1,000 live births",25,2015,12.1951219512195,1968,4,-0.753060771091619,0,Meta atingida
43013,43013,under5_per_1000,health_region,Under-5 mortality,"per 1,000 live births",25,2015,12.4309392265193,2896,4,-0.191834637459362,8.92696861267956,Meta atingida
43014,43014,under5_per_1000,health_region,Under-5 mortality,"per 1,000 live births",25,2015,15.9878188047202,2627,4,-0.0493304313142239,14.3609740422119,Meta atingida
43015,43015,under5_per_1000,health_region,Under-5 mortality,"per 1,000 live births",25,2015,7.53453327752198,2389,4,-0.669669123607913,0,Meta atingida
43016,43016,under5_per_1000,health_region,Under-5 mortality,"per 1,000 live births",25,2015,11.7647058823529,2805,4,-0.100858672983312,11.8260515892192,Meta atingida
43017,43017,under5_per_1000,health_region,Under-5 mortality,"per 1,000 live births",25,2015,12.1602288984263,5592,4,-0.611601896580275,0.68036573644531,Meta atingida
43018,43018,under5_per_1000,health_region,Under-5 mortality,"per 1,000 live births",25,2015,13.5052179251074,1629,4,-0.4643879289785,4.61022599451746,Meta atingida
43019,43019,under5_per_1000,health_region,Under-5 mortality,"per 1,000 live births",25,2015,11.9940029985007,1334,4,-0.341156408704814,9.87886833872312,Meta atingida
43020,43020,under5_per_1000,health_region,Under-5 mortality,"per 1,000 live births",25,2015,7.93280447970135,2143,4,-0.686127224079691,0,Meta atingida
43021,43021,under5_per_1000,health_region,Under-5 mortality,"per 1,000 live births",25,2015,15.180265654649,11067,4,-0.448042606935062,8.05139464792501,Meta atingida
43022,43022,under5_per_1000,health_region,Under-5 mortality,"per 1,000 live births",25,2015,14.9750415973378,2404,4,-0.586885336792518,3.49182006416368,Meta atingida
43023,43023,under5_per_1000,health_region,Under-5 mortality,"per 1,000 live births",25,2015,10.7513593672763,8092,4,-0.254903244606092,8.35856162962546,Meta atingida
43024,43024,under5_per_1000,health_region,Under-5 mortality,"per 1,000 live births",25,2015,10.7023411371237,1495,4,-0.286495135158768,11.3769922034335,Meta atingida
43025,43025,under5_per_1000,health_region,Under-5 mortality,"per 1,000 live births",25,2015,10.1801096319499,3831,4,0.150893275238043,13.4293341945558,Meta atingida
43026,43026,under5_per_1000,health_region,Under-5 mortality,"per 1,000 live births",25,2015,9.20245398773006,2282,4,-0.385397043587068,3.20958942711854,Meta atingida
43027,43027,under5_per_1000,health_region,Under-5 mortality,"per 1,000 live births",25,2015,13.2945575405069,2407,4,-0.252224779383566,9.30221758013568,Meta atingida
43028,43028,under5_per_1000,health_region,Under-5 mortality,"per 1,000 live births",25,2015,10.9675846941262,4103,4,-0.72115271378603,0,Meta atingida
43029,43029,under5_per_1000,health_region,Under-5 mortality,"per 1,000 live births",25,2015,12.0436582611968,2657,4,-0.241075307049982,7.98934524325006,Meta atingida
43030,43030,under5_per_1000,health_region,Under-5 mortality,"per 1,000 live births",25,2015,10.2967898243489,1651,4,-0.495951354370926,1.48714431870962,Meta atingida
50001,50001,under5_per_1000,health_region,Under-5 mortality,"per 1,000 live births",25,2015,12.3263962176538,23689,4,-0.656456462429042,2.85699641828046,Meta atingida
50002,50002,under5_per_1000,health_region,Under-5 mortality,"per 1,000 live births",25,2015,22.1748400852879,2345,4,-1.1350261509467,1.33590595425585,Meta atingida
50003,50003,under5_per_1000,health_region,Under-5 mortality,"per 1,000 live births",25,2015,16.1464715634686,13873,4,-1.4563438945515,0,Meta atingida
50004,50004,under5_per_1000,health_region,Under-5 mortality,"per 1,000 live births",25,2015,14.6399055489965,4235,4,-0.935812717117416,0,Meta atingida
51001,51001,under5_per_1000,health_region,Under-5 mortality,"per 1,000 live births",25,2015,19.9376947040498,1605,4,-0.839204175618254,3.95229863460168,Meta atingida
51002,51002,under5_per_1000,health_region,Under-5 mortality,"per 1,000 live births",25,2015,16.7220182951698,17163,4,-0.72316303299165,4.4802345451194,Meta atingida
51003,51003,under5_per_1000,health_region,Under-5 mortality,"per 1,000 live births",25,2015,12.2549019607843,1224,4,-1.54305606261292,0,Meta atingida
51004,51004,under5_per_1000,health_region,Under-5 mortality,"per 1,000 live births",25,2015,18.9228529839884,1374,4,-1.23060961619512,0,Meta atingida
51005,51005,under5_per_1000,health_region,Under-5 mortality,"per 1,000 live births",25,2015,33.1034482758621,2175,4,0.460197580248808,51.3666425624034,Fora do caminho
51006,51006,under5_per_1000,health_region,Under-5 mortality,"per 1,000 live births",25,2015,34.7874102705688,1811,4,-0.131075483358922,30.0241138265432,Fora do caminho
51007,51007,under5_per_1000,health_region,Under-5 mortality,"per 1,000 live births",25,2015,19.9030364889002,3919,4,-0.543723165967348,8.51598501800459,Meta atingida
51008,51008,under5_per_1000,health_region,Under-5 mortality,"per 1,000 live births",25,2015,15.748031496063,2159,4,-0.436499429833116,10.8677989398814,Meta atingida
51009,51009,under5_per_1000,health_region,Under-5 mortality,"per 1,000 live births",25,2015,21.2765957446809,235,4,0.793177685587346,37.6076850289323,Meta atingida
51010,51010,under5_per_1000,health_region,Under-5 mortality,"per 1,000 live births",25,2015,9.64066608238387,1141,4,-1.36627131186986,0,Meta atingida
51011,51011,under5_per_1000,health_region,Under-5 mortality,"per 1,000 live births",25,2015,13.9655732380643,3079,4,-0.89692042324071,0,Meta atingida
51012,51012,under5_per_1000,health_region,Under-5 mortality,"per 1,000 live births",25,2015,20.3562340966921,1965,4,-0.25683270118528,16.0766114562749,Meta atingida
51013,51013,under5_per_1000,health_region,Under-5 mortality,"per 1,000 live births",25,2015,14.1843971631206,8742,4,-0.691495659628675,2.44541021417081,Meta atingida
51014,51014,under5_per_1000,health_region,Under-5 mortality,"per 1,000 live births",25,2015,11.9922630560928,7755,4,-0.566005931671364,3.33410799516946,Meta atingida
51015,51015,under5_per_1000,health_region,Under-5 mortality,"per 1,000 live births",25,2015,17.3102529960053,1502,4,-0.750193374112688,4.78422230559909,Meta atingida
51016,51016,under5_per_1000,health_region,Under-5 mortality,"per 1,000 live births",25,2015,13.38199513382,822,4,-0.316760877760296,11.1739386959846,Meta atingida
52001,52001,under5_per_1000,health_region,Under-5 mortality,"per 1,000 live births",25,2015,12.3417609929828,28359,4,-0.36618208471209,7.40465461053395,Meta atingida
52002,52002,under5_per_1000,health_region,Under-5 mortality,"per 1,000 live births",25,2015,16.1676212571594,13793,4,-0.163579834558222,13.3886753031689,Meta atingida
52003,52003,under5_per_1000,health_region,Under-5 mortality,"per 1,000 live births",25,2015,12.5523012552301,4063,4,-0.436916112876801,7.72205619047361,Meta atingida
52004,52004,under5_per_1000,health_region,Under-5 mortality,"per 1,000 live births",25,2015,12.7049785788152,13538,4,-0.431378761962298,6.04023107415719,Meta atingida
52005,52005,under5_per_1000,health_region,Under-5 mortality,"per 1,000 live births",25,2015,14.4135188866799,4024,4,-0.33636183876962,8.68289498764602,Meta atingida
52006,52006,under5_per_1000,health_region,Under-5 mortality,"per 1,000 live births",25,2015,9.25925925925926,756,4,0.056130853581118,15.7051690790118,Meta atingida
52007,52007,under5_per_1000,health_region,Under-5 mortality,"per 1,000 live births",25,2015,18.1311018131102,1434,4,-0.00830215936871187,15.8947975553708,Meta atingida
52008,52008,under5_per_1000,health_region,Under-5 mortality,"per 1,000 live births",25,2015,17.2676485525648,1969,4,-0.0307353305146136,14.6619348084394,Meta atingida
52009,52009,under5_per_1000,health_region,Under-5 mortality,"per 1,000 live births",25,2015,17.3160173160173,1386,4,-0.238504897025964,12.3043895367045,Meta atingida
52010,52010,under5_per_1000,health_region,Under-5 mortality,"per 1,000 live births",25,2015,15.0489089541008,1329,4,0.0411196804576822,15.0348087189077,Meta atingida
52011,52011,under5_per_1000,health_region,Under-5 mortality,"per 1,000 live births",25,2015,12.625,8000,4,-0.726334783724386,1.71938568093606,Meta atingida
52012,52012,under5_per_1000,health_region,Under-5 mortality,"per 1,000 live births",25,2015,10.6382978723404,2538,4,-0.594292665508354,2.40208716160555,Meta atingida
52013,52013,under5_per_1000,health_region,Under-5 mortality,"per 1,000 live births",25,2015,15.8946412352407,2202,4,0.272955352792218,19.6003262641767,Meta atingida
52014,52014,under5_per_1000,health_region,Under-5 mortality,"per 1,000 live births",25,2015,20.4460966542751,1614,4,-0.197343385451631,13.2014389877822,Meta atingida
52015,52015,under5_per_1000,health_region,Under-5 mortality,"per 1,000 live births",25,2015,16.4035902197462,6462,4,-0.33947161120872,9.86236476645934,Meta atingida
52016,52016,under5_per_1000,health_region,Under-5 mortality,"per 1,000 live births",25,2015,17.725258493353,3385,4,0.29224170337401,23.9869139307986,Meta atingida
52017,52017,under5_per_1000,health_region,Under-5 mortality,"per 1,000 live births",25,2015,15.2896206997942,3401,4,-0.105597153839056,13.7391286948171,Meta atingida
52018,52018,under5_per_1000,health_region,Under-5 mortality,"per 1,000 live births",25,2015,14.0845070422535,2414,4,-0.13505638555522,12.0091827728438,Meta atingida
53001,53001,under5_per_1000,health_region,Under-5 mortality,"per 1,000 live births",25,2015,12.1850743679806,46122,4,-0.313657620351982,7.67580593385435,Meta atingida
